-- phpMyAdmin SQL Dump
-- version 5.0.2
-- https://www.phpmyadmin.net/
--
-- Servidor: 127.0.0.1:3307
-- Tiempo de generaci贸n: 15-08-2021 a las 13:46:00
-- Versi贸n del servidor: 10.4.13-MariaDB
-- Versi贸n de PHP: 7.3.21

SET SQL_MODE = "NO_AUTO_VALUE_ON_ZERO";
START TRANSACTION;
SET time_zone = "+00:00";


/*!40101 SET @OLD_CHARACTER_SET_CLIENT=@@CHARACTER_SET_CLIENT */;
/*!40101 SET @OLD_CHARACTER_SET_RESULTS=@@CHARACTER_SET_RESULTS */;
/*!40101 SET @OLD_COLLATION_CONNECTION=@@COLLATION_CONNECTION */;
/*!40101 SET NAMES utf8mb4 */;

--
-- Base de datos: `ecommerce`
--

-- --------------------------------------------------------

--
-- Estructura de tabla para la tabla `brands`
--

DROP TABLE IF EXISTS `brands`;
CREATE TABLE IF NOT EXISTS `brands` (
  `id` bigint(20) UNSIGNED NOT NULL AUTO_INCREMENT,
  `name` varchar(191) COLLATE utf8_unicode_ci NOT NULL,
  `created_at` timestamp NULL DEFAULT NULL,
  `updated_at` timestamp NULL DEFAULT NULL,
  PRIMARY KEY (`id`)
) ENGINE=InnoDB AUTO_INCREMENT=21 DEFAULT CHARSET=utf8 COLLATE=utf8_unicode_ci;

--
-- Volcado de datos para la tabla `brands`
--

INSERT INTO `brands` (`id`, `name`, `created_at`, `updated_at`) VALUES
(1, 'quaerat', '2021-08-12 04:01:42', '2021-08-12 04:01:42'),
(2, 'harum', '2021-08-12 04:01:42', '2021-08-12 04:01:42'),
(3, 'consequuntur', '2021-08-12 04:01:42', '2021-08-12 04:01:42'),
(4, 'ad', '2021-08-12 04:01:42', '2021-08-12 04:01:42'),
(5, 'tempora', '2021-08-12 04:01:44', '2021-08-12 04:01:44'),
(6, 'expedita', '2021-08-12 04:01:44', '2021-08-12 04:01:44'),
(7, 'voluptatem', '2021-08-12 04:01:44', '2021-08-12 04:01:44'),
(8, 'quod', '2021-08-12 04:01:44', '2021-08-12 04:01:44'),
(9, 'repudiandae', '2021-08-12 04:01:47', '2021-08-12 04:01:47'),
(10, 'quae', '2021-08-12 04:01:47', '2021-08-12 04:01:47'),
(11, 'molestiae', '2021-08-12 04:01:47', '2021-08-12 04:01:47'),
(12, 'debitis', '2021-08-12 04:01:47', '2021-08-12 04:01:47'),
(13, 'corporis', '2021-08-12 04:01:48', '2021-08-12 04:01:48'),
(14, 'iure', '2021-08-12 04:01:48', '2021-08-12 04:01:48'),
(15, 'quae', '2021-08-12 04:01:48', '2021-08-12 04:01:48'),
(16, 'nisi', '2021-08-12 04:01:48', '2021-08-12 04:01:48'),
(17, 'sed', '2021-08-12 04:01:52', '2021-08-12 04:01:52'),
(18, 'eum', '2021-08-12 04:01:52', '2021-08-12 04:01:52'),
(19, 'ratione', '2021-08-12 04:01:52', '2021-08-12 04:01:52'),
(20, 'ea', '2021-08-12 04:01:52', '2021-08-12 04:01:52');

-- --------------------------------------------------------

--
-- Estructura de tabla para la tabla `brand_category`
--

DROP TABLE IF EXISTS `brand_category`;
CREATE TABLE IF NOT EXISTS `brand_category` (
  `id` bigint(20) UNSIGNED NOT NULL AUTO_INCREMENT,
  `brand_id` bigint(20) UNSIGNED NOT NULL,
  `category_id` bigint(20) UNSIGNED NOT NULL,
  `created_at` timestamp NULL DEFAULT NULL,
  `updated_at` timestamp NULL DEFAULT NULL,
  PRIMARY KEY (`id`),
  KEY `brand_category_brand_id_foreign` (`brand_id`),
  KEY `brand_category_category_id_foreign` (`category_id`)
) ENGINE=InnoDB AUTO_INCREMENT=24 DEFAULT CHARSET=utf8 COLLATE=utf8_unicode_ci;

--
-- Volcado de datos para la tabla `brand_category`
--

INSERT INTO `brand_category` (`id`, `brand_id`, `category_id`, `created_at`, `updated_at`) VALUES
(1, 1, 1, NULL, NULL),
(2, 2, 1, NULL, NULL),
(3, 3, 1, NULL, NULL),
(4, 4, 1, NULL, NULL),
(5, 5, 2, NULL, NULL),
(6, 6, 2, NULL, NULL),
(7, 7, 2, NULL, NULL),
(8, 8, 2, NULL, NULL),
(9, 9, 3, NULL, NULL),
(10, 10, 3, NULL, NULL),
(11, 11, 3, NULL, NULL),
(12, 12, 3, NULL, NULL),
(13, 13, 4, NULL, NULL),
(14, 14, 4, NULL, NULL),
(15, 15, 4, NULL, NULL),
(16, 16, 4, NULL, NULL),
(17, 17, 5, NULL, NULL),
(18, 18, 5, NULL, NULL),
(19, 19, 5, NULL, NULL),
(20, 20, 5, NULL, NULL);

-- --------------------------------------------------------

--
-- Estructura de tabla para la tabla `categories`
--

DROP TABLE IF EXISTS `categories`;
CREATE TABLE IF NOT EXISTS `categories` (
  `id` bigint(20) UNSIGNED NOT NULL AUTO_INCREMENT,
  `name` varchar(191) COLLATE utf8_unicode_ci NOT NULL,
  `slug` varchar(191) COLLATE utf8_unicode_ci NOT NULL,
  `icon` varchar(191) COLLATE utf8_unicode_ci NOT NULL,
  `image` varchar(191) COLLATE utf8_unicode_ci NOT NULL,
  `created_at` timestamp NULL DEFAULT NULL,
  `updated_at` timestamp NULL DEFAULT NULL,
  PRIMARY KEY (`id`)
) ENGINE=InnoDB AUTO_INCREMENT=7 DEFAULT CHARSET=utf8 COLLATE=utf8_unicode_ci;

--
-- Volcado de datos para la tabla `categories`
--

INSERT INTO `categories` (`id`, `name`, `slug`, `icon`, `image`, `created_at`, `updated_at`) VALUES
(1, 'Celulares y tablets', 'celulares-y-tablets', '<i class=\"fas fa-mobile-alt\"></i>', 'categories/f56547a542ea8ca7ff85b0cdc7bcc602.png', '2021-08-12 04:01:42', '2021-08-12 04:01:42'),
(2, 'TV, audio y video', 'tv-audio-y-video', '<i class=\"fas fa-tv\"></i>', 'categories/5ef9677d17820c96329e573258743116.png', '2021-08-12 04:01:44', '2021-08-12 04:01:44'),
(3, 'Consola y videojuegos', 'consola-y-videojuegos', '<i class=\"fas fa-gamepad\"></i>', 'categories/693dd87df59c44581b9b4029c103c17f.png', '2021-08-12 04:01:47', '2021-08-12 04:01:47'),
(4, 'Computaci贸n', 'computacion', '<i class=\"fas fa-laptop\"></i>', 'categories/1f139cac30c0d756f5e029f543f39ab9.png', '2021-08-12 04:01:48', '2021-08-12 04:01:48'),
(5, 'Moda', 'moda', '<i class=\"fas fa-tshirt\"></i>', 'categories/42a025f31ae433415afba05941fc1e3e.png', '2021-08-12 04:01:52', '2021-08-12 04:01:52');

-- --------------------------------------------------------

--
-- Estructura de tabla para la tabla `cities`
--

DROP TABLE IF EXISTS `cities`;
CREATE TABLE IF NOT EXISTS `cities` (
  `id` bigint(20) UNSIGNED NOT NULL AUTO_INCREMENT,
  `name` varchar(191) COLLATE utf8_unicode_ci NOT NULL,
  `cost` double(8,2) NOT NULL,
  `department_id` bigint(20) UNSIGNED NOT NULL,
  `created_at` timestamp NULL DEFAULT NULL,
  `updated_at` timestamp NULL DEFAULT NULL,
  PRIMARY KEY (`id`),
  KEY `cities_department_id_foreign` (`department_id`)
) ENGINE=InnoDB AUTO_INCREMENT=65 DEFAULT CHARSET=utf8 COLLATE=utf8_unicode_ci;

--
-- Volcado de datos para la tabla `cities`
--

INSERT INTO `cities` (`id`, `name`, `cost`, `department_id`, `created_at`, `updated_at`) VALUES
(1, 'magnam', 15.00, 1, '2021-08-12 04:39:22', '2021-08-12 04:39:22'),
(2, 'reiciendis', 15.00, 1, '2021-08-12 04:39:22', '2021-08-12 04:39:22'),
(3, 'quaerat', 10.00, 1, '2021-08-12 04:39:22', '2021-08-12 04:39:22'),
(4, 'expedita', 15.00, 1, '2021-08-12 04:39:22', '2021-08-12 04:39:22'),
(5, 'repudiandae', 5.00, 1, '2021-08-12 04:39:22', '2021-08-12 04:39:22'),
(6, 'ut', 10.00, 1, '2021-08-12 04:39:22', '2021-08-12 04:39:22'),
(7, 'culpa', 15.00, 1, '2021-08-12 04:39:22', '2021-08-12 04:39:22'),
(8, 'adipisci', 5.00, 1, '2021-08-12 04:39:22', '2021-08-12 04:39:22'),
(9, 'et', 5.00, 2, '2021-08-12 04:39:22', '2021-08-12 04:39:22'),
(10, 'sit', 10.00, 2, '2021-08-12 04:39:22', '2021-08-12 04:39:22'),
(11, 'itaque', 5.00, 2, '2021-08-12 04:39:22', '2021-08-12 04:39:22'),
(12, 'ut', 5.00, 2, '2021-08-12 04:39:22', '2021-08-12 04:39:22'),
(13, 'modi', 15.00, 2, '2021-08-12 04:39:22', '2021-08-12 04:39:22'),
(14, 'porro', 5.00, 2, '2021-08-12 04:39:22', '2021-08-12 04:39:22'),
(15, 'quidem', 5.00, 2, '2021-08-12 04:39:22', '2021-08-12 04:39:22'),
(16, 'sit', 15.00, 2, '2021-08-12 04:39:22', '2021-08-12 04:39:22'),
(17, 'eos', 15.00, 3, '2021-08-12 04:39:22', '2021-08-12 04:39:22'),
(18, 'quia', 10.00, 3, '2021-08-12 04:39:22', '2021-08-12 04:39:22'),
(19, 'et', 15.00, 3, '2021-08-12 04:39:22', '2021-08-12 04:39:22'),
(20, 'velit', 10.00, 3, '2021-08-12 04:39:22', '2021-08-12 04:39:22'),
(21, 'quia', 15.00, 3, '2021-08-12 04:39:22', '2021-08-12 04:39:22'),
(22, 'possimus', 10.00, 3, '2021-08-12 04:39:22', '2021-08-12 04:39:22'),
(23, 'aut', 5.00, 3, '2021-08-12 04:39:22', '2021-08-12 04:39:22'),
(24, 'ipsum', 10.00, 3, '2021-08-12 04:39:22', '2021-08-12 04:39:22'),
(25, 'voluptatibus', 10.00, 4, '2021-08-12 04:39:23', '2021-08-12 04:39:23'),
(26, 'impedit', 10.00, 4, '2021-08-12 04:39:23', '2021-08-12 04:39:23'),
(27, 'quibusdam', 5.00, 4, '2021-08-12 04:39:23', '2021-08-12 04:39:23'),
(28, 'ipsam', 5.00, 4, '2021-08-12 04:39:23', '2021-08-12 04:39:23'),
(29, 'accusamus', 15.00, 4, '2021-08-12 04:39:23', '2021-08-12 04:39:23'),
(30, 'in', 10.00, 4, '2021-08-12 04:39:23', '2021-08-12 04:39:23'),
(31, 'non', 15.00, 4, '2021-08-12 04:39:23', '2021-08-12 04:39:23'),
(32, 'adipisci', 15.00, 4, '2021-08-12 04:39:23', '2021-08-12 04:39:23'),
(33, 'laborum', 5.00, 5, '2021-08-12 04:39:23', '2021-08-12 04:39:23'),
(34, 'et', 10.00, 5, '2021-08-12 04:39:23', '2021-08-12 04:39:23'),
(35, 'sit', 15.00, 5, '2021-08-12 04:39:23', '2021-08-12 04:39:23'),
(36, 'laborum', 15.00, 5, '2021-08-12 04:39:23', '2021-08-12 04:39:23'),
(37, 'aut', 15.00, 5, '2021-08-12 04:39:23', '2021-08-12 04:39:23'),
(38, 'cumque', 5.00, 5, '2021-08-12 04:39:23', '2021-08-12 04:39:23'),
(39, 'eum', 10.00, 5, '2021-08-12 04:39:23', '2021-08-12 04:39:23'),
(40, 'nostrum', 10.00, 5, '2021-08-12 04:39:23', '2021-08-12 04:39:23'),
(41, 'nisi', 15.00, 6, '2021-08-12 04:39:23', '2021-08-12 04:39:23'),
(42, 'temporibus', 15.00, 6, '2021-08-12 04:39:23', '2021-08-12 04:39:23'),
(43, 'blanditiis', 10.00, 6, '2021-08-12 04:39:23', '2021-08-12 04:39:23'),
(44, 'deserunt', 5.00, 6, '2021-08-12 04:39:23', '2021-08-12 04:39:23'),
(45, 'expedita', 5.00, 6, '2021-08-12 04:39:23', '2021-08-12 04:39:23'),
(46, 'aliquid', 5.00, 6, '2021-08-12 04:39:23', '2021-08-12 04:39:23'),
(47, 'praesentium', 5.00, 6, '2021-08-12 04:39:23', '2021-08-12 04:39:23'),
(48, 'cum', 10.00, 6, '2021-08-12 04:39:23', '2021-08-12 04:39:23'),
(49, 'eos', 5.00, 7, '2021-08-12 04:39:23', '2021-08-12 04:39:23'),
(50, 'porro', 15.00, 7, '2021-08-12 04:39:23', '2021-08-12 04:39:23'),
(51, 'mollitia', 15.00, 7, '2021-08-12 04:39:23', '2021-08-12 04:39:23'),
(52, 'nisi', 15.00, 7, '2021-08-12 04:39:23', '2021-08-12 04:39:23'),
(53, 'aliquid', 15.00, 7, '2021-08-12 04:39:23', '2021-08-12 04:39:23'),
(54, 'ex', 15.00, 7, '2021-08-12 04:39:23', '2021-08-12 04:39:23'),
(55, 'temporibus', 15.00, 7, '2021-08-12 04:39:23', '2021-08-12 04:39:23'),
(56, 'eveniet', 5.00, 7, '2021-08-12 04:39:23', '2021-08-12 04:39:23'),
(57, 'vel', 5.00, 8, '2021-08-12 04:39:24', '2021-08-12 04:39:24'),
(58, 'mollitia', 10.00, 8, '2021-08-12 04:39:24', '2021-08-12 04:39:24'),
(59, 'sed', 5.00, 8, '2021-08-12 04:39:24', '2021-08-12 04:39:24'),
(60, 'dicta', 5.00, 8, '2021-08-12 04:39:24', '2021-08-12 04:39:24'),
(61, 'voluptas', 5.00, 8, '2021-08-12 04:39:24', '2021-08-12 04:39:24'),
(62, 'veniam', 5.00, 8, '2021-08-12 04:39:24', '2021-08-12 04:39:24'),
(63, 'laboriosam', 15.00, 8, '2021-08-12 04:39:24', '2021-08-12 04:39:24'),
(64, 'ut', 10.00, 8, '2021-08-12 04:39:24', '2021-08-12 04:39:24');

-- --------------------------------------------------------

--
-- Estructura de tabla para la tabla `colors`
--

DROP TABLE IF EXISTS `colors`;
CREATE TABLE IF NOT EXISTS `colors` (
  `id` bigint(20) UNSIGNED NOT NULL AUTO_INCREMENT,
  `name` varchar(191) COLLATE utf8_unicode_ci NOT NULL,
  `created_at` timestamp NULL DEFAULT NULL,
  `updated_at` timestamp NULL DEFAULT NULL,
  PRIMARY KEY (`id`)
) ENGINE=InnoDB AUTO_INCREMENT=5 DEFAULT CHARSET=utf8 COLLATE=utf8_unicode_ci;

--
-- Volcado de datos para la tabla `colors`
--

INSERT INTO `colors` (`id`, `name`, `created_at`, `updated_at`) VALUES
(1, 'white', '2021-08-12 04:39:21', '2021-08-12 04:39:21'),
(2, 'blue', '2021-08-12 04:39:21', '2021-08-12 04:39:21'),
(3, 'red', '2021-08-12 04:39:21', '2021-08-12 04:39:21'),
(4, 'black', '2021-08-12 04:39:21', '2021-08-12 04:39:21');

-- --------------------------------------------------------

--
-- Estructura de tabla para la tabla `color_product`
--

DROP TABLE IF EXISTS `color_product`;
CREATE TABLE IF NOT EXISTS `color_product` (
  `id` bigint(20) UNSIGNED NOT NULL AUTO_INCREMENT,
  `color_id` bigint(20) UNSIGNED NOT NULL,
  `product_id` bigint(20) UNSIGNED NOT NULL,
  `quantity` int(11) NOT NULL,
  `created_at` timestamp NULL DEFAULT NULL,
  `updated_at` timestamp NULL DEFAULT NULL,
  PRIMARY KEY (`id`),
  KEY `color_product_color_id_foreign` (`color_id`),
  KEY `color_product_product_id_foreign` (`product_id`)
) ENGINE=InnoDB AUTO_INCREMENT=45 DEFAULT CHARSET=utf8 COLLATE=utf8_unicode_ci;

--
-- Volcado de datos para la tabla `color_product`
--

INSERT INTO `color_product` (`id`, `color_id`, `product_id`, `quantity`, `created_at`, `updated_at`) VALUES
(2, 2, 3, 10, NULL, NULL),
(3, 3, 3, 10, NULL, NULL),
(4, 4, 3, 10, NULL, NULL),
(6, 2, 23, 10, NULL, NULL),
(7, 3, 23, 10, NULL, NULL),
(8, 4, 23, 10, NULL, NULL),
(9, 1, 54, 10, NULL, NULL),
(10, 2, 54, 10, NULL, NULL),
(11, 3, 54, 10, NULL, NULL),
(12, 4, 54, 10, NULL, NULL),
(13, 1, 71, 10, NULL, NULL),
(14, 2, 71, 10, NULL, NULL),
(15, 3, 71, 10, NULL, NULL),
(16, 4, 71, 10, NULL, NULL),
(18, 2, 98, 10, NULL, NULL),
(19, 3, 98, 10, NULL, NULL),
(20, 4, 98, 10, NULL, NULL),
(21, 1, 112, 10, NULL, NULL),
(22, 2, 112, 10, NULL, NULL),
(23, 3, 112, 10, NULL, NULL),
(24, 4, 112, 10, NULL, NULL),
(25, 1, 149, 10, NULL, NULL),
(26, 2, 149, 10, NULL, NULL),
(27, 3, 149, 10, NULL, NULL),
(28, 4, 149, 10, NULL, NULL),
(29, 1, 172, 10, NULL, NULL),
(30, 2, 172, 10, NULL, NULL),
(31, 3, 172, 10, NULL, NULL),
(32, 4, 172, 10, NULL, NULL),
(33, 1, 193, 10, NULL, NULL),
(34, 2, 193, 10, NULL, NULL),
(35, 3, 193, 10, NULL, NULL),
(36, 4, 193, 10, NULL, NULL),
(37, 1, 209, 10, NULL, NULL),
(38, 2, 209, 10, NULL, NULL),
(39, 3, 209, 10, NULL, NULL),
(40, 4, 209, 10, NULL, NULL),
(42, 1, 23, 7, NULL, NULL),
(43, 1, 3, 2, NULL, NULL),
(44, 1, 98, 7, NULL, NULL);

-- --------------------------------------------------------

--
-- Estructura de tabla para la tabla `color_size`
--

DROP TABLE IF EXISTS `color_size`;
CREATE TABLE IF NOT EXISTS `color_size` (
  `id` bigint(20) UNSIGNED NOT NULL AUTO_INCREMENT,
  `color_id` bigint(20) UNSIGNED NOT NULL,
  `size_id` bigint(20) UNSIGNED NOT NULL,
  `quantity` int(11) NOT NULL,
  `created_at` timestamp NULL DEFAULT NULL,
  `updated_at` timestamp NULL DEFAULT NULL,
  PRIMARY KEY (`id`),
  KEY `color_size_color_id_foreign` (`color_id`),
  KEY `color_size_size_id_foreign` (`size_id`)
) ENGINE=InnoDB AUTO_INCREMENT=313 DEFAULT CHARSET=utf8 COLLATE=utf8_unicode_ci;

--
-- Volcado de datos para la tabla `color_size`
--

INSERT INTO `color_size` (`id`, `color_id`, `size_id`, `quantity`, `created_at`, `updated_at`) VALUES
(1, 1, 1, 10, NULL, NULL),
(2, 2, 1, 10, NULL, NULL),
(3, 3, 1, 10, NULL, NULL),
(4, 4, 1, 10, NULL, NULL),
(5, 1, 2, 10, NULL, NULL),
(6, 2, 2, 10, NULL, NULL),
(7, 3, 2, 10, NULL, NULL),
(8, 4, 2, 10, NULL, NULL),
(9, 1, 3, 10, NULL, NULL),
(10, 2, 3, 10, NULL, NULL),
(11, 3, 3, 10, NULL, NULL),
(12, 4, 3, 10, NULL, NULL),
(13, 1, 4, 10, NULL, NULL),
(14, 2, 4, 10, NULL, NULL),
(15, 3, 4, 10, NULL, NULL),
(16, 4, 4, 10, NULL, NULL),
(17, 1, 5, 10, NULL, NULL),
(18, 2, 5, 10, NULL, NULL),
(19, 3, 5, 10, NULL, NULL),
(20, 4, 5, 10, NULL, NULL),
(21, 1, 6, 10, NULL, NULL),
(22, 2, 6, 10, NULL, NULL),
(23, 3, 6, 10, NULL, NULL),
(24, 4, 6, 10, NULL, NULL),
(25, 1, 7, 10, NULL, NULL),
(26, 2, 7, 10, NULL, NULL),
(27, 3, 7, 10, NULL, NULL),
(28, 4, 7, 10, NULL, NULL),
(29, 1, 8, 10, NULL, NULL),
(30, 2, 8, 10, NULL, NULL),
(31, 3, 8, 10, NULL, NULL),
(32, 4, 8, 10, NULL, NULL),
(33, 1, 9, 10, NULL, NULL),
(34, 2, 9, 10, NULL, NULL),
(35, 3, 9, 10, NULL, NULL),
(36, 4, 9, 10, NULL, NULL),
(37, 1, 10, 10, NULL, NULL),
(38, 2, 10, 10, NULL, NULL),
(39, 3, 10, 10, NULL, NULL),
(40, 4, 10, 10, NULL, NULL),
(41, 1, 11, 10, NULL, NULL),
(42, 2, 11, 10, NULL, NULL),
(43, 3, 11, 10, NULL, NULL),
(44, 4, 11, 10, NULL, NULL),
(45, 1, 12, 10, NULL, NULL),
(46, 2, 12, 10, NULL, NULL),
(47, 3, 12, 10, NULL, NULL),
(48, 4, 12, 10, NULL, NULL),
(49, 1, 13, 10, NULL, NULL),
(50, 2, 13, 10, NULL, NULL),
(51, 3, 13, 10, NULL, NULL),
(52, 4, 13, 10, NULL, NULL),
(53, 1, 14, 10, NULL, NULL),
(54, 2, 14, 10, NULL, NULL),
(55, 3, 14, 10, NULL, NULL),
(56, 4, 14, 10, NULL, NULL),
(57, 1, 15, 10, NULL, NULL),
(58, 2, 15, 10, NULL, NULL),
(59, 3, 15, 10, NULL, NULL),
(60, 4, 15, 10, NULL, NULL),
(61, 1, 16, 10, NULL, NULL),
(62, 2, 16, 10, NULL, NULL),
(63, 3, 16, 10, NULL, NULL),
(64, 4, 16, 10, NULL, NULL),
(65, 1, 17, 10, NULL, NULL),
(66, 2, 17, 10, NULL, NULL),
(67, 3, 17, 10, NULL, NULL),
(68, 4, 17, 10, NULL, NULL),
(69, 1, 18, 10, NULL, NULL),
(70, 2, 18, 10, NULL, NULL),
(71, 3, 18, 10, NULL, NULL),
(72, 4, 18, 10, NULL, NULL),
(73, 1, 19, 10, NULL, NULL),
(74, 2, 19, 10, NULL, NULL),
(75, 3, 19, 10, NULL, NULL),
(76, 4, 19, 10, NULL, NULL),
(77, 1, 20, 10, NULL, NULL),
(78, 2, 20, 10, NULL, NULL),
(79, 3, 20, 10, NULL, NULL),
(80, 4, 20, 10, NULL, NULL),
(81, 1, 21, 10, NULL, NULL),
(82, 2, 21, 10, NULL, NULL),
(83, 3, 21, 10, NULL, NULL),
(84, 4, 21, 10, NULL, NULL),
(85, 1, 22, 10, NULL, NULL),
(86, 2, 22, 10, NULL, NULL),
(87, 3, 22, 10, NULL, NULL),
(88, 4, 22, 10, NULL, NULL),
(89, 1, 23, 10, NULL, NULL),
(90, 2, 23, 10, NULL, NULL),
(91, 3, 23, 10, NULL, NULL),
(92, 4, 23, 10, NULL, NULL),
(93, 1, 24, 10, NULL, NULL),
(94, 2, 24, 10, NULL, NULL),
(95, 3, 24, 10, NULL, NULL),
(96, 4, 24, 10, NULL, NULL),
(97, 1, 25, 10, NULL, NULL),
(98, 2, 25, 10, NULL, NULL),
(99, 3, 25, 10, NULL, NULL),
(100, 4, 25, 10, NULL, NULL),
(101, 1, 26, 10, NULL, NULL),
(102, 2, 26, 10, NULL, NULL),
(103, 3, 26, 10, NULL, NULL),
(104, 4, 26, 10, NULL, NULL),
(105, 1, 27, 10, NULL, NULL),
(106, 2, 27, 10, NULL, NULL),
(107, 3, 27, 10, NULL, NULL),
(108, 4, 27, 10, NULL, NULL),
(109, 1, 28, 10, NULL, NULL),
(110, 2, 28, 10, NULL, NULL),
(111, 3, 28, 10, NULL, NULL),
(112, 4, 28, 10, NULL, NULL),
(113, 1, 29, 10, NULL, NULL),
(114, 2, 29, 10, NULL, NULL),
(115, 3, 29, 10, NULL, NULL),
(116, 4, 29, 10, NULL, NULL),
(117, 1, 30, 10, NULL, NULL),
(118, 2, 30, 10, NULL, NULL),
(119, 3, 30, 10, NULL, NULL),
(120, 4, 30, 10, NULL, NULL),
(121, 1, 31, 10, NULL, NULL),
(122, 2, 31, 10, NULL, NULL),
(123, 3, 31, 10, NULL, NULL),
(124, 4, 31, 10, NULL, NULL),
(125, 1, 32, 10, NULL, NULL),
(126, 2, 32, 10, NULL, NULL),
(127, 3, 32, 10, NULL, NULL),
(128, 4, 32, 10, NULL, NULL),
(129, 1, 33, 10, NULL, NULL),
(130, 2, 33, 10, NULL, NULL),
(131, 3, 33, 10, NULL, NULL),
(132, 4, 33, 10, NULL, NULL),
(133, 1, 34, 10, NULL, NULL),
(134, 2, 34, 10, NULL, NULL),
(135, 3, 34, 10, NULL, NULL),
(136, 4, 34, 10, NULL, NULL),
(137, 1, 35, 10, NULL, NULL),
(138, 2, 35, 10, NULL, NULL),
(139, 3, 35, 10, NULL, NULL),
(140, 4, 35, 10, NULL, NULL),
(141, 1, 36, 10, NULL, NULL),
(142, 2, 36, 10, NULL, NULL),
(143, 3, 36, 10, NULL, NULL),
(144, 4, 36, 10, NULL, NULL),
(145, 1, 37, 10, NULL, NULL),
(146, 2, 37, 10, NULL, NULL),
(147, 3, 37, 10, NULL, NULL),
(148, 4, 37, 10, NULL, NULL),
(149, 1, 38, 10, NULL, NULL),
(150, 2, 38, 10, NULL, NULL),
(151, 3, 38, 10, NULL, NULL),
(152, 4, 38, 10, NULL, NULL),
(153, 1, 39, 10, NULL, NULL),
(154, 2, 39, 10, NULL, NULL),
(155, 3, 39, 10, NULL, NULL),
(156, 4, 39, 10, NULL, NULL),
(157, 1, 40, 10, NULL, NULL),
(158, 2, 40, 10, NULL, NULL),
(159, 3, 40, 10, NULL, NULL),
(160, 4, 40, 10, NULL, NULL),
(161, 1, 41, 10, NULL, NULL),
(162, 2, 41, 10, NULL, NULL),
(163, 3, 41, 10, NULL, NULL),
(164, 4, 41, 10, NULL, NULL),
(165, 1, 42, 10, NULL, NULL),
(166, 2, 42, 10, NULL, NULL),
(167, 3, 42, 10, NULL, NULL),
(168, 4, 42, 10, NULL, NULL),
(169, 1, 43, 10, NULL, NULL),
(170, 2, 43, 10, NULL, NULL),
(171, 3, 43, 10, NULL, NULL),
(172, 4, 43, 10, NULL, NULL),
(173, 1, 44, 10, NULL, NULL),
(174, 2, 44, 10, NULL, NULL),
(175, 3, 44, 10, NULL, NULL),
(176, 4, 44, 10, NULL, NULL),
(177, 1, 45, 10, NULL, NULL),
(178, 2, 45, 10, NULL, NULL),
(179, 3, 45, 10, NULL, NULL),
(180, 4, 45, 10, NULL, NULL),
(181, 1, 46, 10, NULL, NULL),
(182, 2, 46, 10, NULL, NULL),
(183, 3, 46, 10, NULL, NULL),
(184, 4, 46, 10, NULL, NULL),
(185, 1, 47, 10, NULL, NULL),
(186, 2, 47, 10, NULL, NULL),
(187, 3, 47, 10, NULL, NULL),
(188, 4, 47, 10, NULL, NULL),
(189, 1, 48, 10, NULL, NULL),
(190, 2, 48, 10, NULL, NULL),
(191, 3, 48, 10, NULL, NULL),
(192, 4, 48, 10, NULL, NULL),
(193, 1, 49, 10, NULL, NULL),
(194, 2, 49, 10, NULL, NULL),
(195, 3, 49, 10, NULL, NULL),
(196, 4, 49, 10, NULL, NULL),
(197, 1, 50, 10, NULL, NULL),
(198, 2, 50, 10, NULL, NULL),
(199, 3, 50, 10, NULL, NULL),
(200, 4, 50, 10, NULL, NULL),
(201, 1, 51, 10, NULL, NULL),
(202, 2, 51, 10, NULL, NULL),
(203, 3, 51, 10, NULL, NULL),
(204, 4, 51, 10, NULL, NULL),
(205, 1, 52, 10, NULL, NULL),
(206, 2, 52, 10, NULL, NULL),
(207, 3, 52, 10, NULL, NULL),
(208, 4, 52, 10, NULL, NULL),
(209, 1, 53, 10, NULL, NULL),
(210, 2, 53, 10, NULL, NULL),
(211, 3, 53, 10, NULL, NULL),
(212, 4, 53, 10, NULL, NULL),
(213, 1, 54, 10, NULL, NULL),
(214, 2, 54, 10, NULL, NULL),
(215, 3, 54, 10, NULL, NULL),
(216, 4, 54, 10, NULL, NULL),
(217, 1, 55, 10, NULL, NULL),
(218, 2, 55, 10, NULL, NULL),
(219, 3, 55, 10, NULL, NULL),
(220, 4, 55, 10, NULL, NULL),
(221, 1, 56, 10, NULL, NULL),
(222, 2, 56, 10, NULL, NULL),
(223, 3, 56, 10, NULL, NULL),
(224, 4, 56, 10, NULL, NULL),
(225, 1, 57, 10, NULL, NULL),
(226, 2, 57, 10, NULL, NULL),
(227, 3, 57, 10, NULL, NULL),
(228, 4, 57, 10, NULL, NULL),
(229, 1, 58, 10, NULL, NULL),
(230, 2, 58, 10, NULL, NULL),
(231, 3, 58, 10, NULL, NULL),
(232, 4, 58, 10, NULL, NULL),
(233, 1, 59, 10, NULL, NULL),
(234, 2, 59, 10, NULL, NULL),
(235, 3, 59, 10, NULL, NULL),
(236, 4, 59, 10, NULL, NULL),
(237, 1, 60, 10, NULL, NULL),
(238, 2, 60, 10, NULL, NULL),
(239, 3, 60, 10, NULL, NULL),
(240, 4, 60, 10, NULL, NULL),
(241, 1, 61, 10, NULL, NULL),
(242, 2, 61, 10, NULL, NULL),
(243, 3, 61, 10, NULL, NULL),
(244, 4, 61, 10, NULL, NULL),
(245, 1, 62, 10, NULL, NULL),
(246, 2, 62, 10, NULL, NULL),
(247, 3, 62, 10, NULL, NULL),
(248, 4, 62, 10, NULL, NULL),
(249, 1, 63, 10, NULL, NULL),
(250, 2, 63, 10, NULL, NULL),
(251, 3, 63, 10, NULL, NULL),
(252, 4, 63, 10, NULL, NULL),
(253, 1, 64, 10, NULL, NULL),
(254, 2, 64, 10, NULL, NULL),
(255, 3, 64, 10, NULL, NULL),
(256, 4, 64, 10, NULL, NULL),
(257, 1, 65, 10, NULL, NULL),
(258, 2, 65, 10, NULL, NULL),
(259, 3, 65, 10, NULL, NULL),
(260, 4, 65, 10, NULL, NULL),
(261, 1, 66, 10, NULL, NULL),
(262, 2, 66, 10, NULL, NULL),
(263, 3, 66, 10, NULL, NULL),
(264, 4, 66, 10, NULL, NULL),
(265, 1, 67, 10, NULL, NULL),
(266, 2, 67, 10, NULL, NULL),
(267, 3, 67, 10, NULL, NULL),
(268, 4, 67, 10, NULL, NULL),
(269, 1, 68, 10, NULL, NULL),
(270, 2, 68, 10, NULL, NULL),
(271, 3, 68, 10, NULL, NULL),
(272, 4, 68, 10, NULL, NULL),
(273, 1, 69, 10, NULL, NULL),
(274, 2, 69, 10, NULL, NULL),
(275, 3, 69, 10, NULL, NULL),
(276, 4, 69, 10, NULL, NULL),
(277, 1, 70, 10, NULL, NULL),
(278, 2, 70, 10, NULL, NULL),
(279, 3, 70, 10, NULL, NULL),
(280, 4, 70, 10, NULL, NULL),
(281, 1, 71, 10, NULL, NULL),
(282, 2, 71, 10, NULL, NULL),
(283, 3, 71, 10, NULL, NULL),
(284, 4, 71, 10, NULL, NULL),
(285, 1, 72, 10, NULL, NULL),
(286, 2, 72, 10, NULL, NULL),
(287, 3, 72, 10, NULL, NULL),
(288, 4, 72, 10, NULL, NULL),
(289, 1, 73, 10, NULL, NULL),
(290, 2, 73, 10, NULL, NULL),
(291, 3, 73, 10, NULL, NULL),
(292, 4, 73, 10, NULL, NULL),
(293, 1, 74, 10, NULL, NULL),
(294, 2, 74, 10, NULL, NULL),
(295, 3, 74, 10, NULL, NULL),
(296, 4, 74, 10, NULL, NULL),
(297, 1, 75, 10, NULL, NULL),
(298, 2, 75, 10, NULL, NULL),
(299, 3, 75, 10, NULL, NULL),
(300, 4, 75, 10, NULL, NULL),
(301, 1, 76, 10, NULL, NULL),
(302, 2, 76, 10, NULL, NULL),
(303, 3, 76, 10, NULL, NULL),
(304, 4, 76, 10, NULL, NULL),
(305, 1, 77, 10, NULL, NULL),
(306, 2, 77, 10, NULL, NULL),
(307, 3, 77, 10, NULL, NULL),
(308, 4, 77, 10, NULL, NULL),
(309, 1, 78, 10, NULL, NULL),
(310, 2, 78, 10, NULL, NULL),
(311, 3, 78, 10, NULL, NULL),
(312, 4, 78, 10, NULL, NULL);

-- --------------------------------------------------------

--
-- Estructura de tabla para la tabla `departments`
--

DROP TABLE IF EXISTS `departments`;
CREATE TABLE IF NOT EXISTS `departments` (
  `id` bigint(20) UNSIGNED NOT NULL AUTO_INCREMENT,
  `name` varchar(191) COLLATE utf8_unicode_ci NOT NULL,
  `created_at` timestamp NULL DEFAULT NULL,
  `updated_at` timestamp NULL DEFAULT NULL,
  PRIMARY KEY (`id`)
) ENGINE=InnoDB AUTO_INCREMENT=9 DEFAULT CHARSET=utf8 COLLATE=utf8_unicode_ci;

--
-- Volcado de datos para la tabla `departments`
--

INSERT INTO `departments` (`id`, `name`, `created_at`, `updated_at`) VALUES
(1, 'id', '2021-08-12 04:39:22', '2021-08-12 04:39:22'),
(2, 'ut', '2021-08-12 04:39:22', '2021-08-12 04:39:22'),
(3, 'rerum', '2021-08-12 04:39:22', '2021-08-12 04:39:22'),
(4, 'et', '2021-08-12 04:39:22', '2021-08-12 04:39:22'),
(5, 'accusamus', '2021-08-12 04:39:22', '2021-08-12 04:39:22'),
(6, 'voluptatem', '2021-08-12 04:39:22', '2021-08-12 04:39:22'),
(7, 'qui', '2021-08-12 04:39:22', '2021-08-12 04:39:22'),
(8, 'molestias', '2021-08-12 04:39:22', '2021-08-12 04:39:22');

-- --------------------------------------------------------

--
-- Estructura de tabla para la tabla `districts`
--

DROP TABLE IF EXISTS `districts`;
CREATE TABLE IF NOT EXISTS `districts` (
  `id` bigint(20) UNSIGNED NOT NULL AUTO_INCREMENT,
  `name` varchar(191) COLLATE utf8_unicode_ci NOT NULL,
  `city_id` bigint(20) UNSIGNED NOT NULL,
  `created_at` timestamp NULL DEFAULT NULL,
  `updated_at` timestamp NULL DEFAULT NULL,
  PRIMARY KEY (`id`),
  KEY `districts_city_id_foreign` (`city_id`)
) ENGINE=InnoDB AUTO_INCREMENT=513 DEFAULT CHARSET=utf8 COLLATE=utf8_unicode_ci;

--
-- Volcado de datos para la tabla `districts`
--

INSERT INTO `districts` (`id`, `name`, `city_id`, `created_at`, `updated_at`) VALUES
(1, 'recusandae', 1, '2021-08-12 04:39:22', '2021-08-12 04:39:22'),
(2, 'aut', 1, '2021-08-12 04:39:22', '2021-08-12 04:39:22'),
(3, 'officiis', 1, '2021-08-12 04:39:22', '2021-08-12 04:39:22'),
(4, 'laborum', 1, '2021-08-12 04:39:22', '2021-08-12 04:39:22'),
(5, 'ea', 1, '2021-08-12 04:39:22', '2021-08-12 04:39:22'),
(6, 'nihil', 1, '2021-08-12 04:39:22', '2021-08-12 04:39:22'),
(7, 'maxime', 1, '2021-08-12 04:39:22', '2021-08-12 04:39:22'),
(8, 'suscipit', 1, '2021-08-12 04:39:22', '2021-08-12 04:39:22'),
(9, 'labore', 2, '2021-08-12 04:39:22', '2021-08-12 04:39:22'),
(10, 'dolore', 2, '2021-08-12 04:39:22', '2021-08-12 04:39:22'),
(11, 'veritatis', 2, '2021-08-12 04:39:22', '2021-08-12 04:39:22'),
(12, 'quia', 2, '2021-08-12 04:39:22', '2021-08-12 04:39:22'),
(13, 'cum', 2, '2021-08-12 04:39:22', '2021-08-12 04:39:22'),
(14, 'dolor', 2, '2021-08-12 04:39:22', '2021-08-12 04:39:22'),
(15, 'inventore', 2, '2021-08-12 04:39:22', '2021-08-12 04:39:22'),
(16, 'in', 2, '2021-08-12 04:39:22', '2021-08-12 04:39:22'),
(17, 'quos', 3, '2021-08-12 04:39:22', '2021-08-12 04:39:22'),
(18, 'quasi', 3, '2021-08-12 04:39:22', '2021-08-12 04:39:22'),
(19, 'dolor', 3, '2021-08-12 04:39:22', '2021-08-12 04:39:22'),
(20, 'at', 3, '2021-08-12 04:39:22', '2021-08-12 04:39:22'),
(21, 'unde', 3, '2021-08-12 04:39:22', '2021-08-12 04:39:22'),
(22, 'corporis', 3, '2021-08-12 04:39:22', '2021-08-12 04:39:22'),
(23, 'placeat', 3, '2021-08-12 04:39:22', '2021-08-12 04:39:22'),
(24, 'id', 3, '2021-08-12 04:39:22', '2021-08-12 04:39:22'),
(25, 'ea', 4, '2021-08-12 04:39:22', '2021-08-12 04:39:22'),
(26, 'quia', 4, '2021-08-12 04:39:22', '2021-08-12 04:39:22'),
(27, 'exercitationem', 4, '2021-08-12 04:39:22', '2021-08-12 04:39:22'),
(28, 'libero', 4, '2021-08-12 04:39:22', '2021-08-12 04:39:22'),
(29, 'quia', 4, '2021-08-12 04:39:22', '2021-08-12 04:39:22'),
(30, 'ut', 4, '2021-08-12 04:39:22', '2021-08-12 04:39:22'),
(31, 'error', 4, '2021-08-12 04:39:22', '2021-08-12 04:39:22'),
(32, 'numquam', 4, '2021-08-12 04:39:22', '2021-08-12 04:39:22'),
(33, 'nesciunt', 5, '2021-08-12 04:39:22', '2021-08-12 04:39:22'),
(34, 'iusto', 5, '2021-08-12 04:39:22', '2021-08-12 04:39:22'),
(35, 'sunt', 5, '2021-08-12 04:39:22', '2021-08-12 04:39:22'),
(36, 'sint', 5, '2021-08-12 04:39:22', '2021-08-12 04:39:22'),
(37, 'quos', 5, '2021-08-12 04:39:22', '2021-08-12 04:39:22'),
(38, 'nihil', 5, '2021-08-12 04:39:22', '2021-08-12 04:39:22'),
(39, 'sapiente', 5, '2021-08-12 04:39:22', '2021-08-12 04:39:22'),
(40, 'dolor', 5, '2021-08-12 04:39:22', '2021-08-12 04:39:22'),
(41, 'quae', 6, '2021-08-12 04:39:22', '2021-08-12 04:39:22'),
(42, 'et', 6, '2021-08-12 04:39:22', '2021-08-12 04:39:22'),
(43, 'saepe', 6, '2021-08-12 04:39:22', '2021-08-12 04:39:22'),
(44, 'facilis', 6, '2021-08-12 04:39:22', '2021-08-12 04:39:22'),
(45, 'sequi', 6, '2021-08-12 04:39:22', '2021-08-12 04:39:22'),
(46, 'minus', 6, '2021-08-12 04:39:22', '2021-08-12 04:39:22'),
(47, 'pariatur', 6, '2021-08-12 04:39:22', '2021-08-12 04:39:22'),
(48, 'nostrum', 6, '2021-08-12 04:39:22', '2021-08-12 04:39:22'),
(49, 'rerum', 7, '2021-08-12 04:39:22', '2021-08-12 04:39:22'),
(50, 'quo', 7, '2021-08-12 04:39:22', '2021-08-12 04:39:22'),
(51, 'et', 7, '2021-08-12 04:39:22', '2021-08-12 04:39:22'),
(52, 'laudantium', 7, '2021-08-12 04:39:22', '2021-08-12 04:39:22'),
(53, 'quia', 7, '2021-08-12 04:39:22', '2021-08-12 04:39:22'),
(54, 'omnis', 7, '2021-08-12 04:39:22', '2021-08-12 04:39:22'),
(55, 'libero', 7, '2021-08-12 04:39:22', '2021-08-12 04:39:22'),
(56, 'aliquid', 7, '2021-08-12 04:39:22', '2021-08-12 04:39:22'),
(57, 'ut', 8, '2021-08-12 04:39:22', '2021-08-12 04:39:22'),
(58, 'quidem', 8, '2021-08-12 04:39:22', '2021-08-12 04:39:22'),
(59, 'dolor', 8, '2021-08-12 04:39:22', '2021-08-12 04:39:22'),
(60, 'perferendis', 8, '2021-08-12 04:39:22', '2021-08-12 04:39:22'),
(61, 'voluptas', 8, '2021-08-12 04:39:22', '2021-08-12 04:39:22'),
(62, 'rerum', 8, '2021-08-12 04:39:22', '2021-08-12 04:39:22'),
(63, 'qui', 8, '2021-08-12 04:39:22', '2021-08-12 04:39:22'),
(64, 'omnis', 8, '2021-08-12 04:39:22', '2021-08-12 04:39:22'),
(65, 'rerum', 9, '2021-08-12 04:39:22', '2021-08-12 04:39:22'),
(66, 'ullam', 9, '2021-08-12 04:39:22', '2021-08-12 04:39:22'),
(67, 'autem', 9, '2021-08-12 04:39:22', '2021-08-12 04:39:22'),
(68, 'deleniti', 9, '2021-08-12 04:39:22', '2021-08-12 04:39:22'),
(69, 'enim', 9, '2021-08-12 04:39:22', '2021-08-12 04:39:22'),
(70, 'qui', 9, '2021-08-12 04:39:22', '2021-08-12 04:39:22'),
(71, 'aliquid', 9, '2021-08-12 04:39:22', '2021-08-12 04:39:22'),
(72, 'error', 9, '2021-08-12 04:39:22', '2021-08-12 04:39:22'),
(73, 'praesentium', 10, '2021-08-12 04:39:22', '2021-08-12 04:39:22'),
(74, 'ut', 10, '2021-08-12 04:39:22', '2021-08-12 04:39:22'),
(75, 'sit', 10, '2021-08-12 04:39:22', '2021-08-12 04:39:22'),
(76, 'sed', 10, '2021-08-12 04:39:22', '2021-08-12 04:39:22'),
(77, 'voluptas', 10, '2021-08-12 04:39:22', '2021-08-12 04:39:22'),
(78, 'ratione', 10, '2021-08-12 04:39:22', '2021-08-12 04:39:22'),
(79, 'molestias', 10, '2021-08-12 04:39:22', '2021-08-12 04:39:22'),
(80, 'officia', 10, '2021-08-12 04:39:22', '2021-08-12 04:39:22'),
(81, 'iste', 11, '2021-08-12 04:39:22', '2021-08-12 04:39:22'),
(82, 'est', 11, '2021-08-12 04:39:22', '2021-08-12 04:39:22'),
(83, 'nam', 11, '2021-08-12 04:39:22', '2021-08-12 04:39:22'),
(84, 'facilis', 11, '2021-08-12 04:39:22', '2021-08-12 04:39:22'),
(85, 'eveniet', 11, '2021-08-12 04:39:22', '2021-08-12 04:39:22'),
(86, 'eaque', 11, '2021-08-12 04:39:22', '2021-08-12 04:39:22'),
(87, 'harum', 11, '2021-08-12 04:39:22', '2021-08-12 04:39:22'),
(88, 'sed', 11, '2021-08-12 04:39:22', '2021-08-12 04:39:22'),
(89, 'corporis', 12, '2021-08-12 04:39:22', '2021-08-12 04:39:22'),
(90, 'voluptatem', 12, '2021-08-12 04:39:22', '2021-08-12 04:39:22'),
(91, 'quas', 12, '2021-08-12 04:39:22', '2021-08-12 04:39:22'),
(92, 'cum', 12, '2021-08-12 04:39:22', '2021-08-12 04:39:22'),
(93, 'dolor', 12, '2021-08-12 04:39:22', '2021-08-12 04:39:22'),
(94, 'possimus', 12, '2021-08-12 04:39:22', '2021-08-12 04:39:22'),
(95, 'minus', 12, '2021-08-12 04:39:22', '2021-08-12 04:39:22'),
(96, 'quis', 12, '2021-08-12 04:39:22', '2021-08-12 04:39:22'),
(97, 'assumenda', 13, '2021-08-12 04:39:22', '2021-08-12 04:39:22'),
(98, 'explicabo', 13, '2021-08-12 04:39:22', '2021-08-12 04:39:22'),
(99, 'nisi', 13, '2021-08-12 04:39:22', '2021-08-12 04:39:22'),
(100, 'dolores', 13, '2021-08-12 04:39:22', '2021-08-12 04:39:22'),
(101, 'ducimus', 13, '2021-08-12 04:39:22', '2021-08-12 04:39:22'),
(102, 'quo', 13, '2021-08-12 04:39:22', '2021-08-12 04:39:22'),
(103, 'ut', 13, '2021-08-12 04:39:22', '2021-08-12 04:39:22'),
(104, 'distinctio', 13, '2021-08-12 04:39:22', '2021-08-12 04:39:22'),
(105, 'eligendi', 14, '2021-08-12 04:39:22', '2021-08-12 04:39:22'),
(106, 'sed', 14, '2021-08-12 04:39:22', '2021-08-12 04:39:22'),
(107, 'aperiam', 14, '2021-08-12 04:39:22', '2021-08-12 04:39:22'),
(108, 'et', 14, '2021-08-12 04:39:22', '2021-08-12 04:39:22'),
(109, 'aliquid', 14, '2021-08-12 04:39:22', '2021-08-12 04:39:22'),
(110, 'fugiat', 14, '2021-08-12 04:39:22', '2021-08-12 04:39:22'),
(111, 'sunt', 14, '2021-08-12 04:39:22', '2021-08-12 04:39:22'),
(112, 'nesciunt', 14, '2021-08-12 04:39:22', '2021-08-12 04:39:22'),
(113, 'expedita', 15, '2021-08-12 04:39:22', '2021-08-12 04:39:22'),
(114, 'alias', 15, '2021-08-12 04:39:22', '2021-08-12 04:39:22'),
(115, 'quisquam', 15, '2021-08-12 04:39:22', '2021-08-12 04:39:22'),
(116, 'delectus', 15, '2021-08-12 04:39:22', '2021-08-12 04:39:22'),
(117, 'porro', 15, '2021-08-12 04:39:22', '2021-08-12 04:39:22'),
(118, 'est', 15, '2021-08-12 04:39:22', '2021-08-12 04:39:22'),
(119, 'dignissimos', 15, '2021-08-12 04:39:22', '2021-08-12 04:39:22'),
(120, 'omnis', 15, '2021-08-12 04:39:22', '2021-08-12 04:39:22'),
(121, 'voluptatum', 16, '2021-08-12 04:39:22', '2021-08-12 04:39:22'),
(122, 'cupiditate', 16, '2021-08-12 04:39:22', '2021-08-12 04:39:22'),
(123, 'error', 16, '2021-08-12 04:39:22', '2021-08-12 04:39:22'),
(124, 'tempora', 16, '2021-08-12 04:39:22', '2021-08-12 04:39:22'),
(125, 'laborum', 16, '2021-08-12 04:39:22', '2021-08-12 04:39:22'),
(126, 'perferendis', 16, '2021-08-12 04:39:22', '2021-08-12 04:39:22'),
(127, 'unde', 16, '2021-08-12 04:39:22', '2021-08-12 04:39:22'),
(128, 'eos', 16, '2021-08-12 04:39:22', '2021-08-12 04:39:22'),
(129, 'aperiam', 17, '2021-08-12 04:39:22', '2021-08-12 04:39:22'),
(130, 'ipsam', 17, '2021-08-12 04:39:22', '2021-08-12 04:39:22'),
(131, 'quaerat', 17, '2021-08-12 04:39:22', '2021-08-12 04:39:22'),
(132, 'magni', 17, '2021-08-12 04:39:22', '2021-08-12 04:39:22'),
(133, 'molestiae', 17, '2021-08-12 04:39:22', '2021-08-12 04:39:22'),
(134, 'dolor', 17, '2021-08-12 04:39:22', '2021-08-12 04:39:22'),
(135, 'ipsam', 17, '2021-08-12 04:39:22', '2021-08-12 04:39:22'),
(136, 'asperiores', 17, '2021-08-12 04:39:22', '2021-08-12 04:39:22'),
(137, 'non', 18, '2021-08-12 04:39:22', '2021-08-12 04:39:22'),
(138, 'quia', 18, '2021-08-12 04:39:22', '2021-08-12 04:39:22'),
(139, 'fuga', 18, '2021-08-12 04:39:22', '2021-08-12 04:39:22'),
(140, 'omnis', 18, '2021-08-12 04:39:22', '2021-08-12 04:39:22'),
(141, 'culpa', 18, '2021-08-12 04:39:22', '2021-08-12 04:39:22'),
(142, 'inventore', 18, '2021-08-12 04:39:22', '2021-08-12 04:39:22'),
(143, 'ipsam', 18, '2021-08-12 04:39:22', '2021-08-12 04:39:22'),
(144, 'distinctio', 18, '2021-08-12 04:39:22', '2021-08-12 04:39:22'),
(145, 'repellendus', 19, '2021-08-12 04:39:22', '2021-08-12 04:39:22'),
(146, 'aut', 19, '2021-08-12 04:39:22', '2021-08-12 04:39:22'),
(147, 'rerum', 19, '2021-08-12 04:39:22', '2021-08-12 04:39:22'),
(148, 'error', 19, '2021-08-12 04:39:22', '2021-08-12 04:39:22'),
(149, 'quisquam', 19, '2021-08-12 04:39:22', '2021-08-12 04:39:22'),
(150, 'qui', 19, '2021-08-12 04:39:22', '2021-08-12 04:39:22'),
(151, 'eos', 19, '2021-08-12 04:39:22', '2021-08-12 04:39:22'),
(152, 'earum', 19, '2021-08-12 04:39:22', '2021-08-12 04:39:22'),
(153, 'at', 20, '2021-08-12 04:39:22', '2021-08-12 04:39:22'),
(154, 'non', 20, '2021-08-12 04:39:22', '2021-08-12 04:39:22'),
(155, 'dolores', 20, '2021-08-12 04:39:22', '2021-08-12 04:39:22'),
(156, 'inventore', 20, '2021-08-12 04:39:22', '2021-08-12 04:39:22'),
(157, 'nesciunt', 20, '2021-08-12 04:39:22', '2021-08-12 04:39:22'),
(158, 'quia', 20, '2021-08-12 04:39:22', '2021-08-12 04:39:22'),
(159, 'maiores', 20, '2021-08-12 04:39:22', '2021-08-12 04:39:22'),
(160, 'reprehenderit', 20, '2021-08-12 04:39:22', '2021-08-12 04:39:22'),
(161, 'et', 21, '2021-08-12 04:39:22', '2021-08-12 04:39:22'),
(162, 'qui', 21, '2021-08-12 04:39:22', '2021-08-12 04:39:22'),
(163, 'eaque', 21, '2021-08-12 04:39:22', '2021-08-12 04:39:22'),
(164, 'eos', 21, '2021-08-12 04:39:22', '2021-08-12 04:39:22'),
(165, 'consequatur', 21, '2021-08-12 04:39:22', '2021-08-12 04:39:22'),
(166, 'quo', 21, '2021-08-12 04:39:22', '2021-08-12 04:39:22'),
(167, 'sed', 21, '2021-08-12 04:39:22', '2021-08-12 04:39:22'),
(168, 'illo', 21, '2021-08-12 04:39:22', '2021-08-12 04:39:22'),
(169, 'aut', 22, '2021-08-12 04:39:22', '2021-08-12 04:39:22'),
(170, 'aut', 22, '2021-08-12 04:39:22', '2021-08-12 04:39:22'),
(171, 'odio', 22, '2021-08-12 04:39:22', '2021-08-12 04:39:22'),
(172, 'inventore', 22, '2021-08-12 04:39:22', '2021-08-12 04:39:22'),
(173, 'dolorem', 22, '2021-08-12 04:39:22', '2021-08-12 04:39:22'),
(174, 'rerum', 22, '2021-08-12 04:39:22', '2021-08-12 04:39:22'),
(175, 'qui', 22, '2021-08-12 04:39:22', '2021-08-12 04:39:22'),
(176, 'quos', 22, '2021-08-12 04:39:22', '2021-08-12 04:39:22'),
(177, 'omnis', 23, '2021-08-12 04:39:22', '2021-08-12 04:39:22'),
(178, 'rerum', 23, '2021-08-12 04:39:22', '2021-08-12 04:39:22'),
(179, 'ea', 23, '2021-08-12 04:39:22', '2021-08-12 04:39:22'),
(180, 'architecto', 23, '2021-08-12 04:39:22', '2021-08-12 04:39:22'),
(181, 'voluptatem', 23, '2021-08-12 04:39:22', '2021-08-12 04:39:22'),
(182, 'ipsum', 23, '2021-08-12 04:39:22', '2021-08-12 04:39:22'),
(183, 'a', 23, '2021-08-12 04:39:22', '2021-08-12 04:39:22'),
(184, 'laborum', 23, '2021-08-12 04:39:22', '2021-08-12 04:39:22'),
(185, 'perferendis', 24, '2021-08-12 04:39:22', '2021-08-12 04:39:22'),
(186, 'tempora', 24, '2021-08-12 04:39:22', '2021-08-12 04:39:22'),
(187, 'facilis', 24, '2021-08-12 04:39:22', '2021-08-12 04:39:22'),
(188, 'asperiores', 24, '2021-08-12 04:39:22', '2021-08-12 04:39:22'),
(189, 'explicabo', 24, '2021-08-12 04:39:22', '2021-08-12 04:39:22'),
(190, 'non', 24, '2021-08-12 04:39:23', '2021-08-12 04:39:23'),
(191, 'voluptatem', 24, '2021-08-12 04:39:23', '2021-08-12 04:39:23'),
(192, 'laboriosam', 24, '2021-08-12 04:39:23', '2021-08-12 04:39:23'),
(193, 'unde', 25, '2021-08-12 04:39:23', '2021-08-12 04:39:23'),
(194, 'dignissimos', 25, '2021-08-12 04:39:23', '2021-08-12 04:39:23'),
(195, 'nobis', 25, '2021-08-12 04:39:23', '2021-08-12 04:39:23'),
(196, 'consequatur', 25, '2021-08-12 04:39:23', '2021-08-12 04:39:23'),
(197, 'ipsa', 25, '2021-08-12 04:39:23', '2021-08-12 04:39:23'),
(198, 'facilis', 25, '2021-08-12 04:39:23', '2021-08-12 04:39:23'),
(199, 'velit', 25, '2021-08-12 04:39:23', '2021-08-12 04:39:23'),
(200, 'magni', 25, '2021-08-12 04:39:23', '2021-08-12 04:39:23'),
(201, 'vero', 26, '2021-08-12 04:39:23', '2021-08-12 04:39:23'),
(202, 'et', 26, '2021-08-12 04:39:23', '2021-08-12 04:39:23'),
(203, 'ut', 26, '2021-08-12 04:39:23', '2021-08-12 04:39:23'),
(204, 'quasi', 26, '2021-08-12 04:39:23', '2021-08-12 04:39:23'),
(205, 'est', 26, '2021-08-12 04:39:23', '2021-08-12 04:39:23'),
(206, 'velit', 26, '2021-08-12 04:39:23', '2021-08-12 04:39:23'),
(207, 'eos', 26, '2021-08-12 04:39:23', '2021-08-12 04:39:23'),
(208, 'nobis', 26, '2021-08-12 04:39:23', '2021-08-12 04:39:23'),
(209, 'et', 27, '2021-08-12 04:39:23', '2021-08-12 04:39:23'),
(210, 'praesentium', 27, '2021-08-12 04:39:23', '2021-08-12 04:39:23'),
(211, 'totam', 27, '2021-08-12 04:39:23', '2021-08-12 04:39:23'),
(212, 'minima', 27, '2021-08-12 04:39:23', '2021-08-12 04:39:23'),
(213, 'molestiae', 27, '2021-08-12 04:39:23', '2021-08-12 04:39:23'),
(214, 'ipsam', 27, '2021-08-12 04:39:23', '2021-08-12 04:39:23'),
(215, 'mollitia', 27, '2021-08-12 04:39:23', '2021-08-12 04:39:23'),
(216, 'tempore', 27, '2021-08-12 04:39:23', '2021-08-12 04:39:23'),
(217, 'velit', 28, '2021-08-12 04:39:23', '2021-08-12 04:39:23'),
(218, 'dignissimos', 28, '2021-08-12 04:39:23', '2021-08-12 04:39:23'),
(219, 'minima', 28, '2021-08-12 04:39:23', '2021-08-12 04:39:23'),
(220, 'soluta', 28, '2021-08-12 04:39:23', '2021-08-12 04:39:23'),
(221, 'ut', 28, '2021-08-12 04:39:23', '2021-08-12 04:39:23'),
(222, 'ratione', 28, '2021-08-12 04:39:23', '2021-08-12 04:39:23'),
(223, 'perspiciatis', 28, '2021-08-12 04:39:23', '2021-08-12 04:39:23'),
(224, 'aut', 28, '2021-08-12 04:39:23', '2021-08-12 04:39:23'),
(225, 'et', 29, '2021-08-12 04:39:23', '2021-08-12 04:39:23'),
(226, 'asperiores', 29, '2021-08-12 04:39:23', '2021-08-12 04:39:23'),
(227, 'quam', 29, '2021-08-12 04:39:23', '2021-08-12 04:39:23'),
(228, 'voluptatem', 29, '2021-08-12 04:39:23', '2021-08-12 04:39:23'),
(229, 'vel', 29, '2021-08-12 04:39:23', '2021-08-12 04:39:23'),
(230, 'quo', 29, '2021-08-12 04:39:23', '2021-08-12 04:39:23'),
(231, 'expedita', 29, '2021-08-12 04:39:23', '2021-08-12 04:39:23'),
(232, 'sit', 29, '2021-08-12 04:39:23', '2021-08-12 04:39:23'),
(233, 'laudantium', 30, '2021-08-12 04:39:23', '2021-08-12 04:39:23'),
(234, 'sequi', 30, '2021-08-12 04:39:23', '2021-08-12 04:39:23'),
(235, 'assumenda', 30, '2021-08-12 04:39:23', '2021-08-12 04:39:23'),
(236, 'eligendi', 30, '2021-08-12 04:39:23', '2021-08-12 04:39:23'),
(237, 'unde', 30, '2021-08-12 04:39:23', '2021-08-12 04:39:23'),
(238, 'in', 30, '2021-08-12 04:39:23', '2021-08-12 04:39:23'),
(239, 'ipsam', 30, '2021-08-12 04:39:23', '2021-08-12 04:39:23'),
(240, 'qui', 30, '2021-08-12 04:39:23', '2021-08-12 04:39:23'),
(241, 'qui', 31, '2021-08-12 04:39:23', '2021-08-12 04:39:23'),
(242, 'consequatur', 31, '2021-08-12 04:39:23', '2021-08-12 04:39:23'),
(243, 'qui', 31, '2021-08-12 04:39:23', '2021-08-12 04:39:23'),
(244, 'accusantium', 31, '2021-08-12 04:39:23', '2021-08-12 04:39:23'),
(245, 'aliquid', 31, '2021-08-12 04:39:23', '2021-08-12 04:39:23'),
(246, 'voluptatem', 31, '2021-08-12 04:39:23', '2021-08-12 04:39:23'),
(247, 'ad', 31, '2021-08-12 04:39:23', '2021-08-12 04:39:23'),
(248, 'error', 31, '2021-08-12 04:39:23', '2021-08-12 04:39:23'),
(249, 'officiis', 32, '2021-08-12 04:39:23', '2021-08-12 04:39:23'),
(250, 'necessitatibus', 32, '2021-08-12 04:39:23', '2021-08-12 04:39:23'),
(251, 'libero', 32, '2021-08-12 04:39:23', '2021-08-12 04:39:23'),
(252, 'veniam', 32, '2021-08-12 04:39:23', '2021-08-12 04:39:23'),
(253, 'velit', 32, '2021-08-12 04:39:23', '2021-08-12 04:39:23'),
(254, 'deleniti', 32, '2021-08-12 04:39:23', '2021-08-12 04:39:23'),
(255, 'consequatur', 32, '2021-08-12 04:39:23', '2021-08-12 04:39:23'),
(256, 'asperiores', 32, '2021-08-12 04:39:23', '2021-08-12 04:39:23'),
(257, 'distinctio', 33, '2021-08-12 04:39:23', '2021-08-12 04:39:23'),
(258, 'repellat', 33, '2021-08-12 04:39:23', '2021-08-12 04:39:23'),
(259, 'quo', 33, '2021-08-12 04:39:23', '2021-08-12 04:39:23'),
(260, 'quibusdam', 33, '2021-08-12 04:39:23', '2021-08-12 04:39:23'),
(261, 'inventore', 33, '2021-08-12 04:39:23', '2021-08-12 04:39:23'),
(262, 'nesciunt', 33, '2021-08-12 04:39:23', '2021-08-12 04:39:23'),
(263, 'ut', 33, '2021-08-12 04:39:23', '2021-08-12 04:39:23'),
(264, 'non', 33, '2021-08-12 04:39:23', '2021-08-12 04:39:23'),
(265, 'iusto', 34, '2021-08-12 04:39:23', '2021-08-12 04:39:23'),
(266, 'ex', 34, '2021-08-12 04:39:23', '2021-08-12 04:39:23'),
(267, 'inventore', 34, '2021-08-12 04:39:23', '2021-08-12 04:39:23'),
(268, 'quam', 34, '2021-08-12 04:39:23', '2021-08-12 04:39:23'),
(269, 'voluptatibus', 34, '2021-08-12 04:39:23', '2021-08-12 04:39:23'),
(270, 'est', 34, '2021-08-12 04:39:23', '2021-08-12 04:39:23'),
(271, 'minus', 34, '2021-08-12 04:39:23', '2021-08-12 04:39:23'),
(272, 'tempora', 34, '2021-08-12 04:39:23', '2021-08-12 04:39:23'),
(273, 'enim', 35, '2021-08-12 04:39:23', '2021-08-12 04:39:23'),
(274, 'nihil', 35, '2021-08-12 04:39:23', '2021-08-12 04:39:23'),
(275, 'ex', 35, '2021-08-12 04:39:23', '2021-08-12 04:39:23'),
(276, 'tempora', 35, '2021-08-12 04:39:23', '2021-08-12 04:39:23'),
(277, 'error', 35, '2021-08-12 04:39:23', '2021-08-12 04:39:23'),
(278, 'ex', 35, '2021-08-12 04:39:23', '2021-08-12 04:39:23'),
(279, 'in', 35, '2021-08-12 04:39:23', '2021-08-12 04:39:23'),
(280, 'cum', 35, '2021-08-12 04:39:23', '2021-08-12 04:39:23'),
(281, 'optio', 36, '2021-08-12 04:39:23', '2021-08-12 04:39:23'),
(282, 'voluptas', 36, '2021-08-12 04:39:23', '2021-08-12 04:39:23'),
(283, 'omnis', 36, '2021-08-12 04:39:23', '2021-08-12 04:39:23'),
(284, 'consequatur', 36, '2021-08-12 04:39:23', '2021-08-12 04:39:23'),
(285, 'at', 36, '2021-08-12 04:39:23', '2021-08-12 04:39:23'),
(286, 'vero', 36, '2021-08-12 04:39:23', '2021-08-12 04:39:23'),
(287, 'cumque', 36, '2021-08-12 04:39:23', '2021-08-12 04:39:23'),
(288, 'qui', 36, '2021-08-12 04:39:23', '2021-08-12 04:39:23'),
(289, 'aut', 37, '2021-08-12 04:39:23', '2021-08-12 04:39:23'),
(290, 'laboriosam', 37, '2021-08-12 04:39:23', '2021-08-12 04:39:23'),
(291, 'quis', 37, '2021-08-12 04:39:23', '2021-08-12 04:39:23'),
(292, 'suscipit', 37, '2021-08-12 04:39:23', '2021-08-12 04:39:23'),
(293, 'quis', 37, '2021-08-12 04:39:23', '2021-08-12 04:39:23'),
(294, 'rem', 37, '2021-08-12 04:39:23', '2021-08-12 04:39:23'),
(295, 'est', 37, '2021-08-12 04:39:23', '2021-08-12 04:39:23'),
(296, 'rerum', 37, '2021-08-12 04:39:23', '2021-08-12 04:39:23'),
(297, 'debitis', 38, '2021-08-12 04:39:23', '2021-08-12 04:39:23'),
(298, 'veniam', 38, '2021-08-12 04:39:23', '2021-08-12 04:39:23'),
(299, 'ex', 38, '2021-08-12 04:39:23', '2021-08-12 04:39:23'),
(300, 'totam', 38, '2021-08-12 04:39:23', '2021-08-12 04:39:23'),
(301, 'amet', 38, '2021-08-12 04:39:23', '2021-08-12 04:39:23'),
(302, 'error', 38, '2021-08-12 04:39:23', '2021-08-12 04:39:23'),
(303, 'temporibus', 38, '2021-08-12 04:39:23', '2021-08-12 04:39:23'),
(304, 'eum', 38, '2021-08-12 04:39:23', '2021-08-12 04:39:23'),
(305, 'officiis', 39, '2021-08-12 04:39:23', '2021-08-12 04:39:23'),
(306, 'optio', 39, '2021-08-12 04:39:23', '2021-08-12 04:39:23'),
(307, 'omnis', 39, '2021-08-12 04:39:23', '2021-08-12 04:39:23'),
(308, 'molestiae', 39, '2021-08-12 04:39:23', '2021-08-12 04:39:23'),
(309, 'ducimus', 39, '2021-08-12 04:39:23', '2021-08-12 04:39:23'),
(310, 'eos', 39, '2021-08-12 04:39:23', '2021-08-12 04:39:23'),
(311, 'veniam', 39, '2021-08-12 04:39:23', '2021-08-12 04:39:23'),
(312, 'vel', 39, '2021-08-12 04:39:23', '2021-08-12 04:39:23'),
(313, 'facilis', 40, '2021-08-12 04:39:23', '2021-08-12 04:39:23'),
(314, 'qui', 40, '2021-08-12 04:39:23', '2021-08-12 04:39:23'),
(315, 'nulla', 40, '2021-08-12 04:39:23', '2021-08-12 04:39:23'),
(316, 'eum', 40, '2021-08-12 04:39:23', '2021-08-12 04:39:23'),
(317, 'necessitatibus', 40, '2021-08-12 04:39:23', '2021-08-12 04:39:23'),
(318, 'laudantium', 40, '2021-08-12 04:39:23', '2021-08-12 04:39:23'),
(319, 'excepturi', 40, '2021-08-12 04:39:23', '2021-08-12 04:39:23'),
(320, 'pariatur', 40, '2021-08-12 04:39:23', '2021-08-12 04:39:23'),
(321, 'facilis', 41, '2021-08-12 04:39:23', '2021-08-12 04:39:23'),
(322, 'corporis', 41, '2021-08-12 04:39:23', '2021-08-12 04:39:23'),
(323, 'aliquam', 41, '2021-08-12 04:39:23', '2021-08-12 04:39:23'),
(324, 'dicta', 41, '2021-08-12 04:39:23', '2021-08-12 04:39:23'),
(325, 'sed', 41, '2021-08-12 04:39:23', '2021-08-12 04:39:23'),
(326, 'eveniet', 41, '2021-08-12 04:39:23', '2021-08-12 04:39:23'),
(327, 'omnis', 41, '2021-08-12 04:39:23', '2021-08-12 04:39:23'),
(328, 'quaerat', 41, '2021-08-12 04:39:23', '2021-08-12 04:39:23'),
(329, 'necessitatibus', 42, '2021-08-12 04:39:23', '2021-08-12 04:39:23'),
(330, 'et', 42, '2021-08-12 04:39:23', '2021-08-12 04:39:23'),
(331, 'qui', 42, '2021-08-12 04:39:23', '2021-08-12 04:39:23'),
(332, 'aspernatur', 42, '2021-08-12 04:39:23', '2021-08-12 04:39:23'),
(333, 'voluptatem', 42, '2021-08-12 04:39:23', '2021-08-12 04:39:23'),
(334, 'dolor', 42, '2021-08-12 04:39:23', '2021-08-12 04:39:23'),
(335, 'nulla', 42, '2021-08-12 04:39:23', '2021-08-12 04:39:23'),
(336, 'est', 42, '2021-08-12 04:39:23', '2021-08-12 04:39:23'),
(337, 'aut', 43, '2021-08-12 04:39:23', '2021-08-12 04:39:23'),
(338, 'qui', 43, '2021-08-12 04:39:23', '2021-08-12 04:39:23'),
(339, 'quis', 43, '2021-08-12 04:39:23', '2021-08-12 04:39:23'),
(340, 'quidem', 43, '2021-08-12 04:39:23', '2021-08-12 04:39:23'),
(341, 'quia', 43, '2021-08-12 04:39:23', '2021-08-12 04:39:23'),
(342, 'eligendi', 43, '2021-08-12 04:39:23', '2021-08-12 04:39:23'),
(343, 'dolor', 43, '2021-08-12 04:39:23', '2021-08-12 04:39:23'),
(344, 'repudiandae', 43, '2021-08-12 04:39:23', '2021-08-12 04:39:23'),
(345, 'harum', 44, '2021-08-12 04:39:23', '2021-08-12 04:39:23'),
(346, 'consectetur', 44, '2021-08-12 04:39:23', '2021-08-12 04:39:23'),
(347, 'possimus', 44, '2021-08-12 04:39:23', '2021-08-12 04:39:23'),
(348, 'dolore', 44, '2021-08-12 04:39:23', '2021-08-12 04:39:23'),
(349, 'molestias', 44, '2021-08-12 04:39:23', '2021-08-12 04:39:23'),
(350, 'consectetur', 44, '2021-08-12 04:39:23', '2021-08-12 04:39:23'),
(351, 'amet', 44, '2021-08-12 04:39:23', '2021-08-12 04:39:23'),
(352, 'expedita', 44, '2021-08-12 04:39:23', '2021-08-12 04:39:23'),
(353, 'amet', 45, '2021-08-12 04:39:23', '2021-08-12 04:39:23'),
(354, 'et', 45, '2021-08-12 04:39:23', '2021-08-12 04:39:23'),
(355, 'itaque', 45, '2021-08-12 04:39:23', '2021-08-12 04:39:23'),
(356, 'beatae', 45, '2021-08-12 04:39:23', '2021-08-12 04:39:23'),
(357, 'eligendi', 45, '2021-08-12 04:39:23', '2021-08-12 04:39:23'),
(358, 'ducimus', 45, '2021-08-12 04:39:23', '2021-08-12 04:39:23'),
(359, 'dolor', 45, '2021-08-12 04:39:23', '2021-08-12 04:39:23'),
(360, 'magni', 45, '2021-08-12 04:39:23', '2021-08-12 04:39:23'),
(361, 'quo', 46, '2021-08-12 04:39:23', '2021-08-12 04:39:23'),
(362, 'omnis', 46, '2021-08-12 04:39:23', '2021-08-12 04:39:23'),
(363, 'illum', 46, '2021-08-12 04:39:23', '2021-08-12 04:39:23'),
(364, 'minus', 46, '2021-08-12 04:39:23', '2021-08-12 04:39:23'),
(365, 'natus', 46, '2021-08-12 04:39:23', '2021-08-12 04:39:23'),
(366, 'maiores', 46, '2021-08-12 04:39:23', '2021-08-12 04:39:23'),
(367, 'ut', 46, '2021-08-12 04:39:23', '2021-08-12 04:39:23'),
(368, 'consequuntur', 46, '2021-08-12 04:39:23', '2021-08-12 04:39:23'),
(369, 'similique', 47, '2021-08-12 04:39:23', '2021-08-12 04:39:23'),
(370, 'autem', 47, '2021-08-12 04:39:23', '2021-08-12 04:39:23'),
(371, 'vel', 47, '2021-08-12 04:39:23', '2021-08-12 04:39:23'),
(372, 'maxime', 47, '2021-08-12 04:39:23', '2021-08-12 04:39:23'),
(373, 'esse', 47, '2021-08-12 04:39:23', '2021-08-12 04:39:23'),
(374, 'earum', 47, '2021-08-12 04:39:23', '2021-08-12 04:39:23'),
(375, 'ullam', 47, '2021-08-12 04:39:23', '2021-08-12 04:39:23'),
(376, 'non', 47, '2021-08-12 04:39:23', '2021-08-12 04:39:23'),
(377, 'debitis', 48, '2021-08-12 04:39:23', '2021-08-12 04:39:23'),
(378, 'corrupti', 48, '2021-08-12 04:39:23', '2021-08-12 04:39:23'),
(379, 'laborum', 48, '2021-08-12 04:39:23', '2021-08-12 04:39:23'),
(380, 'consequuntur', 48, '2021-08-12 04:39:23', '2021-08-12 04:39:23'),
(381, 'possimus', 48, '2021-08-12 04:39:23', '2021-08-12 04:39:23'),
(382, 'ea', 48, '2021-08-12 04:39:23', '2021-08-12 04:39:23'),
(383, 'hic', 48, '2021-08-12 04:39:23', '2021-08-12 04:39:23'),
(384, 'amet', 48, '2021-08-12 04:39:23', '2021-08-12 04:39:23'),
(385, 'rerum', 49, '2021-08-12 04:39:23', '2021-08-12 04:39:23'),
(386, 'quos', 49, '2021-08-12 04:39:23', '2021-08-12 04:39:23'),
(387, 'possimus', 49, '2021-08-12 04:39:23', '2021-08-12 04:39:23'),
(388, 'quis', 49, '2021-08-12 04:39:23', '2021-08-12 04:39:23'),
(389, 'et', 49, '2021-08-12 04:39:23', '2021-08-12 04:39:23'),
(390, 'sint', 49, '2021-08-12 04:39:23', '2021-08-12 04:39:23'),
(391, 'ea', 49, '2021-08-12 04:39:23', '2021-08-12 04:39:23'),
(392, 'facere', 49, '2021-08-12 04:39:23', '2021-08-12 04:39:23'),
(393, 'dolorum', 50, '2021-08-12 04:39:23', '2021-08-12 04:39:23'),
(394, 'totam', 50, '2021-08-12 04:39:23', '2021-08-12 04:39:23'),
(395, 'tenetur', 50, '2021-08-12 04:39:23', '2021-08-12 04:39:23'),
(396, 'dolorum', 50, '2021-08-12 04:39:23', '2021-08-12 04:39:23'),
(397, 'dolores', 50, '2021-08-12 04:39:23', '2021-08-12 04:39:23'),
(398, 'doloribus', 50, '2021-08-12 04:39:23', '2021-08-12 04:39:23'),
(399, 'atque', 50, '2021-08-12 04:39:23', '2021-08-12 04:39:23'),
(400, 'similique', 50, '2021-08-12 04:39:23', '2021-08-12 04:39:23'),
(401, 'incidunt', 51, '2021-08-12 04:39:23', '2021-08-12 04:39:23'),
(402, 'possimus', 51, '2021-08-12 04:39:23', '2021-08-12 04:39:23'),
(403, 'perferendis', 51, '2021-08-12 04:39:23', '2021-08-12 04:39:23'),
(404, 'mollitia', 51, '2021-08-12 04:39:23', '2021-08-12 04:39:23'),
(405, 'modi', 51, '2021-08-12 04:39:23', '2021-08-12 04:39:23'),
(406, 'ut', 51, '2021-08-12 04:39:23', '2021-08-12 04:39:23'),
(407, 'odio', 51, '2021-08-12 04:39:23', '2021-08-12 04:39:23'),
(408, 'explicabo', 51, '2021-08-12 04:39:23', '2021-08-12 04:39:23'),
(409, 'deleniti', 52, '2021-08-12 04:39:23', '2021-08-12 04:39:23'),
(410, 'commodi', 52, '2021-08-12 04:39:23', '2021-08-12 04:39:23'),
(411, 'quo', 52, '2021-08-12 04:39:23', '2021-08-12 04:39:23'),
(412, 'ipsa', 52, '2021-08-12 04:39:23', '2021-08-12 04:39:23'),
(413, 'et', 52, '2021-08-12 04:39:23', '2021-08-12 04:39:23'),
(414, 'non', 52, '2021-08-12 04:39:23', '2021-08-12 04:39:23'),
(415, 'tempora', 52, '2021-08-12 04:39:24', '2021-08-12 04:39:24'),
(416, 'vel', 52, '2021-08-12 04:39:24', '2021-08-12 04:39:24'),
(417, 'possimus', 53, '2021-08-12 04:39:24', '2021-08-12 04:39:24'),
(418, 'qui', 53, '2021-08-12 04:39:24', '2021-08-12 04:39:24'),
(419, 'occaecati', 53, '2021-08-12 04:39:24', '2021-08-12 04:39:24'),
(420, 'magni', 53, '2021-08-12 04:39:24', '2021-08-12 04:39:24'),
(421, 'voluptas', 53, '2021-08-12 04:39:24', '2021-08-12 04:39:24'),
(422, 'veniam', 53, '2021-08-12 04:39:24', '2021-08-12 04:39:24'),
(423, 'expedita', 53, '2021-08-12 04:39:24', '2021-08-12 04:39:24'),
(424, 'quas', 53, '2021-08-12 04:39:24', '2021-08-12 04:39:24'),
(425, 'architecto', 54, '2021-08-12 04:39:24', '2021-08-12 04:39:24'),
(426, 'voluptatem', 54, '2021-08-12 04:39:24', '2021-08-12 04:39:24'),
(427, 'incidunt', 54, '2021-08-12 04:39:24', '2021-08-12 04:39:24'),
(428, 'veritatis', 54, '2021-08-12 04:39:24', '2021-08-12 04:39:24'),
(429, 'sequi', 54, '2021-08-12 04:39:24', '2021-08-12 04:39:24'),
(430, 'beatae', 54, '2021-08-12 04:39:24', '2021-08-12 04:39:24'),
(431, 'qui', 54, '2021-08-12 04:39:24', '2021-08-12 04:39:24'),
(432, 'recusandae', 54, '2021-08-12 04:39:24', '2021-08-12 04:39:24'),
(433, 'libero', 55, '2021-08-12 04:39:24', '2021-08-12 04:39:24'),
(434, 'nesciunt', 55, '2021-08-12 04:39:24', '2021-08-12 04:39:24'),
(435, 'non', 55, '2021-08-12 04:39:24', '2021-08-12 04:39:24'),
(436, 'quam', 55, '2021-08-12 04:39:24', '2021-08-12 04:39:24'),
(437, 'vel', 55, '2021-08-12 04:39:24', '2021-08-12 04:39:24'),
(438, 'eum', 55, '2021-08-12 04:39:24', '2021-08-12 04:39:24'),
(439, 'aspernatur', 55, '2021-08-12 04:39:24', '2021-08-12 04:39:24'),
(440, 'quo', 55, '2021-08-12 04:39:24', '2021-08-12 04:39:24'),
(441, 'vel', 56, '2021-08-12 04:39:24', '2021-08-12 04:39:24'),
(442, 'est', 56, '2021-08-12 04:39:24', '2021-08-12 04:39:24'),
(443, 'odit', 56, '2021-08-12 04:39:24', '2021-08-12 04:39:24'),
(444, 'velit', 56, '2021-08-12 04:39:24', '2021-08-12 04:39:24'),
(445, 'similique', 56, '2021-08-12 04:39:24', '2021-08-12 04:39:24'),
(446, 'id', 56, '2021-08-12 04:39:24', '2021-08-12 04:39:24'),
(447, 'optio', 56, '2021-08-12 04:39:24', '2021-08-12 04:39:24'),
(448, 'ipsum', 56, '2021-08-12 04:39:24', '2021-08-12 04:39:24'),
(449, 'repellendus', 57, '2021-08-12 04:39:24', '2021-08-12 04:39:24'),
(450, 'maxime', 57, '2021-08-12 04:39:24', '2021-08-12 04:39:24'),
(451, 'architecto', 57, '2021-08-12 04:39:24', '2021-08-12 04:39:24'),
(452, 'pariatur', 57, '2021-08-12 04:39:24', '2021-08-12 04:39:24'),
(453, 'quas', 57, '2021-08-12 04:39:24', '2021-08-12 04:39:24'),
(454, 'et', 57, '2021-08-12 04:39:24', '2021-08-12 04:39:24'),
(455, 'ullam', 57, '2021-08-12 04:39:24', '2021-08-12 04:39:24'),
(456, 'minus', 57, '2021-08-12 04:39:24', '2021-08-12 04:39:24'),
(457, 'voluptas', 58, '2021-08-12 04:39:24', '2021-08-12 04:39:24'),
(458, 'est', 58, '2021-08-12 04:39:24', '2021-08-12 04:39:24'),
(459, 'incidunt', 58, '2021-08-12 04:39:24', '2021-08-12 04:39:24'),
(460, 'omnis', 58, '2021-08-12 04:39:24', '2021-08-12 04:39:24'),
(461, 'minus', 58, '2021-08-12 04:39:24', '2021-08-12 04:39:24'),
(462, 'rerum', 58, '2021-08-12 04:39:24', '2021-08-12 04:39:24'),
(463, 'voluptatem', 58, '2021-08-12 04:39:24', '2021-08-12 04:39:24'),
(464, 'praesentium', 58, '2021-08-12 04:39:24', '2021-08-12 04:39:24'),
(465, 'sint', 59, '2021-08-12 04:39:24', '2021-08-12 04:39:24'),
(466, 'natus', 59, '2021-08-12 04:39:24', '2021-08-12 04:39:24'),
(467, 'ipsa', 59, '2021-08-12 04:39:24', '2021-08-12 04:39:24'),
(468, 'quia', 59, '2021-08-12 04:39:24', '2021-08-12 04:39:24'),
(469, 'dolor', 59, '2021-08-12 04:39:24', '2021-08-12 04:39:24'),
(470, 'repellat', 59, '2021-08-12 04:39:24', '2021-08-12 04:39:24'),
(471, 'quod', 59, '2021-08-12 04:39:24', '2021-08-12 04:39:24'),
(472, 'reiciendis', 59, '2021-08-12 04:39:24', '2021-08-12 04:39:24'),
(473, 'praesentium', 60, '2021-08-12 04:39:24', '2021-08-12 04:39:24'),
(474, 'reprehenderit', 60, '2021-08-12 04:39:24', '2021-08-12 04:39:24'),
(475, 'consequatur', 60, '2021-08-12 04:39:24', '2021-08-12 04:39:24'),
(476, 'et', 60, '2021-08-12 04:39:24', '2021-08-12 04:39:24'),
(477, 'quam', 60, '2021-08-12 04:39:24', '2021-08-12 04:39:24'),
(478, 'iusto', 60, '2021-08-12 04:39:24', '2021-08-12 04:39:24'),
(479, 'quia', 60, '2021-08-12 04:39:24', '2021-08-12 04:39:24'),
(480, 'saepe', 60, '2021-08-12 04:39:24', '2021-08-12 04:39:24'),
(481, 'commodi', 61, '2021-08-12 04:39:24', '2021-08-12 04:39:24'),
(482, 'qui', 61, '2021-08-12 04:39:24', '2021-08-12 04:39:24'),
(483, 'rerum', 61, '2021-08-12 04:39:24', '2021-08-12 04:39:24'),
(484, 'dolore', 61, '2021-08-12 04:39:24', '2021-08-12 04:39:24'),
(485, 'expedita', 61, '2021-08-12 04:39:24', '2021-08-12 04:39:24'),
(486, 'error', 61, '2021-08-12 04:39:24', '2021-08-12 04:39:24'),
(487, 'natus', 61, '2021-08-12 04:39:24', '2021-08-12 04:39:24'),
(488, 'et', 61, '2021-08-12 04:39:24', '2021-08-12 04:39:24'),
(489, 'maiores', 62, '2021-08-12 04:39:24', '2021-08-12 04:39:24'),
(490, 'est', 62, '2021-08-12 04:39:24', '2021-08-12 04:39:24'),
(491, 'dignissimos', 62, '2021-08-12 04:39:24', '2021-08-12 04:39:24'),
(492, 'impedit', 62, '2021-08-12 04:39:24', '2021-08-12 04:39:24'),
(493, 'ex', 62, '2021-08-12 04:39:24', '2021-08-12 04:39:24'),
(494, 'ducimus', 62, '2021-08-12 04:39:24', '2021-08-12 04:39:24'),
(495, 'ut', 62, '2021-08-12 04:39:24', '2021-08-12 04:39:24'),
(496, 'qui', 62, '2021-08-12 04:39:24', '2021-08-12 04:39:24'),
(497, 'rerum', 63, '2021-08-12 04:39:24', '2021-08-12 04:39:24'),
(498, 'explicabo', 63, '2021-08-12 04:39:24', '2021-08-12 04:39:24'),
(499, 'mollitia', 63, '2021-08-12 04:39:24', '2021-08-12 04:39:24'),
(500, 'quae', 63, '2021-08-12 04:39:24', '2021-08-12 04:39:24'),
(501, 'eum', 63, '2021-08-12 04:39:24', '2021-08-12 04:39:24'),
(502, 'deserunt', 63, '2021-08-12 04:39:24', '2021-08-12 04:39:24'),
(503, 'rerum', 63, '2021-08-12 04:39:24', '2021-08-12 04:39:24'),
(504, 'eum', 63, '2021-08-12 04:39:24', '2021-08-12 04:39:24'),
(505, 'nostrum', 64, '2021-08-12 04:39:24', '2021-08-12 04:39:24'),
(506, 'enim', 64, '2021-08-12 04:39:24', '2021-08-12 04:39:24'),
(507, 'aut', 64, '2021-08-12 04:39:24', '2021-08-12 04:39:24'),
(508, 'nihil', 64, '2021-08-12 04:39:24', '2021-08-12 04:39:24'),
(509, 'quas', 64, '2021-08-12 04:39:24', '2021-08-12 04:39:24'),
(510, 'aut', 64, '2021-08-12 04:39:24', '2021-08-12 04:39:24'),
(511, 'voluptates', 64, '2021-08-12 04:39:24', '2021-08-12 04:39:24'),
(512, 'magnam', 64, '2021-08-12 04:39:24', '2021-08-12 04:39:24');

-- --------------------------------------------------------

--
-- Estructura de tabla para la tabla `failed_jobs`
--

DROP TABLE IF EXISTS `failed_jobs`;
CREATE TABLE IF NOT EXISTS `failed_jobs` (
  `id` bigint(20) UNSIGNED NOT NULL AUTO_INCREMENT,
  `uuid` varchar(191) COLLATE utf8_unicode_ci NOT NULL,
  `connection` text COLLATE utf8_unicode_ci NOT NULL,
  `queue` text COLLATE utf8_unicode_ci NOT NULL,
  `payload` longtext COLLATE utf8_unicode_ci NOT NULL,
  `exception` longtext COLLATE utf8_unicode_ci NOT NULL,
  `failed_at` timestamp NOT NULL DEFAULT current_timestamp(),
  PRIMARY KEY (`id`),
  UNIQUE KEY `failed_jobs_uuid_unique` (`uuid`)
) ENGINE=InnoDB DEFAULT CHARSET=utf8 COLLATE=utf8_unicode_ci;

-- --------------------------------------------------------

--
-- Estructura de tabla para la tabla `images`
--

DROP TABLE IF EXISTS `images`;
CREATE TABLE IF NOT EXISTS `images` (
  `id` bigint(20) UNSIGNED NOT NULL AUTO_INCREMENT,
  `url` varchar(191) COLLATE utf8_unicode_ci NOT NULL,
  `imageable_id` bigint(20) UNSIGNED NOT NULL,
  `imageable_type` varchar(191) COLLATE utf8_unicode_ci NOT NULL,
  `created_at` timestamp NULL DEFAULT NULL,
  `updated_at` timestamp NULL DEFAULT NULL,
  PRIMARY KEY (`id`)
) ENGINE=InnoDB AUTO_INCREMENT=1002 DEFAULT CHARSET=utf8 COLLATE=utf8_unicode_ci;

--
-- Volcado de datos para la tabla `images`
--

INSERT INTO `images` (`id`, `url`, `imageable_id`, `imageable_type`, `created_at`, `updated_at`) VALUES
(1, 'products/bf931c313e24098ef916aaa72b86b2ed.png', 1, 'App\\Models\\Product', '2021-08-12 04:02:03', '2021-08-12 04:02:03'),
(2, 'products/4253ca3d33ffab08b58c93922687af54.png', 1, 'App\\Models\\Product', '2021-08-12 04:02:04', '2021-08-12 04:02:04'),
(3, 'products/9f6c5ea8864b961b8f326cfe7f74bb49.png', 1, 'App\\Models\\Product', '2021-08-12 04:02:04', '2021-08-12 04:02:04'),
(4, 'products/d50588927a74caa137754f32b471fd80.png', 1, 'App\\Models\\Product', '2021-08-12 04:02:04', '2021-08-12 04:02:04'),
(5, 'products/2ac7511099937b29343b66163d3ae81f.png', 2, 'App\\Models\\Product', '2021-08-12 04:02:09', '2021-08-12 04:02:09'),
(6, 'products/74fee657f2802fc89950a554bfd72fbf.png', 2, 'App\\Models\\Product', '2021-08-12 04:02:09', '2021-08-12 04:02:09'),
(7, 'products/941eb43d8bc8269e80e300157c157202.png', 2, 'App\\Models\\Product', '2021-08-12 04:02:09', '2021-08-12 04:02:09'),
(8, 'products/e1aa37e3c795739e623cd9b63f3feb08.png', 2, 'App\\Models\\Product', '2021-08-12 04:02:09', '2021-08-12 04:02:09'),
(9, 'products/bc3c2fb557cd4da3baa3a23653e2e133.png', 3, 'App\\Models\\Product', '2021-08-12 04:02:34', '2021-08-12 04:02:34'),
(10, 'products/20f6ededa369ec848c928d24887f7093.png', 3, 'App\\Models\\Product', '2021-08-12 04:02:34', '2021-08-12 04:02:34'),
(11, 'products/fc801a5ba016dc5d316b031cd4348fa0.png', 3, 'App\\Models\\Product', '2021-08-12 04:02:34', '2021-08-12 04:02:34'),
(12, 'products/b9e29f2e62d55685436dc21221cdb30d.png', 3, 'App\\Models\\Product', '2021-08-12 04:02:34', '2021-08-12 04:02:34'),
(13, 'products/2d799e79085e104cccdef6c7cc5ba5bc.png', 4, 'App\\Models\\Product', '2021-08-12 04:02:43', '2021-08-12 04:02:43'),
(14, 'products/a8bb0db2c1fdcc7d56ee79b1f9e0517a.png', 4, 'App\\Models\\Product', '2021-08-12 04:02:43', '2021-08-12 04:02:43'),
(15, 'products/be11e7bda31b4fe917abd8b9f2eb5e1b.png', 4, 'App\\Models\\Product', '2021-08-12 04:02:43', '2021-08-12 04:02:43'),
(16, 'products/4317291a1bc31cebb247240ff083fb8a.png', 4, 'App\\Models\\Product', '2021-08-12 04:02:43', '2021-08-12 04:02:43'),
(17, 'products/438be253d7f789f47d1caffe79807762.png', 5, 'App\\Models\\Product', '2021-08-12 04:03:39', '2021-08-12 04:03:39'),
(18, 'products/eaf0a20604eb607a66d1bb3c4c776ab2.png', 5, 'App\\Models\\Product', '2021-08-12 04:03:39', '2021-08-12 04:03:39'),
(19, 'products/02d6568599066dc41ef84846efbbb7f1.png', 5, 'App\\Models\\Product', '2021-08-12 04:03:39', '2021-08-12 04:03:39'),
(20, 'products/59cbaab4a148307b29c2fe862475b83e.png', 5, 'App\\Models\\Product', '2021-08-12 04:03:39', '2021-08-12 04:03:39'),
(21, 'products/552c98c84fd48165934d22ef10c6bc28.png', 6, 'App\\Models\\Product', '2021-08-12 04:04:07', '2021-08-12 04:04:07'),
(22, 'products/1f1f19e4ea095e466adeac20ac6f68d3.png', 6, 'App\\Models\\Product', '2021-08-12 04:04:07', '2021-08-12 04:04:07'),
(23, 'products/daea46d09a7a8936500161b614dd7a15.png', 6, 'App\\Models\\Product', '2021-08-12 04:04:07', '2021-08-12 04:04:07'),
(24, 'products/a2e3ba1df47a07323de083cbaf8a9a6e.png', 6, 'App\\Models\\Product', '2021-08-12 04:04:07', '2021-08-12 04:04:07'),
(25, 'products/c58f4ab348728ed4da00dfee4efbf1ad.png', 7, 'App\\Models\\Product', '2021-08-12 04:04:10', '2021-08-12 04:04:10'),
(26, 'products/fc529bf1ac97bf0db234d4b1d5bcb9af.png', 7, 'App\\Models\\Product', '2021-08-12 04:04:10', '2021-08-12 04:04:10'),
(27, 'products/51c8215953654920759cde190849e8df.png', 7, 'App\\Models\\Product', '2021-08-12 04:04:10', '2021-08-12 04:04:10'),
(28, 'products/b31fb352b9652dc506cef44b1e175c41.png', 7, 'App\\Models\\Product', '2021-08-12 04:04:10', '2021-08-12 04:04:10'),
(29, 'products/d097ec1f71d46864a34b669db3d8f0d0.png', 8, 'App\\Models\\Product', '2021-08-12 04:04:48', '2021-08-12 04:04:48'),
(30, 'products/2bef29528fba67fa0772035550747776.png', 8, 'App\\Models\\Product', '2021-08-12 04:04:48', '2021-08-12 04:04:48'),
(31, 'products/667f90702d310b114d77eb877cf9c295.png', 8, 'App\\Models\\Product', '2021-08-12 04:04:48', '2021-08-12 04:04:48'),
(32, 'products/e92314484d83f7fe312a7098f233bc7f.png', 8, 'App\\Models\\Product', '2021-08-12 04:04:48', '2021-08-12 04:04:48'),
(37, 'products/266b1e9afc4cfaa770b97a5a74018ffb.png', 10, 'App\\Models\\Product', '2021-08-12 04:05:12', '2021-08-12 04:05:12'),
(38, 'products/1c39206c29cc0f3dd952c03708774709.png', 10, 'App\\Models\\Product', '2021-08-12 04:05:12', '2021-08-12 04:05:12'),
(39, 'products/4d2c6223863b483735748d481076eb75.png', 10, 'App\\Models\\Product', '2021-08-12 04:05:12', '2021-08-12 04:05:12'),
(40, 'products/a5420fb92502704ca0e5e7124662b405.png', 10, 'App\\Models\\Product', '2021-08-12 04:05:12', '2021-08-12 04:05:12'),
(41, 'products/4960c34c423db9b479777e723adb9710.png', 11, 'App\\Models\\Product', '2021-08-12 04:05:32', '2021-08-12 04:05:32'),
(42, 'products/30be5e3ad7a722c21d733c459135873e.png', 11, 'App\\Models\\Product', '2021-08-12 04:05:32', '2021-08-12 04:05:32'),
(43, 'products/e654d8e3e218029013593e5b3d0380ac.png', 11, 'App\\Models\\Product', '2021-08-12 04:05:32', '2021-08-12 04:05:32'),
(44, 'products/811bc562f738ae56383997f9899105a8.png', 11, 'App\\Models\\Product', '2021-08-12 04:05:32', '2021-08-12 04:05:32'),
(45, 'products/74374abe819c2decbf04f9a8e833d4e5.png', 12, 'App\\Models\\Product', '2021-08-12 04:05:50', '2021-08-12 04:05:50'),
(46, 'products/c6085ce7a239e3e95e4ccee444a9af56.png', 12, 'App\\Models\\Product', '2021-08-12 04:05:50', '2021-08-12 04:05:50'),
(47, 'products/04efbc63ed4548e39d98b76ceafb84b1.png', 12, 'App\\Models\\Product', '2021-08-12 04:05:50', '2021-08-12 04:05:50'),
(48, 'products/eb462731ab1bbf6defbcf6a2f39541f4.png', 12, 'App\\Models\\Product', '2021-08-12 04:05:50', '2021-08-12 04:05:50'),
(49, 'products/c8894d03555b4c198427076048a130a3.png', 13, 'App\\Models\\Product', '2021-08-12 04:06:10', '2021-08-12 04:06:10'),
(50, 'products/36d08242dc31108cb83ce4d2beaa51ee.png', 13, 'App\\Models\\Product', '2021-08-12 04:06:11', '2021-08-12 04:06:11'),
(51, 'products/8f65b372c64aa7ab2d03539366619431.png', 13, 'App\\Models\\Product', '2021-08-12 04:06:11', '2021-08-12 04:06:11'),
(52, 'products/d543b3eb200e7f90bd800582148cd997.png', 13, 'App\\Models\\Product', '2021-08-12 04:06:11', '2021-08-12 04:06:11'),
(53, 'products/43ffe9154c7041710ef96652784adf58.png', 14, 'App\\Models\\Product', '2021-08-12 04:06:17', '2021-08-12 04:06:17'),
(54, 'products/bc0c26d7ebf6d89ff4471adf09d3563c.png', 14, 'App\\Models\\Product', '2021-08-12 04:06:17', '2021-08-12 04:06:17'),
(55, 'products/03c3e6deebef8b4836e7e95c8fca492c.png', 14, 'App\\Models\\Product', '2021-08-12 04:06:17', '2021-08-12 04:06:17'),
(56, 'products/3893868894204b771811438245b8809b.png', 14, 'App\\Models\\Product', '2021-08-12 04:06:17', '2021-08-12 04:06:17'),
(57, 'products/436ff806c20ece2ea114cc40efc7735c.png', 15, 'App\\Models\\Product', '2021-08-12 04:06:20', '2021-08-12 04:06:20'),
(58, 'products/d04ccbc78f180f3d1288ba5abcb84bbe.png', 15, 'App\\Models\\Product', '2021-08-12 04:06:20', '2021-08-12 04:06:20'),
(59, 'products/95628c81a985193ff2fcdb3156832d75.png', 15, 'App\\Models\\Product', '2021-08-12 04:06:20', '2021-08-12 04:06:20'),
(60, 'products/1d9f492ac1470cbb72b6ce465277fa15.png', 15, 'App\\Models\\Product', '2021-08-12 04:06:20', '2021-08-12 04:06:20'),
(61, 'products/d61a16110e2c2031d835131967d7c1b5.png', 16, 'App\\Models\\Product', '2021-08-12 04:07:13', '2021-08-12 04:07:13'),
(62, 'products/7c87540d7e592df176303695fecbc636.png', 16, 'App\\Models\\Product', '2021-08-12 04:07:13', '2021-08-12 04:07:13'),
(63, 'products/63c0c3585a2a2a4353bfcb9cb6a34a65.png', 16, 'App\\Models\\Product', '2021-08-12 04:07:13', '2021-08-12 04:07:13'),
(64, 'products/21c971cc5a190aaa958b1d49b27962dd.png', 16, 'App\\Models\\Product', '2021-08-12 04:07:13', '2021-08-12 04:07:13'),
(65, 'products/bbca6bddd3589346979b340aa75db599.png', 17, 'App\\Models\\Product', '2021-08-12 04:07:15', '2021-08-12 04:07:15'),
(66, 'products/6efb0a101fb18811fb6837e3cd357452.png', 17, 'App\\Models\\Product', '2021-08-12 04:07:15', '2021-08-12 04:07:15'),
(67, 'products/78d01c6306f7e5a701c7fbee5dd28a5a.png', 17, 'App\\Models\\Product', '2021-08-12 04:07:15', '2021-08-12 04:07:15'),
(68, 'products/3d4f7d55b28156516dd788c08d0bb959.png', 17, 'App\\Models\\Product', '2021-08-12 04:07:15', '2021-08-12 04:07:15'),
(69, 'products/96557ab6084884a79aebdfe3f57a13df.png', 18, 'App\\Models\\Product', '2021-08-12 04:07:39', '2021-08-12 04:07:39'),
(70, 'products/b73c0cb794458ffe958783513bde98ee.png', 18, 'App\\Models\\Product', '2021-08-12 04:07:39', '2021-08-12 04:07:39'),
(71, 'products/8f03f7dd218a185f5d9c365b8d2a05cd.png', 18, 'App\\Models\\Product', '2021-08-12 04:07:39', '2021-08-12 04:07:39'),
(72, 'products/102cca606533f96f8243d437b44f45a0.png', 18, 'App\\Models\\Product', '2021-08-12 04:07:39', '2021-08-12 04:07:39'),
(73, 'products/65627b8a053d45c6ee8d75ab03fdb19e.png', 19, 'App\\Models\\Product', '2021-08-12 04:07:43', '2021-08-12 04:07:43'),
(74, 'products/d05677d4b5ba364bd5dc38575a40a0cf.png', 19, 'App\\Models\\Product', '2021-08-12 04:07:43', '2021-08-12 04:07:43'),
(75, 'products/0af3d6bba2b09cb0af9ad47573516b98.png', 19, 'App\\Models\\Product', '2021-08-12 04:07:43', '2021-08-12 04:07:43'),
(76, 'products/92bf5607325664903c39de734197e764.png', 19, 'App\\Models\\Product', '2021-08-12 04:07:43', '2021-08-12 04:07:43'),
(77, 'products/91dbee5801f7bb50e8f8ec37870c25d6.png', 20, 'App\\Models\\Product', '2021-08-12 04:07:48', '2021-08-12 04:07:48'),
(78, 'products/a359a747e9e65a6755c04ed9c4f505f8.png', 20, 'App\\Models\\Product', '2021-08-12 04:07:48', '2021-08-12 04:07:48'),
(79, 'products/6b1cffe996ea21eee81a732a8b8d860d.png', 20, 'App\\Models\\Product', '2021-08-12 04:07:48', '2021-08-12 04:07:48'),
(80, 'products/a03539c360f8d2f2b5ab53daa2325825.png', 20, 'App\\Models\\Product', '2021-08-12 04:07:48', '2021-08-12 04:07:48'),
(81, 'products/6b4881b030edce8592b58dfea4a0e179.png', 21, 'App\\Models\\Product', '2021-08-12 04:07:49', '2021-08-12 04:07:49'),
(82, 'products/bd8e7a222f931003a35a1eade5013c13.png', 21, 'App\\Models\\Product', '2021-08-12 04:07:49', '2021-08-12 04:07:49'),
(83, 'products/95fd10431b07c4cf96f9b3ee44f67c41.png', 21, 'App\\Models\\Product', '2021-08-12 04:07:49', '2021-08-12 04:07:49'),
(84, 'products/70f6fda2b05626cf7fb103892ad05959.png', 21, 'App\\Models\\Product', '2021-08-12 04:07:49', '2021-08-12 04:07:49'),
(85, 'products/0457f2ced4453b75be47e0427efc15df.png', 22, 'App\\Models\\Product', '2021-08-12 04:08:09', '2021-08-12 04:08:09'),
(86, 'products/7130257badbe92b58d07e925765a5fca.png', 22, 'App\\Models\\Product', '2021-08-12 04:08:09', '2021-08-12 04:08:09'),
(87, 'products/ff36f8dc3a8c2c09461dd675af17ef7b.png', 22, 'App\\Models\\Product', '2021-08-12 04:08:09', '2021-08-12 04:08:09'),
(88, 'products/3ea13a4aa2d81bf0278744ec873249a3.png', 22, 'App\\Models\\Product', '2021-08-12 04:08:09', '2021-08-12 04:08:09'),
(89, 'products/f46b4c58e59400dd37dc7aeb77864c5b.png', 23, 'App\\Models\\Product', '2021-08-12 04:08:17', '2021-08-12 04:08:17'),
(90, 'products/9e1681af56703536c255cf69f7747de3.png', 23, 'App\\Models\\Product', '2021-08-12 04:08:17', '2021-08-12 04:08:17'),
(91, 'products/acb6c56607c485a97c944e466865b885.png', 23, 'App\\Models\\Product', '2021-08-12 04:08:17', '2021-08-12 04:08:17'),
(92, 'products/63374341d3987ec67b03404f5e2c5da4.png', 23, 'App\\Models\\Product', '2021-08-12 04:08:17', '2021-08-12 04:08:17'),
(93, 'products/47be61ca9c89b1e9cd5fc467827511d0.png', 24, 'App\\Models\\Product', '2021-08-12 04:08:30', '2021-08-12 04:08:30'),
(94, 'products/1bbd35fabdeb29c8690a75084ae8bdd2.png', 24, 'App\\Models\\Product', '2021-08-12 04:08:30', '2021-08-12 04:08:30'),
(95, 'products/9ecf4891bd877e461c82104f5bfc48ba.png', 24, 'App\\Models\\Product', '2021-08-12 04:08:30', '2021-08-12 04:08:30'),
(96, 'products/2adb656f968900d40bdf50848101e034.png', 24, 'App\\Models\\Product', '2021-08-12 04:08:30', '2021-08-12 04:08:30'),
(97, 'products/f2ea06332f4b705f22cb15ac93def876.png', 25, 'App\\Models\\Product', '2021-08-12 04:08:38', '2021-08-12 04:08:38'),
(98, 'products/202daae6242678ecdfbbf7f1d1396dc7.png', 25, 'App\\Models\\Product', '2021-08-12 04:08:38', '2021-08-12 04:08:38'),
(99, 'products/53970db6f087796c4dbd329b109c1d53.png', 25, 'App\\Models\\Product', '2021-08-12 04:08:38', '2021-08-12 04:08:38'),
(100, 'products/d0aec32482d95454ec1b0984cc0067d9.png', 25, 'App\\Models\\Product', '2021-08-12 04:08:38', '2021-08-12 04:08:38'),
(101, 'products/947a5b19504e2ef0b8a5d55a3214f5ba.png', 26, 'App\\Models\\Product', '2021-08-12 04:08:45', '2021-08-12 04:08:45'),
(102, 'products/296cac038c10ba6e592bc463f5583972.png', 26, 'App\\Models\\Product', '2021-08-12 04:08:45', '2021-08-12 04:08:45'),
(103, 'products/ab7c20eda7230e5a86def0f9766a06df.png', 26, 'App\\Models\\Product', '2021-08-12 04:08:45', '2021-08-12 04:08:45'),
(104, 'products/a0d58074cf169b2035e76e1125993c62.png', 26, 'App\\Models\\Product', '2021-08-12 04:08:45', '2021-08-12 04:08:45'),
(105, 'products/9e1709f8396b5166fc291783b952636e.png', 27, 'App\\Models\\Product', '2021-08-12 04:08:48', '2021-08-12 04:08:48'),
(106, 'products/044beef33245ebe5e21a0ab32ce59321.png', 27, 'App\\Models\\Product', '2021-08-12 04:08:48', '2021-08-12 04:08:48'),
(107, 'products/0c48af9bbffd20ff0004f47e2ad69c08.png', 27, 'App\\Models\\Product', '2021-08-12 04:08:48', '2021-08-12 04:08:48'),
(108, 'products/113c3be87b9d172247d985ae004df5af.png', 27, 'App\\Models\\Product', '2021-08-12 04:08:48', '2021-08-12 04:08:48'),
(109, 'products/3127bcab1753fa34545924fe8f632e3e.png', 28, 'App\\Models\\Product', '2021-08-12 04:09:07', '2021-08-12 04:09:07'),
(110, 'products/d18a6be822108e60c3f040003e8c6908.png', 28, 'App\\Models\\Product', '2021-08-12 04:09:07', '2021-08-12 04:09:07'),
(111, 'products/55e8668037ec226ba8a50dbc5c012f8a.png', 28, 'App\\Models\\Product', '2021-08-12 04:09:07', '2021-08-12 04:09:07'),
(112, 'products/f334f6e8eac7078f0a98232aefdc86e6.png', 28, 'App\\Models\\Product', '2021-08-12 04:09:07', '2021-08-12 04:09:07'),
(113, 'products/23ba49749c51d8cfab138e95166a126f.png', 29, 'App\\Models\\Product', '2021-08-12 04:09:16', '2021-08-12 04:09:16'),
(114, 'products/abd3f740c103fc7f732b988010004711.png', 29, 'App\\Models\\Product', '2021-08-12 04:09:16', '2021-08-12 04:09:16'),
(115, 'products/654a23d7c0102529254fefccc76f69a3.png', 29, 'App\\Models\\Product', '2021-08-12 04:09:16', '2021-08-12 04:09:16'),
(116, 'products/078032de0667bc1e3bc6f5c7ffc76b43.png', 29, 'App\\Models\\Product', '2021-08-12 04:09:16', '2021-08-12 04:09:16'),
(117, 'products/fa81284ba6b084f6fbe9af7e8f79db8a.png', 30, 'App\\Models\\Product', '2021-08-12 04:09:17', '2021-08-12 04:09:17'),
(118, 'products/df9bcdc5f70e79ac6f00e0dbf100409f.png', 30, 'App\\Models\\Product', '2021-08-12 04:09:17', '2021-08-12 04:09:17'),
(119, 'products/fa4d4ef950f847a5cb4d733671237238.png', 30, 'App\\Models\\Product', '2021-08-12 04:09:17', '2021-08-12 04:09:17'),
(120, 'products/90e72bcc094d802530ee2dd64e771b15.png', 30, 'App\\Models\\Product', '2021-08-12 04:09:17', '2021-08-12 04:09:17'),
(121, 'products/e860275735216c5410e2e10d0a5128ba.png', 31, 'App\\Models\\Product', '2021-08-12 04:09:23', '2021-08-12 04:09:23'),
(122, 'products/bcccf4923b59cf3bf4b4dfeb798fba5b.png', 31, 'App\\Models\\Product', '2021-08-12 04:09:23', '2021-08-12 04:09:23'),
(123, 'products/806d39d1a68e422564b944b2d602678b.png', 31, 'App\\Models\\Product', '2021-08-12 04:09:23', '2021-08-12 04:09:23'),
(124, 'products/ad161298722c718aaec49c814346dcbf.png', 31, 'App\\Models\\Product', '2021-08-12 04:09:23', '2021-08-12 04:09:23'),
(125, 'products/4be665588da3354ccec1e9d447162b94.png', 32, 'App\\Models\\Product', '2021-08-12 04:09:26', '2021-08-12 04:09:26'),
(126, 'products/d51e171c2539b2851504af51b2fea472.png', 32, 'App\\Models\\Product', '2021-08-12 04:09:26', '2021-08-12 04:09:26'),
(127, 'products/685d2ba906b959c47673375da5aa8d89.png', 32, 'App\\Models\\Product', '2021-08-12 04:09:26', '2021-08-12 04:09:26'),
(128, 'products/bc163eaa2fa3d4e14daa98a362ea9834.png', 32, 'App\\Models\\Product', '2021-08-12 04:09:26', '2021-08-12 04:09:26'),
(129, 'products/1f0b12705bee80b5c85260862fd72b0e.png', 33, 'App\\Models\\Product', '2021-08-12 04:09:30', '2021-08-12 04:09:30'),
(130, 'products/9166d32dff9bbdd426d62f628137d208.png', 33, 'App\\Models\\Product', '2021-08-12 04:09:30', '2021-08-12 04:09:30'),
(131, 'products/f766a1b0156023ab6800665234cf2e90.png', 33, 'App\\Models\\Product', '2021-08-12 04:09:30', '2021-08-12 04:09:30'),
(132, 'products/fa47dc72a5f3105ae3c67dc2b72d4ad7.png', 33, 'App\\Models\\Product', '2021-08-12 04:09:30', '2021-08-12 04:09:30'),
(133, 'products/ffbd24ebf40d09e7756ddbe339719ed2.png', 34, 'App\\Models\\Product', '2021-08-12 04:09:51', '2021-08-12 04:09:51'),
(134, 'products/110f5e962e5646dd4b8f7702c10042ec.png', 34, 'App\\Models\\Product', '2021-08-12 04:09:51', '2021-08-12 04:09:51'),
(135, 'products/3453cf565b0ff45bfcf11f5565bfdb3b.png', 34, 'App\\Models\\Product', '2021-08-12 04:09:51', '2021-08-12 04:09:51'),
(136, 'products/ac40140c9600f745abdeda966e9d6577.png', 34, 'App\\Models\\Product', '2021-08-12 04:09:51', '2021-08-12 04:09:51'),
(137, 'products/2339584856f3ec3548b5aed765f0e56a.png', 35, 'App\\Models\\Product', '2021-08-12 04:09:54', '2021-08-12 04:09:54'),
(138, 'products/163de003a4ddcb3982173dcbda729f34.png', 35, 'App\\Models\\Product', '2021-08-12 04:09:54', '2021-08-12 04:09:54'),
(139, 'products/b9099244711c3d57e92088a45e1ede75.png', 35, 'App\\Models\\Product', '2021-08-12 04:09:54', '2021-08-12 04:09:54'),
(140, 'products/64642d0fcb43964bd5c7701e0e815bdb.png', 35, 'App\\Models\\Product', '2021-08-12 04:09:54', '2021-08-12 04:09:54'),
(141, 'products/660f4201213d785692877140cda76718.png', 36, 'App\\Models\\Product', '2021-08-12 04:10:05', '2021-08-12 04:10:05'),
(142, 'products/7ad183f0d4400df1548369cf9eea29c7.png', 36, 'App\\Models\\Product', '2021-08-12 04:10:05', '2021-08-12 04:10:05'),
(143, 'products/c38ec79947de6c6a1715caca84e21cac.png', 36, 'App\\Models\\Product', '2021-08-12 04:10:05', '2021-08-12 04:10:05'),
(144, 'products/f7061f0ac1aaad532c81ab77e18fdcac.png', 36, 'App\\Models\\Product', '2021-08-12 04:10:05', '2021-08-12 04:10:05'),
(145, 'products/284f660d4d64751a13b0775035d5d936.png', 37, 'App\\Models\\Product', '2021-08-12 04:10:11', '2021-08-12 04:10:11'),
(146, 'products/b329e46814606426c811d55b3a11cc69.png', 37, 'App\\Models\\Product', '2021-08-12 04:10:11', '2021-08-12 04:10:11'),
(147, 'products/0b5c974a2d315abd7189603c5a7cff3e.png', 37, 'App\\Models\\Product', '2021-08-12 04:10:11', '2021-08-12 04:10:11'),
(148, 'products/37a70cfc3fb0e3bd1a74deebc054e9bb.png', 37, 'App\\Models\\Product', '2021-08-12 04:10:11', '2021-08-12 04:10:11'),
(149, 'products/617bc5cfcd95cb1c3b1eaea2223e68ae.png', 38, 'App\\Models\\Product', '2021-08-12 04:10:16', '2021-08-12 04:10:16'),
(150, 'products/4fd73ccb46bf0b3d9da339787cf0bacb.png', 38, 'App\\Models\\Product', '2021-08-12 04:10:16', '2021-08-12 04:10:16'),
(151, 'products/910d26fcc7a60cf0fbf826a0a7540906.png', 38, 'App\\Models\\Product', '2021-08-12 04:10:16', '2021-08-12 04:10:16'),
(152, 'products/8fbfe5826c123dbf9f9e110ce484738e.png', 38, 'App\\Models\\Product', '2021-08-12 04:10:16', '2021-08-12 04:10:16'),
(153, 'products/a7000a4299553b5d9a7d16792df605f8.png', 39, 'App\\Models\\Product', '2021-08-12 04:10:22', '2021-08-12 04:10:22'),
(154, 'products/4266aa5879e835aab2b4506f157e4735.png', 39, 'App\\Models\\Product', '2021-08-12 04:10:22', '2021-08-12 04:10:22'),
(155, 'products/5d70077050e4327677d1a52bb3485f7f.png', 39, 'App\\Models\\Product', '2021-08-12 04:10:22', '2021-08-12 04:10:22'),
(156, 'products/9432ba37652da580608e60e33b662700.png', 39, 'App\\Models\\Product', '2021-08-12 04:10:22', '2021-08-12 04:10:22'),
(157, 'products/5a84000065663be312ef9feba0c751aa.png', 40, 'App\\Models\\Product', '2021-08-12 04:10:29', '2021-08-12 04:10:29'),
(158, 'products/cbccfb6458adf748d0433d5dd22cfae9.png', 40, 'App\\Models\\Product', '2021-08-12 04:10:29', '2021-08-12 04:10:29'),
(159, 'products/bcc0d11fe2cb8c054af2c3676866ee67.png', 40, 'App\\Models\\Product', '2021-08-12 04:10:29', '2021-08-12 04:10:29'),
(160, 'products/1c09415e985966964d04496c1096487d.png', 40, 'App\\Models\\Product', '2021-08-12 04:10:29', '2021-08-12 04:10:29'),
(161, 'products/10faa085a1655568cca19ea7024ebbd6.png', 41, 'App\\Models\\Product', '2021-08-12 04:10:52', '2021-08-12 04:10:52'),
(162, 'products/202696a5c0840c011c5a277d6b9b6b75.png', 41, 'App\\Models\\Product', '2021-08-12 04:10:52', '2021-08-12 04:10:52'),
(163, 'products/a0546e86bad34a891ac15d5c50b68a84.png', 41, 'App\\Models\\Product', '2021-08-12 04:10:52', '2021-08-12 04:10:52'),
(164, 'products/c4d34c97b2667987160ce2e848fecdd2.png', 41, 'App\\Models\\Product', '2021-08-12 04:10:52', '2021-08-12 04:10:52'),
(165, 'products/408424c09715474971898c5e435315a3.png', 42, 'App\\Models\\Product', '2021-08-12 04:11:01', '2021-08-12 04:11:01'),
(166, 'products/751afe0ca4d3a92305e58d358c14a78f.png', 42, 'App\\Models\\Product', '2021-08-12 04:11:01', '2021-08-12 04:11:01'),
(167, 'products/4c4c86fc4ca6ebcbc29d85d6bc9460c1.png', 42, 'App\\Models\\Product', '2021-08-12 04:11:01', '2021-08-12 04:11:01'),
(168, 'products/94a5c2cdc27deba43dadb72c7445a311.png', 42, 'App\\Models\\Product', '2021-08-12 04:11:01', '2021-08-12 04:11:01'),
(169, 'products/e4c05e64fc0d5f9566712b6b86cbca16.png', 43, 'App\\Models\\Product', '2021-08-12 04:11:09', '2021-08-12 04:11:09'),
(170, 'products/4e0b91f799f98e549ced84c607992941.png', 43, 'App\\Models\\Product', '2021-08-12 04:11:09', '2021-08-12 04:11:09'),
(171, 'products/5858cf2785a423ee2499df0c28625342.png', 43, 'App\\Models\\Product', '2021-08-12 04:11:09', '2021-08-12 04:11:09'),
(172, 'products/4607d80dce476cb7db7d1f6caa665745.png', 43, 'App\\Models\\Product', '2021-08-12 04:11:09', '2021-08-12 04:11:09'),
(173, 'products/70465f5a460edfa6cb768694e846cf75.png', 44, 'App\\Models\\Product', '2021-08-12 04:11:13', '2021-08-12 04:11:13'),
(174, 'products/1f1887bf4159c204a8b5c3a2b82f9480.png', 44, 'App\\Models\\Product', '2021-08-12 04:11:13', '2021-08-12 04:11:13'),
(175, 'products/636d96e671727e99193acc44dde75278.png', 44, 'App\\Models\\Product', '2021-08-12 04:11:13', '2021-08-12 04:11:13'),
(176, 'products/07d123e21d052049821ee8accf33d236.png', 44, 'App\\Models\\Product', '2021-08-12 04:11:13', '2021-08-12 04:11:13'),
(177, 'products/5cad6f0cf75b73fcfb913cde42fd6e57.png', 45, 'App\\Models\\Product', '2021-08-12 04:11:18', '2021-08-12 04:11:18'),
(178, 'products/3f95f582701fe9f1435244f0a177a360.png', 45, 'App\\Models\\Product', '2021-08-12 04:11:18', '2021-08-12 04:11:18'),
(179, 'products/403c0f72143b68e3f07c923c9cf4c786.png', 45, 'App\\Models\\Product', '2021-08-12 04:11:18', '2021-08-12 04:11:18'),
(180, 'products/c22a22a66390336059d6dd38cbc07fe7.png', 45, 'App\\Models\\Product', '2021-08-12 04:11:18', '2021-08-12 04:11:18'),
(181, 'products/57ddc8ad288af2287d2b19c6680b754b.png', 46, 'App\\Models\\Product', '2021-08-12 04:11:25', '2021-08-12 04:11:25'),
(182, 'products/687cffcc1f8deb6e7744e80e7c775b50.png', 46, 'App\\Models\\Product', '2021-08-12 04:11:25', '2021-08-12 04:11:25'),
(183, 'products/e063c39bd765cdc6328dab203bfad0e6.png', 46, 'App\\Models\\Product', '2021-08-12 04:11:25', '2021-08-12 04:11:25'),
(184, 'products/4f1ffd0858d72506d201fd1df3701e5c.png', 46, 'App\\Models\\Product', '2021-08-12 04:11:25', '2021-08-12 04:11:25'),
(185, 'products/70c9a41e397bfc217b057c9c634ff119.png', 47, 'App\\Models\\Product', '2021-08-12 04:11:37', '2021-08-12 04:11:37'),
(186, 'products/63147407f64e514d253ce7786f61d2b5.png', 47, 'App\\Models\\Product', '2021-08-12 04:11:37', '2021-08-12 04:11:37'),
(187, 'products/a88ebe21214dc8db1811ca88c922655d.png', 47, 'App\\Models\\Product', '2021-08-12 04:11:37', '2021-08-12 04:11:37'),
(188, 'products/52d0d63acabf723b682c64bc24fa95d4.png', 47, 'App\\Models\\Product', '2021-08-12 04:11:37', '2021-08-12 04:11:37'),
(189, 'products/da08dd7c8e92a6a046acff93219f0890.png', 48, 'App\\Models\\Product', '2021-08-12 04:11:47', '2021-08-12 04:11:47'),
(190, 'products/b557733bb7a9aa8f094fb1ff1610b0a8.png', 48, 'App\\Models\\Product', '2021-08-12 04:11:47', '2021-08-12 04:11:47'),
(191, 'products/1298bb535286804cd981b72704685d8c.png', 48, 'App\\Models\\Product', '2021-08-12 04:11:47', '2021-08-12 04:11:47'),
(192, 'products/8c7471e6c833338b9251e0abca1b6c97.png', 48, 'App\\Models\\Product', '2021-08-12 04:11:47', '2021-08-12 04:11:47'),
(193, 'products/b0c27677557b7528564ac7532401a416.png', 49, 'App\\Models\\Product', '2021-08-12 04:11:56', '2021-08-12 04:11:56'),
(194, 'products/d6552fe0fc2fda4a720b3b9175959f71.png', 49, 'App\\Models\\Product', '2021-08-12 04:11:56', '2021-08-12 04:11:56'),
(195, 'products/165cb133335d93beb1c1798b9423d3a6.png', 49, 'App\\Models\\Product', '2021-08-12 04:11:56', '2021-08-12 04:11:56'),
(196, 'products/5e8b5c1f192c15450e233f4764ef3eb1.png', 49, 'App\\Models\\Product', '2021-08-12 04:11:56', '2021-08-12 04:11:56'),
(197, 'products/5f16cdfbd7a61e7781e1e17e5770bc5a.png', 50, 'App\\Models\\Product', '2021-08-12 04:12:12', '2021-08-12 04:12:12'),
(198, 'products/36ca1fdd4ee133c72bad59d3551b150d.png', 50, 'App\\Models\\Product', '2021-08-12 04:12:12', '2021-08-12 04:12:12'),
(199, 'products/da698209c1e421f718bd36ab9ab79ac7.png', 50, 'App\\Models\\Product', '2021-08-12 04:12:12', '2021-08-12 04:12:12'),
(200, 'products/797240cc2701661b8bdc1692b2341573.png', 50, 'App\\Models\\Product', '2021-08-12 04:12:12', '2021-08-12 04:12:12'),
(201, 'products/10b4ce810a791c31f984953a8ffb924b.png', 51, 'App\\Models\\Product', '2021-08-12 04:12:36', '2021-08-12 04:12:36'),
(202, 'products/6d6e368f83dbe6d330248061ba0fc190.png', 51, 'App\\Models\\Product', '2021-08-12 04:12:36', '2021-08-12 04:12:36'),
(203, 'products/ec6409d97067a6a4a3e4827df2670256.png', 51, 'App\\Models\\Product', '2021-08-12 04:12:36', '2021-08-12 04:12:36'),
(204, 'products/f74d60fe58135fafc4bdec93944aa93b.png', 51, 'App\\Models\\Product', '2021-08-12 04:12:36', '2021-08-12 04:12:36'),
(205, 'products/3f21bfb9ac40c5877accfaba5896b419.png', 52, 'App\\Models\\Product', '2021-08-12 04:12:48', '2021-08-12 04:12:48'),
(206, 'products/4e06faa02f3a7dbe51624d7d08a61dc3.png', 52, 'App\\Models\\Product', '2021-08-12 04:12:48', '2021-08-12 04:12:48'),
(207, 'products/24bcf2352e5fd6e427607607b5f84c15.png', 52, 'App\\Models\\Product', '2021-08-12 04:12:48', '2021-08-12 04:12:48'),
(208, 'products/80523845aa533cdfb483d0ddadaf9e2f.png', 52, 'App\\Models\\Product', '2021-08-12 04:12:48', '2021-08-12 04:12:48'),
(209, 'products/6f79abeb79828e69167e14b1ef16fd79.png', 53, 'App\\Models\\Product', '2021-08-12 04:12:49', '2021-08-12 04:12:49'),
(210, 'products/f2d7d1f8a0be82e13c2554b4942b7c91.png', 53, 'App\\Models\\Product', '2021-08-12 04:12:49', '2021-08-12 04:12:49'),
(211, 'products/134b31770fcadd8f614ae939660b0aa2.png', 53, 'App\\Models\\Product', '2021-08-12 04:12:49', '2021-08-12 04:12:49'),
(212, 'products/90b46e1856e406aa82be0b22e55e06ab.png', 53, 'App\\Models\\Product', '2021-08-12 04:12:49', '2021-08-12 04:12:49'),
(213, 'products/81a45aeb868de75a4fb09cf84e32a0e8.png', 54, 'App\\Models\\Product', '2021-08-12 04:12:54', '2021-08-12 04:12:54'),
(214, 'products/a9f2860b5da48d348f2b44e6fce5da7a.png', 54, 'App\\Models\\Product', '2021-08-12 04:12:54', '2021-08-12 04:12:54'),
(215, 'products/944092f2f5295a9ee24a8d0c3c21febe.png', 54, 'App\\Models\\Product', '2021-08-12 04:12:54', '2021-08-12 04:12:54'),
(216, 'products/722ccfd32acc1abe5551603f79ffa76e.png', 54, 'App\\Models\\Product', '2021-08-12 04:12:54', '2021-08-12 04:12:54'),
(217, 'products/271a32420504212cfda7731dd159da24.png', 55, 'App\\Models\\Product', '2021-08-12 04:12:58', '2021-08-12 04:12:58'),
(218, 'products/939b942f22617bbfe71ecc62276b8539.png', 55, 'App\\Models\\Product', '2021-08-12 04:12:58', '2021-08-12 04:12:58'),
(219, 'products/ee0ee985ee5e8a9178cc6f9434d9ecbb.png', 55, 'App\\Models\\Product', '2021-08-12 04:12:58', '2021-08-12 04:12:58'),
(220, 'products/652ab8ff36306e3badfaba523521885e.png', 55, 'App\\Models\\Product', '2021-08-12 04:12:58', '2021-08-12 04:12:58'),
(221, 'products/4233d02717bcbf0b9351581e970952dd.png', 56, 'App\\Models\\Product', '2021-08-12 04:13:01', '2021-08-12 04:13:01'),
(222, 'products/f0237685e06cf8b57ddf2ddc5a8d1798.png', 56, 'App\\Models\\Product', '2021-08-12 04:13:01', '2021-08-12 04:13:01'),
(223, 'products/9b59be7bfecb1313028f969fefbdfc44.png', 56, 'App\\Models\\Product', '2021-08-12 04:13:01', '2021-08-12 04:13:01'),
(224, 'products/ad0f782c6322329a67b7f0260c3e1abe.png', 56, 'App\\Models\\Product', '2021-08-12 04:13:01', '2021-08-12 04:13:01'),
(225, 'products/1e3a7c51c113a2d49ec2447deca2488a.png', 57, 'App\\Models\\Product', '2021-08-12 04:13:06', '2021-08-12 04:13:06'),
(226, 'products/bbda2e82a61346ad7ed0a71df6f9ddc9.png', 57, 'App\\Models\\Product', '2021-08-12 04:13:06', '2021-08-12 04:13:06'),
(227, 'products/b0e27f204186f133714a47874ab6317c.png', 57, 'App\\Models\\Product', '2021-08-12 04:13:06', '2021-08-12 04:13:06'),
(228, 'products/90397cf9ec106441d8fdb41f1a51830b.png', 57, 'App\\Models\\Product', '2021-08-12 04:13:06', '2021-08-12 04:13:06'),
(229, 'products/bf5bbc1f201a6bd7a92345c5ef631792.png', 58, 'App\\Models\\Product', '2021-08-12 04:13:16', '2021-08-12 04:13:16'),
(230, 'products/5e04cb7502706a5500db06b1f60b33de.png', 58, 'App\\Models\\Product', '2021-08-12 04:13:16', '2021-08-12 04:13:16'),
(231, 'products/4cc30c31981523c100fae6b49477dee6.png', 58, 'App\\Models\\Product', '2021-08-12 04:13:16', '2021-08-12 04:13:16'),
(232, 'products/1f42dd3c00b709d9487b8e279c37c1d0.png', 58, 'App\\Models\\Product', '2021-08-12 04:13:16', '2021-08-12 04:13:16'),
(233, 'products/0ec5a2b48a5ed7f580d818527ccd15fd.png', 59, 'App\\Models\\Product', '2021-08-12 04:13:19', '2021-08-12 04:13:19'),
(234, 'products/2372c52120787825a85c1e33ba5e7c5c.png', 59, 'App\\Models\\Product', '2021-08-12 04:13:19', '2021-08-12 04:13:19'),
(235, 'products/3aacd953aabca23b3a0bfcc9d9c5c72e.png', 59, 'App\\Models\\Product', '2021-08-12 04:13:19', '2021-08-12 04:13:19'),
(236, 'products/59336462c22d80a6daacce29756d8daa.png', 59, 'App\\Models\\Product', '2021-08-12 04:13:19', '2021-08-12 04:13:19'),
(237, 'products/73509b7af2d4b710535eaad8b5efb3c4.png', 60, 'App\\Models\\Product', '2021-08-12 04:13:25', '2021-08-12 04:13:25'),
(238, 'products/59ef56c21443b16538ff570d9b46afa6.png', 60, 'App\\Models\\Product', '2021-08-12 04:13:26', '2021-08-12 04:13:26'),
(239, 'products/507763419c0c5020163454081d3d46b5.png', 60, 'App\\Models\\Product', '2021-08-12 04:13:26', '2021-08-12 04:13:26'),
(240, 'products/ce6c7ffbe7929f22df9127ae8b5fa852.png', 60, 'App\\Models\\Product', '2021-08-12 04:13:26', '2021-08-12 04:13:26'),
(241, 'products/f39f2997568da9c38ef68e067a06a2f6.png', 61, 'App\\Models\\Product', '2021-08-12 04:13:28', '2021-08-12 04:13:28'),
(242, 'products/6f29ad0d81991b7460a8766a66719b53.png', 61, 'App\\Models\\Product', '2021-08-12 04:13:28', '2021-08-12 04:13:28'),
(243, 'products/27aaf08269e1cfad551f4ad8a170f0fd.png', 61, 'App\\Models\\Product', '2021-08-12 04:13:28', '2021-08-12 04:13:28'),
(244, 'products/769363f83546d8d6619bfd09b5a93d26.png', 61, 'App\\Models\\Product', '2021-08-12 04:13:28', '2021-08-12 04:13:28'),
(245, 'products/594297896cd4a5abf50721ed92b6afda.png', 62, 'App\\Models\\Product', '2021-08-12 04:13:46', '2021-08-12 04:13:46'),
(246, 'products/6fe109d7f8fc71b29bcfda0d139cfbc5.png', 62, 'App\\Models\\Product', '2021-08-12 04:13:46', '2021-08-12 04:13:46'),
(247, 'products/3ce2aa8e3f2142e0d58333fda3950ab2.png', 62, 'App\\Models\\Product', '2021-08-12 04:13:46', '2021-08-12 04:13:46'),
(248, 'products/d7f3e8fab44cf99688b6621159a4edd7.png', 62, 'App\\Models\\Product', '2021-08-12 04:13:46', '2021-08-12 04:13:46'),
(249, 'products/84b02f9b4f04349a7d8c2296d2d5938c.png', 63, 'App\\Models\\Product', '2021-08-12 04:13:53', '2021-08-12 04:13:53'),
(250, 'products/63d61c096e02db8eb42ac1f30c640bb9.png', 63, 'App\\Models\\Product', '2021-08-12 04:13:53', '2021-08-12 04:13:53'),
(251, 'products/2dae9a147ddaeadef6561cc2bb11b444.png', 63, 'App\\Models\\Product', '2021-08-12 04:13:53', '2021-08-12 04:13:53'),
(252, 'products/06c1af5e3080550606df5f61eb49c7c2.png', 63, 'App\\Models\\Product', '2021-08-12 04:13:53', '2021-08-12 04:13:53'),
(253, 'products/bf88aaa1cfa943d279a01f727cd6a8a6.png', 64, 'App\\Models\\Product', '2021-08-12 04:13:54', '2021-08-12 04:13:54'),
(254, 'products/89f28e280636367b379afe2731652e75.png', 64, 'App\\Models\\Product', '2021-08-12 04:13:54', '2021-08-12 04:13:54'),
(255, 'products/bfd29ad9617b801f02c8314facdb014f.png', 64, 'App\\Models\\Product', '2021-08-12 04:13:54', '2021-08-12 04:13:54'),
(256, 'products/f8ba2bc9e5b7a5cb4542cc6325477326.png', 64, 'App\\Models\\Product', '2021-08-12 04:13:54', '2021-08-12 04:13:54'),
(257, 'products/984b1043c768531b61be7254b23542c2.png', 65, 'App\\Models\\Product', '2021-08-12 04:14:06', '2021-08-12 04:14:06'),
(258, 'products/54ae8a01c649d84950eead40d2cb3711.png', 65, 'App\\Models\\Product', '2021-08-12 04:14:06', '2021-08-12 04:14:06'),
(259, 'products/b438a66bd2ca5382fb5af2d3713a7ffc.png', 65, 'App\\Models\\Product', '2021-08-12 04:14:06', '2021-08-12 04:14:06'),
(260, 'products/2b208608c07a689df6ea6b0fd6d6ebfd.png', 65, 'App\\Models\\Product', '2021-08-12 04:14:06', '2021-08-12 04:14:06'),
(261, 'products/576ef3571782b2f448e7ea483897992a.png', 66, 'App\\Models\\Product', '2021-08-12 04:14:13', '2021-08-12 04:14:13'),
(262, 'products/048b28b52767b81e4609e9347743ff54.png', 66, 'App\\Models\\Product', '2021-08-12 04:14:13', '2021-08-12 04:14:13'),
(263, 'products/24ecb24c7cb92b3f1c22ace57d56913f.png', 66, 'App\\Models\\Product', '2021-08-12 04:14:13', '2021-08-12 04:14:13'),
(264, 'products/09c26fb1d0f9df831348b456af375ef2.png', 66, 'App\\Models\\Product', '2021-08-12 04:14:13', '2021-08-12 04:14:13'),
(265, 'products/0e716e3c1d8062f57c0a2ac38795932d.png', 67, 'App\\Models\\Product', '2021-08-12 04:14:16', '2021-08-12 04:14:16'),
(266, 'products/7e3b03a13462d8018966336d1fbc12a4.png', 67, 'App\\Models\\Product', '2021-08-12 04:14:16', '2021-08-12 04:14:16'),
(267, 'products/7384f1f56bb701c96cb539b12f545d8a.png', 67, 'App\\Models\\Product', '2021-08-12 04:14:16', '2021-08-12 04:14:16'),
(268, 'products/252d09f1e2cefa05a1f486d0bea43500.png', 67, 'App\\Models\\Product', '2021-08-12 04:14:16', '2021-08-12 04:14:16'),
(269, 'products/1143a8500a9be81094634a358a0d292a.png', 68, 'App\\Models\\Product', '2021-08-12 04:14:28', '2021-08-12 04:14:28'),
(270, 'products/c520840b3053d805afee4f1896f19b8f.png', 68, 'App\\Models\\Product', '2021-08-12 04:14:28', '2021-08-12 04:14:28'),
(271, 'products/65215a04223ab09c89457d6d9c7fe568.png', 68, 'App\\Models\\Product', '2021-08-12 04:14:28', '2021-08-12 04:14:28'),
(272, 'products/2be8557778d2317262aa400c5d4f0746.png', 68, 'App\\Models\\Product', '2021-08-12 04:14:28', '2021-08-12 04:14:28'),
(273, 'products/842f3e63498472df7d9f12212201d40f.png', 69, 'App\\Models\\Product', '2021-08-12 04:14:40', '2021-08-12 04:14:40'),
(274, 'products/b3e61b6d3e0ce01069411d683f54af0e.png', 69, 'App\\Models\\Product', '2021-08-12 04:14:40', '2021-08-12 04:14:40'),
(275, 'products/f4c4472b434c1ebeb7ba45d5bcec7432.png', 69, 'App\\Models\\Product', '2021-08-12 04:14:40', '2021-08-12 04:14:40'),
(276, 'products/7ba27a2adbffb9a23aa4d644959f4a2a.png', 69, 'App\\Models\\Product', '2021-08-12 04:14:40', '2021-08-12 04:14:40'),
(277, 'products/722404b4d188214a75cd82fed9d44045.png', 70, 'App\\Models\\Product', '2021-08-12 04:14:47', '2021-08-12 04:14:47'),
(278, 'products/498da54e5dace715199a5ad4883945eb.png', 70, 'App\\Models\\Product', '2021-08-12 04:14:47', '2021-08-12 04:14:47'),
(279, 'products/c57291c528576b40bd4cbce5eb2c5687.png', 70, 'App\\Models\\Product', '2021-08-12 04:14:47', '2021-08-12 04:14:47'),
(280, 'products/0e494253bd3d66c38fc8d113a91fe901.png', 70, 'App\\Models\\Product', '2021-08-12 04:14:47', '2021-08-12 04:14:47'),
(281, 'products/57eefc031535aacda374fad67876bc1b.png', 71, 'App\\Models\\Product', '2021-08-12 04:14:52', '2021-08-12 04:14:52'),
(282, 'products/adb06cc865e52bd08651daccb3522e4d.png', 71, 'App\\Models\\Product', '2021-08-12 04:14:52', '2021-08-12 04:14:52'),
(283, 'products/8a91adc5733f89f9f63ce094092c6009.png', 71, 'App\\Models\\Product', '2021-08-12 04:14:52', '2021-08-12 04:14:52'),
(284, 'products/030cad28ac5a817e08a204108eb54685.png', 71, 'App\\Models\\Product', '2021-08-12 04:14:52', '2021-08-12 04:14:52'),
(285, 'products/20d3a888b45aeb25c59beb54fe61a1d5.png', 72, 'App\\Models\\Product', '2021-08-12 04:14:54', '2021-08-12 04:14:54'),
(286, 'products/12650cb7749b0fa053f938815120175a.png', 72, 'App\\Models\\Product', '2021-08-12 04:14:54', '2021-08-12 04:14:54'),
(287, 'products/e2bfecfd523c40a9e4ce10c0bc1badb7.png', 72, 'App\\Models\\Product', '2021-08-12 04:14:54', '2021-08-12 04:14:54'),
(288, 'products/c487d84f7f0eee8d20e99e12ce76ef42.png', 72, 'App\\Models\\Product', '2021-08-12 04:14:54', '2021-08-12 04:14:54'),
(289, 'products/0ff1d0e65c0164bd0f53e2803c323d47.png', 73, 'App\\Models\\Product', '2021-08-12 04:14:57', '2021-08-12 04:14:57'),
(290, 'products/e7ad26e1a1924ac373814d6ab5cee598.png', 73, 'App\\Models\\Product', '2021-08-12 04:14:57', '2021-08-12 04:14:57'),
(291, 'products/35d154a17069f859871a4732ca475b7e.png', 73, 'App\\Models\\Product', '2021-08-12 04:14:57', '2021-08-12 04:14:57'),
(292, 'products/e89f1a390ec60580da3ecc2adb4484a6.png', 73, 'App\\Models\\Product', '2021-08-12 04:14:57', '2021-08-12 04:14:57'),
(293, 'products/31c72b9265f703b833cced08ec1b7c97.png', 74, 'App\\Models\\Product', '2021-08-12 04:15:07', '2021-08-12 04:15:07'),
(294, 'products/375ea2dda0483a202c7bc274293e0d9b.png', 74, 'App\\Models\\Product', '2021-08-12 04:15:07', '2021-08-12 04:15:07'),
(295, 'products/1ce283a85492923a38430e04097227f6.png', 74, 'App\\Models\\Product', '2021-08-12 04:15:07', '2021-08-12 04:15:07'),
(296, 'products/d06470e56be6d39e26e9b856f80a09a7.png', 74, 'App\\Models\\Product', '2021-08-12 04:15:07', '2021-08-12 04:15:07'),
(297, 'products/1e7623ae3b9884142f112e0503435c5a.png', 75, 'App\\Models\\Product', '2021-08-12 04:15:21', '2021-08-12 04:15:21'),
(298, 'products/737e3b2493fbe28f8e2f38756046948a.png', 75, 'App\\Models\\Product', '2021-08-12 04:15:21', '2021-08-12 04:15:21'),
(299, 'products/6aeb652f8e5893c31ec8019241427f04.png', 75, 'App\\Models\\Product', '2021-08-12 04:15:21', '2021-08-12 04:15:21'),
(300, 'products/af076262cc0c7520824b3ec91131e070.png', 75, 'App\\Models\\Product', '2021-08-12 04:15:21', '2021-08-12 04:15:21'),
(301, 'products/0ad2f64db20847387046a699abbea225.png', 76, 'App\\Models\\Product', '2021-08-12 04:15:28', '2021-08-12 04:15:28'),
(302, 'products/b344b70cf3df40f1d2e9a92802725571.png', 76, 'App\\Models\\Product', '2021-08-12 04:15:28', '2021-08-12 04:15:28'),
(303, 'products/161a2e1a1b056703794fc23f4ea12684.png', 76, 'App\\Models\\Product', '2021-08-12 04:15:28', '2021-08-12 04:15:28'),
(304, 'products/6bd12b747694f77ec80f3682910e9257.png', 76, 'App\\Models\\Product', '2021-08-12 04:15:28', '2021-08-12 04:15:28'),
(305, 'products/643010e906cb2adad4738695fe86b0ce.png', 77, 'App\\Models\\Product', '2021-08-12 04:15:33', '2021-08-12 04:15:33'),
(306, 'products/d85112d0e465999b0c549adc2cd7221b.png', 77, 'App\\Models\\Product', '2021-08-12 04:15:33', '2021-08-12 04:15:33'),
(307, 'products/c71958fc9a6899f81d528700fe4d5eef.png', 77, 'App\\Models\\Product', '2021-08-12 04:15:33', '2021-08-12 04:15:33'),
(308, 'products/23123a56f0df9a21bcfa9d7b3d30fdcf.png', 77, 'App\\Models\\Product', '2021-08-12 04:15:33', '2021-08-12 04:15:33'),
(309, 'products/0352e7126b7f93e1c1803d46b95ed912.png', 78, 'App\\Models\\Product', '2021-08-12 04:15:39', '2021-08-12 04:15:39'),
(310, 'products/d69c6c9566ccede1e1b20caec820fac6.png', 78, 'App\\Models\\Product', '2021-08-12 04:15:39', '2021-08-12 04:15:39'),
(311, 'products/3c8206abfb1665fe49ceeb487872a349.png', 78, 'App\\Models\\Product', '2021-08-12 04:15:39', '2021-08-12 04:15:39'),
(312, 'products/a2899f76f168d17d70282ddb2d007c76.png', 78, 'App\\Models\\Product', '2021-08-12 04:15:39', '2021-08-12 04:15:39'),
(313, 'products/37086716f9db78f76c270cee3a8be728.png', 79, 'App\\Models\\Product', '2021-08-12 04:15:52', '2021-08-12 04:15:52'),
(314, 'products/58f519f4d7cea00962aad9a4dde0b562.png', 79, 'App\\Models\\Product', '2021-08-12 04:15:52', '2021-08-12 04:15:52'),
(315, 'products/b84f7a7069405fce778aa519d03a6dbc.png', 79, 'App\\Models\\Product', '2021-08-12 04:15:52', '2021-08-12 04:15:52'),
(316, 'products/4f0e2c3e1da05369ae26f17a7daf18f3.png', 79, 'App\\Models\\Product', '2021-08-12 04:15:52', '2021-08-12 04:15:52'),
(317, 'products/cd786efdc2e5ee549ae0d1e9c81ad518.png', 80, 'App\\Models\\Product', '2021-08-12 04:15:54', '2021-08-12 04:15:54'),
(318, 'products/c92d3a917740adcf69af9f588efc6505.png', 80, 'App\\Models\\Product', '2021-08-12 04:15:54', '2021-08-12 04:15:54'),
(319, 'products/b0c7752df899d10bac27873dea0ccf81.png', 80, 'App\\Models\\Product', '2021-08-12 04:15:54', '2021-08-12 04:15:54'),
(320, 'products/101e03a054344eb37088d287f191bcc8.png', 80, 'App\\Models\\Product', '2021-08-12 04:15:54', '2021-08-12 04:15:54'),
(321, 'products/bf9359417a6fd9544a55dfaabf30896c.png', 81, 'App\\Models\\Product', '2021-08-12 04:15:57', '2021-08-12 04:15:57'),
(322, 'products/d61bd53ee9d3f265ebf78148b136b7eb.png', 81, 'App\\Models\\Product', '2021-08-12 04:15:57', '2021-08-12 04:15:57'),
(323, 'products/c8b4d03a0f96b5597f06e4e88e1ede1d.png', 81, 'App\\Models\\Product', '2021-08-12 04:15:57', '2021-08-12 04:15:57'),
(324, 'products/670c0c99edfb2d6d2f54fcb178ed5fa4.png', 81, 'App\\Models\\Product', '2021-08-12 04:15:57', '2021-08-12 04:15:57'),
(325, 'products/61e30b19015a7e0bb9d93242aebe3d2c.png', 82, 'App\\Models\\Product', '2021-08-12 04:16:06', '2021-08-12 04:16:06'),
(326, 'products/c5a76c9a23dd848ab790840a1fde7fba.png', 82, 'App\\Models\\Product', '2021-08-12 04:16:06', '2021-08-12 04:16:06'),
(327, 'products/9287c067e52747945be5a5a4b6d33135.png', 82, 'App\\Models\\Product', '2021-08-12 04:16:06', '2021-08-12 04:16:06'),
(328, 'products/537b2bacf570fb526aed54a15055f575.png', 82, 'App\\Models\\Product', '2021-08-12 04:16:06', '2021-08-12 04:16:06'),
(329, 'products/12bb1e32cb77e5b416d8b96dd2af28ca.png', 83, 'App\\Models\\Product', '2021-08-12 04:16:11', '2021-08-12 04:16:11'),
(330, 'products/d2cd2eb3cfd47749b059e3c0601bae47.png', 83, 'App\\Models\\Product', '2021-08-12 04:16:11', '2021-08-12 04:16:11'),
(331, 'products/b6084c2bd580c70869cf8bc59733110b.png', 83, 'App\\Models\\Product', '2021-08-12 04:16:11', '2021-08-12 04:16:11'),
(332, 'products/d5e8fb15ccdf73a82b8266d47f04e314.png', 83, 'App\\Models\\Product', '2021-08-12 04:16:11', '2021-08-12 04:16:11'),
(333, 'products/a26b30e32829b25c48d75eb8f3433fa1.png', 84, 'App\\Models\\Product', '2021-08-12 04:16:14', '2021-08-12 04:16:14'),
(334, 'products/b20b8b5edc7fcdcdf94663a1c1d2e1c7.png', 84, 'App\\Models\\Product', '2021-08-12 04:16:14', '2021-08-12 04:16:14'),
(335, 'products/c0542b063e376ec49108123eba7e0f90.png', 84, 'App\\Models\\Product', '2021-08-12 04:16:14', '2021-08-12 04:16:14'),
(336, 'products/101088d38a415599290a2dacfa31bc55.png', 84, 'App\\Models\\Product', '2021-08-12 04:16:14', '2021-08-12 04:16:14'),
(337, 'products/7653c06de30e87a620b1163cdb5bab0a.png', 85, 'App\\Models\\Product', '2021-08-12 04:16:16', '2021-08-12 04:16:16'),
(338, 'products/123d46484f3b83f3489cb5f427c735e2.png', 85, 'App\\Models\\Product', '2021-08-12 04:16:16', '2021-08-12 04:16:16'),
(339, 'products/c47e238342d2f5b434ae6032c800ce4e.png', 85, 'App\\Models\\Product', '2021-08-12 04:16:16', '2021-08-12 04:16:16'),
(340, 'products/d4f1e0ceae5e571e7814c9ae55e73e48.png', 85, 'App\\Models\\Product', '2021-08-12 04:16:16', '2021-08-12 04:16:16'),
(341, 'products/afed3644f26b336678b9257f71e6085e.png', 86, 'App\\Models\\Product', '2021-08-12 04:16:19', '2021-08-12 04:16:19'),
(342, 'products/a5e50d5ee1c3a784092547600e19b90e.png', 86, 'App\\Models\\Product', '2021-08-12 04:16:19', '2021-08-12 04:16:19'),
(343, 'products/0edc88a426d2ef4caafbe4efcbf109e0.png', 86, 'App\\Models\\Product', '2021-08-12 04:16:19', '2021-08-12 04:16:19'),
(344, 'products/57402321a0bc36e7ccc8debe37622099.png', 86, 'App\\Models\\Product', '2021-08-12 04:16:19', '2021-08-12 04:16:19'),
(345, 'products/d1aaab27bc4bd97e908c4152f5d5fbd1.png', 87, 'App\\Models\\Product', '2021-08-12 04:16:27', '2021-08-12 04:16:27'),
(346, 'products/294ffe6daa675b8a31f2a90dd53eef2e.png', 87, 'App\\Models\\Product', '2021-08-12 04:16:27', '2021-08-12 04:16:27'),
(347, 'products/da73361affecec4cdf1c64500217bec6.png', 87, 'App\\Models\\Product', '2021-08-12 04:16:27', '2021-08-12 04:16:27'),
(348, 'products/63704c22f16e08348fc2d048039075be.png', 87, 'App\\Models\\Product', '2021-08-12 04:16:27', '2021-08-12 04:16:27'),
(349, 'products/7b8b1fc8046c1f36196c7b99289cce5e.png', 88, 'App\\Models\\Product', '2021-08-12 04:16:47', '2021-08-12 04:16:47'),
(350, 'products/82f0e40f5d8019a795c5c9f3478e9517.png', 88, 'App\\Models\\Product', '2021-08-12 04:16:47', '2021-08-12 04:16:47'),
(351, 'products/462f3e8435ff813a3afeb018f3813090.png', 88, 'App\\Models\\Product', '2021-08-12 04:16:47', '2021-08-12 04:16:47'),
(352, 'products/36dca08c40ddaf6d24e188fe987400f6.png', 88, 'App\\Models\\Product', '2021-08-12 04:16:47', '2021-08-12 04:16:47'),
(353, 'products/3a61004626d9131332b03a78026c1b0d.png', 89, 'App\\Models\\Product', '2021-08-12 04:16:51', '2021-08-12 04:16:51'),
(354, 'products/b7d0263f9039d98f4c812ae18dbcd3d8.png', 89, 'App\\Models\\Product', '2021-08-12 04:16:51', '2021-08-12 04:16:51'),
(355, 'products/11e44964df0e91a732e59c85356e5ddc.png', 89, 'App\\Models\\Product', '2021-08-12 04:16:51', '2021-08-12 04:16:51'),
(356, 'products/6c42954defe2cbe5f1fb4f5bdde5a0ef.png', 89, 'App\\Models\\Product', '2021-08-12 04:16:51', '2021-08-12 04:16:51'),
(357, 'products/f11467b5edbf3323650e716eb2f43478.png', 90, 'App\\Models\\Product', '2021-08-12 04:16:55', '2021-08-12 04:16:55'),
(358, 'products/a6c15ac25744464a6a7eed4e1917e606.png', 90, 'App\\Models\\Product', '2021-08-12 04:16:55', '2021-08-12 04:16:55'),
(359, 'products/af77c0c7892470ec6d77a17dcfa4cd0d.png', 90, 'App\\Models\\Product', '2021-08-12 04:16:55', '2021-08-12 04:16:55'),
(360, 'products/abfccf812cc694101b7ace6fe0d68e59.png', 90, 'App\\Models\\Product', '2021-08-12 04:16:55', '2021-08-12 04:16:55'),
(361, 'products/f3cd64485a68c091fb85286d441b3c0a.png', 91, 'App\\Models\\Product', '2021-08-12 04:17:00', '2021-08-12 04:17:00'),
(362, 'products/098cbc8f56422668e23d7e10a260da4d.png', 91, 'App\\Models\\Product', '2021-08-12 04:17:00', '2021-08-12 04:17:00'),
(363, 'products/048751b252cab3791072550bda83b312.png', 91, 'App\\Models\\Product', '2021-08-12 04:17:00', '2021-08-12 04:17:00'),
(364, 'products/a68f8f644a8ff26a31ba25dd5f36e859.png', 91, 'App\\Models\\Product', '2021-08-12 04:17:00', '2021-08-12 04:17:00'),
(365, 'products/2520b35d7e2093fc7673aadaf320d1ce.png', 92, 'App\\Models\\Product', '2021-08-12 04:17:09', '2021-08-12 04:17:09'),
(366, 'products/c5b6083a1643f44458ac8f08985d1511.png', 92, 'App\\Models\\Product', '2021-08-12 04:17:09', '2021-08-12 04:17:09'),
(367, 'products/291d337c176b226ba42d50ea72fd1e57.png', 92, 'App\\Models\\Product', '2021-08-12 04:17:09', '2021-08-12 04:17:09'),
(368, 'products/bea62d2d57188590f0c786806071dd49.png', 92, 'App\\Models\\Product', '2021-08-12 04:17:09', '2021-08-12 04:17:09'),
(369, 'products/df55506ed4725e2b36e10b676559a738.png', 93, 'App\\Models\\Product', '2021-08-12 04:17:19', '2021-08-12 04:17:19'),
(370, 'products/4aada9add28076436cd34357cb3404e6.png', 93, 'App\\Models\\Product', '2021-08-12 04:17:19', '2021-08-12 04:17:19'),
(371, 'products/2e9cd3293fc019c8ac9b1cc6fddfa8bf.png', 93, 'App\\Models\\Product', '2021-08-12 04:17:19', '2021-08-12 04:17:19'),
(372, 'products/2c523ad08d25532fc85d1bc34bd927a9.png', 93, 'App\\Models\\Product', '2021-08-12 04:17:19', '2021-08-12 04:17:19'),
(373, 'products/1327341a90319be6ee96083d2247332b.png', 94, 'App\\Models\\Product', '2021-08-12 04:17:36', '2021-08-12 04:17:36'),
(374, 'products/5c82ae4f686ee351945e5d018cd163c7.png', 94, 'App\\Models\\Product', '2021-08-12 04:17:36', '2021-08-12 04:17:36'),
(375, 'products/2882cc045c20a5c0e40f8a15d51aade6.png', 94, 'App\\Models\\Product', '2021-08-12 04:17:36', '2021-08-12 04:17:36'),
(376, 'products/30ed826724b617bcca976509770c2aed.png', 94, 'App\\Models\\Product', '2021-08-12 04:17:36', '2021-08-12 04:17:36'),
(377, 'products/0d31b43eb391fb480d97896f72319bf5.png', 95, 'App\\Models\\Product', '2021-08-12 04:17:42', '2021-08-12 04:17:42'),
(378, 'products/5fc635b967a1afbb2b5a4961a90dbfa5.png', 95, 'App\\Models\\Product', '2021-08-12 04:17:42', '2021-08-12 04:17:42'),
(379, 'products/5c7fd9d848ff214f4064e0525d5ad566.png', 95, 'App\\Models\\Product', '2021-08-12 04:17:42', '2021-08-12 04:17:42'),
(380, 'products/8225755ac380aaffe0b43b2656a4e5c4.png', 95, 'App\\Models\\Product', '2021-08-12 04:17:42', '2021-08-12 04:17:42'),
(381, 'products/c3369d578d091819ca511017a7743c9a.png', 96, 'App\\Models\\Product', '2021-08-12 04:17:50', '2021-08-12 04:17:50'),
(382, 'products/41ba17d9a1484c1fbf672341d39606ee.png', 96, 'App\\Models\\Product', '2021-08-12 04:17:50', '2021-08-12 04:17:50'),
(383, 'products/6702a7fd8989dadf883ca2eb003b464a.png', 96, 'App\\Models\\Product', '2021-08-12 04:17:50', '2021-08-12 04:17:50'),
(384, 'products/7f16d1848cadb16343439caa786b9b4e.png', 96, 'App\\Models\\Product', '2021-08-12 04:17:50', '2021-08-12 04:17:50'),
(385, 'products/72a8c5b09aec24d8b4e8bb3e8289bf8a.png', 97, 'App\\Models\\Product', '2021-08-12 04:17:57', '2021-08-12 04:17:57'),
(386, 'products/2a6f8be246fc8c312caafad3729be9ec.png', 97, 'App\\Models\\Product', '2021-08-12 04:17:57', '2021-08-12 04:17:57'),
(387, 'products/182983dd1ab491d290347caba171af6b.png', 97, 'App\\Models\\Product', '2021-08-12 04:17:57', '2021-08-12 04:17:57'),
(388, 'products/e0f39164eed58c03a09bf9b6674a58aa.png', 97, 'App\\Models\\Product', '2021-08-12 04:17:57', '2021-08-12 04:17:57'),
(389, 'products/65b25484ce1d10198d92fae8739a553b.png', 98, 'App\\Models\\Product', '2021-08-12 04:18:11', '2021-08-12 04:18:11'),
(390, 'products/0a841167cfd334adf7dd8a66540e222b.png', 98, 'App\\Models\\Product', '2021-08-12 04:18:11', '2021-08-12 04:18:11'),
(391, 'products/b2d57d22780e6616929a14976a41b506.png', 98, 'App\\Models\\Product', '2021-08-12 04:18:11', '2021-08-12 04:18:11'),
(392, 'products/8310ab104906b3669547feac2871bbe3.png', 98, 'App\\Models\\Product', '2021-08-12 04:18:11', '2021-08-12 04:18:11'),
(393, 'products/411be434e2312f2a06a94dfa6476c549.png', 99, 'App\\Models\\Product', '2021-08-12 04:18:16', '2021-08-12 04:18:16'),
(394, 'products/f3c4cdd14b1b28caffe6feb75680f0f7.png', 99, 'App\\Models\\Product', '2021-08-12 04:18:16', '2021-08-12 04:18:16');
INSERT INTO `images` (`id`, `url`, `imageable_id`, `imageable_type`, `created_at`, `updated_at`) VALUES
(395, 'products/248a6ad8338345de945af0c34f0a4315.png', 99, 'App\\Models\\Product', '2021-08-12 04:18:16', '2021-08-12 04:18:16'),
(396, 'products/fe192232f9f6eda33f19ffe82983f118.png', 99, 'App\\Models\\Product', '2021-08-12 04:18:16', '2021-08-12 04:18:16'),
(397, 'products/c39fb5c461bd1b1385657afdf08e472d.png', 100, 'App\\Models\\Product', '2021-08-12 04:18:25', '2021-08-12 04:18:25'),
(398, 'products/feeb354651888cefa675317c3e0682e8.png', 100, 'App\\Models\\Product', '2021-08-12 04:18:25', '2021-08-12 04:18:25'),
(399, 'products/1128e69c39663b017a5a22ae1ef08b06.png', 100, 'App\\Models\\Product', '2021-08-12 04:18:25', '2021-08-12 04:18:25'),
(400, 'products/fd0ac0434bb5ce11ddc1016576cc1531.png', 100, 'App\\Models\\Product', '2021-08-12 04:18:25', '2021-08-12 04:18:25'),
(401, 'products/10d33335bcad34a9497d347dc656acbf.png', 101, 'App\\Models\\Product', '2021-08-12 04:18:37', '2021-08-12 04:18:37'),
(402, 'products/6acf012d37d3e72527bdb82135a43e10.png', 101, 'App\\Models\\Product', '2021-08-12 04:18:37', '2021-08-12 04:18:37'),
(403, 'products/e0f7ee31402594e2005487ce8283e3eb.png', 101, 'App\\Models\\Product', '2021-08-12 04:18:37', '2021-08-12 04:18:37'),
(404, 'products/c822bd348fcdb2f4bffeb552bb39c422.png', 101, 'App\\Models\\Product', '2021-08-12 04:18:37', '2021-08-12 04:18:37'),
(405, 'products/cd0a0003af32ee495c2241b948b58be9.png', 102, 'App\\Models\\Product', '2021-08-12 04:18:45', '2021-08-12 04:18:45'),
(406, 'products/46a80301793b40c78c177640c7d915e8.png', 102, 'App\\Models\\Product', '2021-08-12 04:18:45', '2021-08-12 04:18:45'),
(407, 'products/eaff72d4c0f80f4521faf9be00e61910.png', 102, 'App\\Models\\Product', '2021-08-12 04:18:45', '2021-08-12 04:18:45'),
(408, 'products/ec22212a5b548e5516f513c71815f1c0.png', 102, 'App\\Models\\Product', '2021-08-12 04:18:45', '2021-08-12 04:18:45'),
(409, 'products/1cc4048024db41ca0e6b46dc654776d9.png', 103, 'App\\Models\\Product', '2021-08-12 04:18:50', '2021-08-12 04:18:50'),
(410, 'products/447b0809d1fafe97c6ee6ad1da9f0d4a.png', 103, 'App\\Models\\Product', '2021-08-12 04:18:50', '2021-08-12 04:18:50'),
(411, 'products/ca296612c3b2f9ee3fdd380aa16a6364.png', 103, 'App\\Models\\Product', '2021-08-12 04:18:50', '2021-08-12 04:18:50'),
(412, 'products/ccacefa6ecd9d9d48e6fc691a1d09bce.png', 103, 'App\\Models\\Product', '2021-08-12 04:18:50', '2021-08-12 04:18:50'),
(413, 'products/87680f08c955ff38b2433a70b535ba40.png', 104, 'App\\Models\\Product', '2021-08-12 04:18:53', '2021-08-12 04:18:53'),
(414, 'products/92dc8134a4fed81d1d18ee9d857c0c8f.png', 104, 'App\\Models\\Product', '2021-08-12 04:18:53', '2021-08-12 04:18:53'),
(415, 'products/3e84e0bf90baff009a9afd0cded80fcc.png', 104, 'App\\Models\\Product', '2021-08-12 04:18:53', '2021-08-12 04:18:53'),
(416, 'products/04da8c12c4206cf609bf43d72c326deb.png', 104, 'App\\Models\\Product', '2021-08-12 04:18:53', '2021-08-12 04:18:53'),
(417, 'products/a46d96b84d735074cc16f1ebbfd14eb3.png', 105, 'App\\Models\\Product', '2021-08-12 04:18:58', '2021-08-12 04:18:58'),
(418, 'products/4d3fa686ebf3da6997486e537ae8525e.png', 105, 'App\\Models\\Product', '2021-08-12 04:18:58', '2021-08-12 04:18:58'),
(419, 'products/a2bda0dd8d3857bda5d0684d5f96cd19.png', 105, 'App\\Models\\Product', '2021-08-12 04:18:58', '2021-08-12 04:18:58'),
(420, 'products/7f8fea2a6899f9c6827aac514c981d00.png', 105, 'App\\Models\\Product', '2021-08-12 04:18:58', '2021-08-12 04:18:58'),
(421, 'products/53608ebf9998880513ce3dc8de8f47b5.png', 106, 'App\\Models\\Product', '2021-08-12 04:19:37', '2021-08-12 04:19:37'),
(422, 'products/b36f1698481c3ddb3b501990403daf77.png', 106, 'App\\Models\\Product', '2021-08-12 04:19:37', '2021-08-12 04:19:37'),
(423, 'products/e59f51f0723ee1dfa0e4aebe4c436771.png', 106, 'App\\Models\\Product', '2021-08-12 04:19:37', '2021-08-12 04:19:37'),
(424, 'products/776574cc673d9d267379b60cee574958.png', 106, 'App\\Models\\Product', '2021-08-12 04:19:37', '2021-08-12 04:19:37'),
(425, 'products/dbf8e3c53f51da3e78fc89cefad20de6.png', 107, 'App\\Models\\Product', '2021-08-12 04:19:46', '2021-08-12 04:19:46'),
(426, 'products/da67144cd9e4c3e57c48854981b47969.png', 107, 'App\\Models\\Product', '2021-08-12 04:19:46', '2021-08-12 04:19:46'),
(427, 'products/14eafa3431ccde27cd592420e89eaf44.png', 107, 'App\\Models\\Product', '2021-08-12 04:19:46', '2021-08-12 04:19:46'),
(428, 'products/b0b523c3573d19561a0d1fd92e798fe7.png', 107, 'App\\Models\\Product', '2021-08-12 04:19:46', '2021-08-12 04:19:46'),
(429, 'products/1773f1468f8c637d806b99abb9598c52.png', 108, 'App\\Models\\Product', '2021-08-12 04:20:05', '2021-08-12 04:20:05'),
(430, 'products/f8fec800fb1e84660e8b9c777dd12203.png', 108, 'App\\Models\\Product', '2021-08-12 04:20:05', '2021-08-12 04:20:05'),
(431, 'products/93291d01f8b19b689043f273db11bfff.png', 108, 'App\\Models\\Product', '2021-08-12 04:20:05', '2021-08-12 04:20:05'),
(432, 'products/760d78688bdea9de51bf984237dc7f64.png', 108, 'App\\Models\\Product', '2021-08-12 04:20:05', '2021-08-12 04:20:05'),
(433, 'products/e5fab68459748d724feed54396dc7eb0.png', 109, 'App\\Models\\Product', '2021-08-12 04:20:12', '2021-08-12 04:20:12'),
(434, 'products/1589a4620961ff1b4540329bd6604f45.png', 109, 'App\\Models\\Product', '2021-08-12 04:20:12', '2021-08-12 04:20:12'),
(435, 'products/02ab4c68973b0ccd7d3b9a345699865e.png', 109, 'App\\Models\\Product', '2021-08-12 04:20:12', '2021-08-12 04:20:12'),
(436, 'products/ba21f867705fb3938107fd5c7f7f2f43.png', 109, 'App\\Models\\Product', '2021-08-12 04:20:12', '2021-08-12 04:20:12'),
(437, 'products/52ca18e7d944812496cf5e92d62e5414.png', 110, 'App\\Models\\Product', '2021-08-12 04:20:16', '2021-08-12 04:20:16'),
(438, 'products/964d658720c286d10e9b703e9f94bdc2.png', 110, 'App\\Models\\Product', '2021-08-12 04:20:16', '2021-08-12 04:20:16'),
(439, 'products/b1e8a008ae259811e543f59456740448.png', 110, 'App\\Models\\Product', '2021-08-12 04:20:16', '2021-08-12 04:20:16'),
(440, 'products/1fb3368b5db3fad8c0531c52ace019e1.png', 110, 'App\\Models\\Product', '2021-08-12 04:20:16', '2021-08-12 04:20:16'),
(441, 'products/d305096e37aa15e633f6dd5d94b98f84.png', 111, 'App\\Models\\Product', '2021-08-12 04:20:21', '2021-08-12 04:20:21'),
(442, 'products/acdafaa6c1d90dae76feedb2a9a4d23c.png', 111, 'App\\Models\\Product', '2021-08-12 04:20:21', '2021-08-12 04:20:21'),
(443, 'products/1fa628a3a218d55c24cdb64ea3dfeb91.png', 111, 'App\\Models\\Product', '2021-08-12 04:20:21', '2021-08-12 04:20:21'),
(444, 'products/7978be7810a0ebb97324a4df28722f7e.png', 111, 'App\\Models\\Product', '2021-08-12 04:20:21', '2021-08-12 04:20:21'),
(445, 'products/0003691309528116dddcdf7f0b8a466c.png', 112, 'App\\Models\\Product', '2021-08-12 04:20:27', '2021-08-12 04:20:27'),
(446, 'products/addc5f21f6ef5b84db545bb593d48e64.png', 112, 'App\\Models\\Product', '2021-08-12 04:20:27', '2021-08-12 04:20:27'),
(447, 'products/aefc0c2d0fe09f2ea127d8969ad0eaff.png', 112, 'App\\Models\\Product', '2021-08-12 04:20:27', '2021-08-12 04:20:27'),
(448, 'products/c9d01758d8589841ed23fc6f6a3ca779.png', 112, 'App\\Models\\Product', '2021-08-12 04:20:27', '2021-08-12 04:20:27'),
(449, 'products/91c919fff96e6e24a3e63f61d1c02d30.png', 113, 'App\\Models\\Product', '2021-08-12 04:20:29', '2021-08-12 04:20:29'),
(450, 'products/703b04ab95f4c15554602598621dc153.png', 113, 'App\\Models\\Product', '2021-08-12 04:20:29', '2021-08-12 04:20:29'),
(451, 'products/eb8b50c45811dfb5f93efb024ad4ee84.png', 113, 'App\\Models\\Product', '2021-08-12 04:20:29', '2021-08-12 04:20:29'),
(452, 'products/c1cba8d39c05dd432f92ae2d4548650d.png', 113, 'App\\Models\\Product', '2021-08-12 04:20:29', '2021-08-12 04:20:29'),
(453, 'products/4c9e4e67199ed7e5badb7526f6c77ab1.png', 114, 'App\\Models\\Product', '2021-08-12 04:20:36', '2021-08-12 04:20:36'),
(454, 'products/34ec9f54f5785c9d43e09988ec5110ac.png', 114, 'App\\Models\\Product', '2021-08-12 04:20:36', '2021-08-12 04:20:36'),
(455, 'products/641ea8de83e528134f38d864efe844d7.png', 114, 'App\\Models\\Product', '2021-08-12 04:20:36', '2021-08-12 04:20:36'),
(456, 'products/578c6c1dc47c01a8ff68dbcdef7c1f79.png', 114, 'App\\Models\\Product', '2021-08-12 04:20:36', '2021-08-12 04:20:36'),
(457, 'products/a86949c9c2a77f3c64312db7e5205310.png', 115, 'App\\Models\\Product', '2021-08-12 04:20:41', '2021-08-12 04:20:41'),
(458, 'products/1103512dacc825456bcd4d4c0bcf832b.png', 115, 'App\\Models\\Product', '2021-08-12 04:20:41', '2021-08-12 04:20:41'),
(459, 'products/e010f56a984f1e4ec17f810d04ede229.png', 115, 'App\\Models\\Product', '2021-08-12 04:20:41', '2021-08-12 04:20:41'),
(460, 'products/87cbc6fbedffe72141e9ad03fde43f77.png', 115, 'App\\Models\\Product', '2021-08-12 04:20:41', '2021-08-12 04:20:41'),
(461, 'products/f67ac585af63b70e2f1f6106f6b28fdf.png', 116, 'App\\Models\\Product', '2021-08-12 04:21:01', '2021-08-12 04:21:01'),
(462, 'products/3d3551b777931eb4246d410b48315b1e.png', 116, 'App\\Models\\Product', '2021-08-12 04:21:01', '2021-08-12 04:21:01'),
(463, 'products/4226426bb35efd48c1bb7c3048b5ee74.png', 116, 'App\\Models\\Product', '2021-08-12 04:21:01', '2021-08-12 04:21:01'),
(464, 'products/78022d0cb1e138f1778da6d324f115d8.png', 116, 'App\\Models\\Product', '2021-08-12 04:21:01', '2021-08-12 04:21:01'),
(465, 'products/2fb5e5e23e658931d62d87f1e5cd72be.png', 117, 'App\\Models\\Product', '2021-08-12 04:21:05', '2021-08-12 04:21:05'),
(466, 'products/0d1a41c4fbb86163dae1bdaf5fed3dfe.png', 117, 'App\\Models\\Product', '2021-08-12 04:21:05', '2021-08-12 04:21:05'),
(467, 'products/4378d02bf9f08c369bce0bcb1fc6c0c3.png', 117, 'App\\Models\\Product', '2021-08-12 04:21:05', '2021-08-12 04:21:05'),
(468, 'products/3e2a8c609036a4931824492f7b5d70d3.png', 117, 'App\\Models\\Product', '2021-08-12 04:21:05', '2021-08-12 04:21:05'),
(469, 'products/ed92ce25d70a241c61dea230e8f7d7f8.png', 118, 'App\\Models\\Product', '2021-08-12 04:21:09', '2021-08-12 04:21:09'),
(470, 'products/be94df3a51afd67fcab33be962599de2.png', 118, 'App\\Models\\Product', '2021-08-12 04:21:09', '2021-08-12 04:21:09'),
(471, 'products/b213ad0d57773e5ae86715af83c9cb18.png', 118, 'App\\Models\\Product', '2021-08-12 04:21:09', '2021-08-12 04:21:09'),
(472, 'products/98fdb9304227c8ba718c45ec0f0a9c01.png', 118, 'App\\Models\\Product', '2021-08-12 04:21:09', '2021-08-12 04:21:09'),
(473, 'products/2fadda87858fbecfa19eddfdc4716082.png', 119, 'App\\Models\\Product', '2021-08-12 04:21:16', '2021-08-12 04:21:16'),
(474, 'products/f6706485e1b7b0b309707e27b34eec01.png', 119, 'App\\Models\\Product', '2021-08-12 04:21:16', '2021-08-12 04:21:16'),
(475, 'products/664441fd1937a4af8c829adc0dc6c07e.png', 119, 'App\\Models\\Product', '2021-08-12 04:21:16', '2021-08-12 04:21:16'),
(476, 'products/4a8eb66e9ebe24c042224d74a8bb4f66.png', 119, 'App\\Models\\Product', '2021-08-12 04:21:16', '2021-08-12 04:21:16'),
(477, 'products/c4a4a40f54a998278edf7901338a87e0.png', 120, 'App\\Models\\Product', '2021-08-12 04:21:34', '2021-08-12 04:21:34'),
(478, 'products/4fa0c1d526b11983759e6e55cffb202e.png', 120, 'App\\Models\\Product', '2021-08-12 04:21:34', '2021-08-12 04:21:34'),
(479, 'products/14435edf7637c8b87419c045eded701a.png', 120, 'App\\Models\\Product', '2021-08-12 04:21:34', '2021-08-12 04:21:34'),
(480, 'products/9627bfe7b5deb1326495346a36edf8be.png', 120, 'App\\Models\\Product', '2021-08-12 04:21:34', '2021-08-12 04:21:34'),
(481, 'products/5908345974c9637fa759d50058cbe18b.png', 121, 'App\\Models\\Product', '2021-08-12 04:21:41', '2021-08-12 04:21:41'),
(482, 'products/8366722c8fb34d0d8a01f6f9e4d22f96.png', 121, 'App\\Models\\Product', '2021-08-12 04:21:41', '2021-08-12 04:21:41'),
(483, 'products/36599d2dc551f82bfa5080638654e511.png', 121, 'App\\Models\\Product', '2021-08-12 04:21:41', '2021-08-12 04:21:41'),
(484, 'products/d1567cce375da689a73a21d24bf87c53.png', 121, 'App\\Models\\Product', '2021-08-12 04:21:41', '2021-08-12 04:21:41'),
(485, 'products/197a27091df1dc6159a61c830ae829cf.png', 122, 'App\\Models\\Product', '2021-08-12 04:21:47', '2021-08-12 04:21:47'),
(486, 'products/12871c14ec65d28cdfbd5db1e030401c.png', 122, 'App\\Models\\Product', '2021-08-12 04:21:47', '2021-08-12 04:21:47'),
(487, 'products/1d3d6f62d3d0d7d683c700fce47740ca.png', 122, 'App\\Models\\Product', '2021-08-12 04:21:47', '2021-08-12 04:21:47'),
(488, 'products/739ed252fae95578f08ae7ba971732ad.png', 122, 'App\\Models\\Product', '2021-08-12 04:21:47', '2021-08-12 04:21:47'),
(489, 'products/641c164ec0a1fcd39b38851b26c6664b.png', 123, 'App\\Models\\Product', '2021-08-12 04:21:49', '2021-08-12 04:21:49'),
(490, 'products/8b15d0fcbb45e4fbbca9120aff95d6ee.png', 123, 'App\\Models\\Product', '2021-08-12 04:21:49', '2021-08-12 04:21:49'),
(491, 'products/7dd59c866ef06e8f8913734c104411ae.png', 123, 'App\\Models\\Product', '2021-08-12 04:21:49', '2021-08-12 04:21:49'),
(492, 'products/037326ba353ab6ef4d86d1d18eec8f30.png', 123, 'App\\Models\\Product', '2021-08-12 04:21:49', '2021-08-12 04:21:49'),
(493, 'products/46575e094496c678075eb691787fdca1.png', 124, 'App\\Models\\Product', '2021-08-12 04:21:52', '2021-08-12 04:21:52'),
(494, 'products/f920c378b6336a8f2d0099bafba4934f.png', 124, 'App\\Models\\Product', '2021-08-12 04:21:52', '2021-08-12 04:21:52'),
(495, 'products/738d21e254c617cb66f73fecdb4edde2.png', 124, 'App\\Models\\Product', '2021-08-12 04:21:52', '2021-08-12 04:21:52'),
(496, 'products/9e770610d9121aab9af91fddb2916da2.png', 124, 'App\\Models\\Product', '2021-08-12 04:21:52', '2021-08-12 04:21:52'),
(497, 'products/ed9278984e9703d5ad31975e935bdcb8.png', 125, 'App\\Models\\Product', '2021-08-12 04:22:18', '2021-08-12 04:22:18'),
(498, 'products/1adc5bc9147605a59b7ac20655c6cad5.png', 125, 'App\\Models\\Product', '2021-08-12 04:22:18', '2021-08-12 04:22:18'),
(499, 'products/5fadaafe833aca7ecfa5dfdf5a7cd8da.png', 125, 'App\\Models\\Product', '2021-08-12 04:22:18', '2021-08-12 04:22:18'),
(500, 'products/f443bb53264ca0312f2c62496927b688.png', 125, 'App\\Models\\Product', '2021-08-12 04:22:18', '2021-08-12 04:22:18'),
(501, 'products/674ba90afc26afa1ae54646c6578b5a2.png', 126, 'App\\Models\\Product', '2021-08-12 04:22:24', '2021-08-12 04:22:24'),
(502, 'products/47ab426802d83ee79d91c1af6f8c17b4.png', 126, 'App\\Models\\Product', '2021-08-12 04:22:24', '2021-08-12 04:22:24'),
(503, 'products/3c4bc77238e18d1ea74e90829f1d2b6b.png', 126, 'App\\Models\\Product', '2021-08-12 04:22:24', '2021-08-12 04:22:24'),
(504, 'products/d7ecff1d7177429b6b1b9da0554cc15a.png', 126, 'App\\Models\\Product', '2021-08-12 04:22:24', '2021-08-12 04:22:24'),
(505, 'products/fdc2b882c3ff6ee9348f290fd69eb05f.png', 127, 'App\\Models\\Product', '2021-08-12 04:22:28', '2021-08-12 04:22:28'),
(506, 'products/0c4c1d49ec276255519e8d6b0a5c7092.png', 127, 'App\\Models\\Product', '2021-08-12 04:22:29', '2021-08-12 04:22:29'),
(507, 'products/2b8c367ce5d31bbd6d16710c71fe9234.png', 127, 'App\\Models\\Product', '2021-08-12 04:22:29', '2021-08-12 04:22:29'),
(508, 'products/8c6a7ba93bcf32e34fb2a4a4ef1f5a43.png', 127, 'App\\Models\\Product', '2021-08-12 04:22:29', '2021-08-12 04:22:29'),
(509, 'products/7b44ba2e5d596e488f7c2cba6a0ef452.png', 128, 'App\\Models\\Product', '2021-08-12 04:22:38', '2021-08-12 04:22:38'),
(510, 'products/858bd718a8d3920b9e7da4bf010e889a.png', 128, 'App\\Models\\Product', '2021-08-12 04:22:38', '2021-08-12 04:22:38'),
(511, 'products/fd59eabb0e1376e5ba1a8ff6984f9282.png', 128, 'App\\Models\\Product', '2021-08-12 04:22:38', '2021-08-12 04:22:38'),
(512, 'products/49e7171e4fc933fa949907127ca18b99.png', 128, 'App\\Models\\Product', '2021-08-12 04:22:38', '2021-08-12 04:22:38'),
(513, 'products/3e7aca75798516993d68846167d091eb.png', 129, 'App\\Models\\Product', '2021-08-12 04:22:40', '2021-08-12 04:22:40'),
(514, 'products/8b2006146f486d58413466f479132183.png', 129, 'App\\Models\\Product', '2021-08-12 04:22:40', '2021-08-12 04:22:40'),
(515, 'products/673ec389fc53e80495e1fc30e2893ce3.png', 129, 'App\\Models\\Product', '2021-08-12 04:22:40', '2021-08-12 04:22:40'),
(516, 'products/768bd7631693e2d57c37d346389882a5.png', 129, 'App\\Models\\Product', '2021-08-12 04:22:40', '2021-08-12 04:22:40'),
(517, 'products/5004d8251123a72812c225832ca733f1.png', 130, 'App\\Models\\Product', '2021-08-12 04:22:46', '2021-08-12 04:22:46'),
(518, 'products/4d314914a1cb37951ba4743b78e668bc.png', 130, 'App\\Models\\Product', '2021-08-12 04:22:46', '2021-08-12 04:22:46'),
(519, 'products/36c4586d677844b5bfb643e3fdb383f5.png', 130, 'App\\Models\\Product', '2021-08-12 04:22:46', '2021-08-12 04:22:46'),
(520, 'products/b0c1b1265ab072e975a263baa2790662.png', 130, 'App\\Models\\Product', '2021-08-12 04:22:46', '2021-08-12 04:22:46'),
(521, 'products/4689e779e88fd50732345b70be85faab.png', 131, 'App\\Models\\Product', '2021-08-12 04:22:49', '2021-08-12 04:22:49'),
(522, 'products/1839ca7cbeeae4bfe7fdca6347298079.png', 131, 'App\\Models\\Product', '2021-08-12 04:22:49', '2021-08-12 04:22:49'),
(523, 'products/e54b8a9ec9916838b23c1073fccf067c.png', 131, 'App\\Models\\Product', '2021-08-12 04:22:49', '2021-08-12 04:22:49'),
(524, 'products/4369a9129b52cb7a630c32badf5c761f.png', 131, 'App\\Models\\Product', '2021-08-12 04:22:49', '2021-08-12 04:22:49'),
(525, 'products/ecbab4360998888aff67ddddd3f7fdc7.png', 132, 'App\\Models\\Product', '2021-08-12 04:22:58', '2021-08-12 04:22:58'),
(526, 'products/d34c2738549f717054fa282a112d442f.png', 132, 'App\\Models\\Product', '2021-08-12 04:22:58', '2021-08-12 04:22:58'),
(527, 'products/22974d6313aaaa2bb2b1da6b3f9f7983.png', 132, 'App\\Models\\Product', '2021-08-12 04:22:58', '2021-08-12 04:22:58'),
(528, 'products/3c5a98a8cc3244ffe135356ea850ab4e.png', 132, 'App\\Models\\Product', '2021-08-12 04:22:58', '2021-08-12 04:22:58'),
(529, 'products/fb9ee122f1f0f15bf5d2f54f00af6551.png', 133, 'App\\Models\\Product', '2021-08-12 04:23:01', '2021-08-12 04:23:01'),
(530, 'products/18528e40c558ab0019efd42afc96b74c.png', 133, 'App\\Models\\Product', '2021-08-12 04:23:01', '2021-08-12 04:23:01'),
(531, 'products/725efb04560eef46d0aaef4c9c8e3fe0.png', 133, 'App\\Models\\Product', '2021-08-12 04:23:01', '2021-08-12 04:23:01'),
(532, 'products/7d4fc220506d2151fc37397d95e24fa1.png', 133, 'App\\Models\\Product', '2021-08-12 04:23:01', '2021-08-12 04:23:01'),
(533, 'products/78a70479c8482f2710b50447c57352f0.png', 134, 'App\\Models\\Product', '2021-08-12 04:23:05', '2021-08-12 04:23:05'),
(534, 'products/cfc0d5c1283002efa82c91d9a6adc9e8.png', 134, 'App\\Models\\Product', '2021-08-12 04:23:05', '2021-08-12 04:23:05'),
(535, 'products/0bc1a0a70c71f538419b805de2ac8721.png', 134, 'App\\Models\\Product', '2021-08-12 04:23:05', '2021-08-12 04:23:05'),
(536, 'products/3b1bc7bdcc300c9012bde7b858cadd67.png', 134, 'App\\Models\\Product', '2021-08-12 04:23:05', '2021-08-12 04:23:05'),
(537, 'products/7441cb32b0d42beb197bb125032ef3b5.png', 135, 'App\\Models\\Product', '2021-08-12 04:23:25', '2021-08-12 04:23:25'),
(538, 'products/85e0006f37c27daabd4841e7a9cc6541.png', 135, 'App\\Models\\Product', '2021-08-12 04:23:25', '2021-08-12 04:23:25'),
(539, 'products/7bf8631499971092ad31c0d0c6d6f208.png', 135, 'App\\Models\\Product', '2021-08-12 04:23:25', '2021-08-12 04:23:25'),
(540, 'products/5a755717bde8d191f71cd4336225f0e0.png', 135, 'App\\Models\\Product', '2021-08-12 04:23:25', '2021-08-12 04:23:25'),
(541, 'products/1594435bdeddefd13ab769332cf1586f.png', 136, 'App\\Models\\Product', '2021-08-12 04:23:26', '2021-08-12 04:23:26'),
(542, 'products/1cad88c07348e2503ef19cb948606987.png', 136, 'App\\Models\\Product', '2021-08-12 04:23:26', '2021-08-12 04:23:26'),
(543, 'products/2c796a17f0acf403aa3f6f64cbcfee19.png', 136, 'App\\Models\\Product', '2021-08-12 04:23:26', '2021-08-12 04:23:26'),
(544, 'products/ddc126a937912164abf7d9f5ea5f98de.png', 136, 'App\\Models\\Product', '2021-08-12 04:23:26', '2021-08-12 04:23:26'),
(545, 'products/8eac79b59b3d28ef96fcc85514f4b670.png', 137, 'App\\Models\\Product', '2021-08-12 04:23:52', '2021-08-12 04:23:52'),
(546, 'products/9cff801adcb3e250d8c592321716d6f4.png', 137, 'App\\Models\\Product', '2021-08-12 04:23:53', '2021-08-12 04:23:53'),
(547, 'products/d33f1f5409acbcde052971b961efb85b.png', 137, 'App\\Models\\Product', '2021-08-12 04:23:53', '2021-08-12 04:23:53'),
(548, 'products/89def253474e4ee0863ac3641cfd9a45.png', 137, 'App\\Models\\Product', '2021-08-12 04:23:53', '2021-08-12 04:23:53'),
(549, 'products/9e84336aa2f88a77d9e774a677b7ae61.png', 138, 'App\\Models\\Product', '2021-08-12 04:24:02', '2021-08-12 04:24:02'),
(550, 'products/9bca0c320151e9cedf91bd8d3500c91e.png', 138, 'App\\Models\\Product', '2021-08-12 04:24:02', '2021-08-12 04:24:02'),
(551, 'products/a7e3d3bc33c71e0147bbbc49718fb676.png', 138, 'App\\Models\\Product', '2021-08-12 04:24:02', '2021-08-12 04:24:02'),
(552, 'products/25f21bebaa1e38efc77b7bbe625c44db.png', 138, 'App\\Models\\Product', '2021-08-12 04:24:02', '2021-08-12 04:24:02'),
(553, 'products/b7f60765ab8392509a38b2446f780f59.png', 139, 'App\\Models\\Product', '2021-08-12 04:24:05', '2021-08-12 04:24:05'),
(554, 'products/70a016f715a4a391fcb23f5ea5aa9c67.png', 139, 'App\\Models\\Product', '2021-08-12 04:24:05', '2021-08-12 04:24:05'),
(555, 'products/e377a02b316af2b5a089167f1d11393d.png', 139, 'App\\Models\\Product', '2021-08-12 04:24:05', '2021-08-12 04:24:05'),
(556, 'products/e3941e5bd11b52bfb15d2d1a325f9e78.png', 139, 'App\\Models\\Product', '2021-08-12 04:24:05', '2021-08-12 04:24:05'),
(557, 'products/1b7b369db3593fd140fe1caa00085be1.png', 140, 'App\\Models\\Product', '2021-08-12 04:24:23', '2021-08-12 04:24:23'),
(558, 'products/970e85750d97f6dee695770d5d2c81c6.png', 140, 'App\\Models\\Product', '2021-08-12 04:24:23', '2021-08-12 04:24:23'),
(559, 'products/9fd9af93838fcf8c935199e5414c57aa.png', 140, 'App\\Models\\Product', '2021-08-12 04:24:23', '2021-08-12 04:24:23'),
(560, 'products/d3a927d03d41c8dfb8b84f918da3cf1a.png', 140, 'App\\Models\\Product', '2021-08-12 04:24:23', '2021-08-12 04:24:23'),
(561, 'products/fa68fa0876f947512d81e0d7511bc3ac.png', 141, 'App\\Models\\Product', '2021-08-12 04:24:27', '2021-08-12 04:24:27'),
(562, 'products/0eb4387bb858fd63d5f23dc3924d3e31.png', 141, 'App\\Models\\Product', '2021-08-12 04:24:27', '2021-08-12 04:24:27'),
(563, 'products/eae744278043b153d90aaedd6ed9ba45.png', 141, 'App\\Models\\Product', '2021-08-12 04:24:27', '2021-08-12 04:24:27'),
(564, 'products/45f2e05ea414eb168fcf3c92152ecc85.png', 141, 'App\\Models\\Product', '2021-08-12 04:24:27', '2021-08-12 04:24:27'),
(565, 'products/73ca0a5f1717e18ba8d7ed476e97f1c4.png', 142, 'App\\Models\\Product', '2021-08-12 04:24:32', '2021-08-12 04:24:32'),
(566, 'products/fd66f76a83e7196f29a1b87f9bd1a205.png', 142, 'App\\Models\\Product', '2021-08-12 04:24:32', '2021-08-12 04:24:32'),
(567, 'products/79839ae3e0931910772b5b522894ccce.png', 142, 'App\\Models\\Product', '2021-08-12 04:24:32', '2021-08-12 04:24:32'),
(568, 'products/f3b49b958783be1a7fbc83b14140cad6.png', 142, 'App\\Models\\Product', '2021-08-12 04:24:32', '2021-08-12 04:24:32'),
(569, 'products/bfd7f12671bf56cd2655e5530819b4c7.png', 143, 'App\\Models\\Product', '2021-08-12 04:24:43', '2021-08-12 04:24:43'),
(570, 'products/ae26e8e243ddf8776e932dab4674fc72.png', 143, 'App\\Models\\Product', '2021-08-12 04:24:43', '2021-08-12 04:24:43'),
(571, 'products/2ee17f7900b500e36301d8d3f63764e6.png', 143, 'App\\Models\\Product', '2021-08-12 04:24:43', '2021-08-12 04:24:43'),
(572, 'products/f8ce4815a94f34f031ffcf4fd35144a5.png', 143, 'App\\Models\\Product', '2021-08-12 04:24:43', '2021-08-12 04:24:43'),
(573, 'products/f267fd35a2b52272e844a923f7c7dfce.png', 144, 'App\\Models\\Product', '2021-08-12 04:24:55', '2021-08-12 04:24:55'),
(574, 'products/a8955ae9df9b133d0d8ee7a9f25826f6.png', 144, 'App\\Models\\Product', '2021-08-12 04:24:55', '2021-08-12 04:24:55'),
(575, 'products/5d1c84947df9d7c017dd79db9b96b650.png', 144, 'App\\Models\\Product', '2021-08-12 04:24:55', '2021-08-12 04:24:55'),
(576, 'products/f17b6b74b9fcfe0aa10a00053927fbc6.png', 144, 'App\\Models\\Product', '2021-08-12 04:24:55', '2021-08-12 04:24:55'),
(577, 'products/72bb229e9b66a6f1cd9012a086d6ef79.png', 145, 'App\\Models\\Product', '2021-08-12 04:25:18', '2021-08-12 04:25:18'),
(578, 'products/8d2bf15032dbf4854350b235b48ab42e.png', 145, 'App\\Models\\Product', '2021-08-12 04:25:18', '2021-08-12 04:25:18'),
(579, 'products/59f5ff2c58d4e9681c10d36f232d4fa0.png', 145, 'App\\Models\\Product', '2021-08-12 04:25:18', '2021-08-12 04:25:18'),
(580, 'products/106e142de84478eba87d5b02827ccda5.png', 145, 'App\\Models\\Product', '2021-08-12 04:25:18', '2021-08-12 04:25:18'),
(581, 'products/1e938cb3db9df59e28b3c74fad4f5462.png', 146, 'App\\Models\\Product', '2021-08-12 04:25:25', '2021-08-12 04:25:25'),
(582, 'products/b1118af0b34840b8a3954f465241fdc2.png', 146, 'App\\Models\\Product', '2021-08-12 04:25:25', '2021-08-12 04:25:25'),
(583, 'products/87df16739aebec478a31ead23f7f2e61.png', 146, 'App\\Models\\Product', '2021-08-12 04:25:25', '2021-08-12 04:25:25'),
(584, 'products/f2829bc0d9bf75c1f75ee59dc740a595.png', 146, 'App\\Models\\Product', '2021-08-12 04:25:25', '2021-08-12 04:25:25'),
(585, 'products/4a5927e656b33d0df873063bc8a1fb55.png', 147, 'App\\Models\\Product', '2021-08-12 04:25:31', '2021-08-12 04:25:31'),
(586, 'products/9bfb43185d06914c2fbc91f4dbab86f2.png', 147, 'App\\Models\\Product', '2021-08-12 04:25:31', '2021-08-12 04:25:31'),
(587, 'products/c163cda08e8e9564d4a80fd29775befe.png', 147, 'App\\Models\\Product', '2021-08-12 04:25:31', '2021-08-12 04:25:31'),
(588, 'products/7acfe2fed263b221d75de247a8bbb82a.png', 147, 'App\\Models\\Product', '2021-08-12 04:25:31', '2021-08-12 04:25:31'),
(589, 'products/5f4e075c0f8c1fba20f90c8e460c4d6b.png', 148, 'App\\Models\\Product', '2021-08-12 04:26:06', '2021-08-12 04:26:06'),
(590, 'products/7aa5969f767e9c72a650f6a5a63e356f.png', 148, 'App\\Models\\Product', '2021-08-12 04:26:06', '2021-08-12 04:26:06'),
(591, 'products/8acff04f39091cfcb19e6f7746626925.png', 148, 'App\\Models\\Product', '2021-08-12 04:26:06', '2021-08-12 04:26:06'),
(592, 'products/c0b477f03b5f9126a88a722c033d8e91.png', 148, 'App\\Models\\Product', '2021-08-12 04:26:06', '2021-08-12 04:26:06'),
(593, 'products/a41065bc9eb587e94102ec96003e171c.png', 149, 'App\\Models\\Product', '2021-08-12 04:26:29', '2021-08-12 04:26:29'),
(594, 'products/1ee084c9e6a27819111501c790c1e30d.png', 149, 'App\\Models\\Product', '2021-08-12 04:26:29', '2021-08-12 04:26:29'),
(595, 'products/19bd6980b73fd5a5b444ac96753e3c19.png', 149, 'App\\Models\\Product', '2021-08-12 04:26:29', '2021-08-12 04:26:29'),
(596, 'products/357019fa70e23ea3ca276e88b49701c1.png', 149, 'App\\Models\\Product', '2021-08-12 04:26:29', '2021-08-12 04:26:29'),
(597, 'products/81cbe1907796a53be96fa2d1922ea5ed.png', 150, 'App\\Models\\Product', '2021-08-12 04:26:39', '2021-08-12 04:26:39'),
(598, 'products/51f0270c55038290005aab40ebe79572.png', 150, 'App\\Models\\Product', '2021-08-12 04:26:39', '2021-08-12 04:26:39'),
(599, 'products/9ac15c4f21ee2865417dd14276dcf039.png', 150, 'App\\Models\\Product', '2021-08-12 04:26:39', '2021-08-12 04:26:39'),
(600, 'products/998290fd8026acf7c5769084c862ad88.png', 150, 'App\\Models\\Product', '2021-08-12 04:26:39', '2021-08-12 04:26:39'),
(601, 'products/5e85662c3a5e685f252a50e693713099.png', 151, 'App\\Models\\Product', '2021-08-12 04:26:41', '2021-08-12 04:26:41'),
(602, 'products/da8fd596712c799650b9b94b3eb45c66.png', 151, 'App\\Models\\Product', '2021-08-12 04:26:41', '2021-08-12 04:26:41'),
(603, 'products/b6d7b581b400b7b89bc8d288b6ff84ca.png', 151, 'App\\Models\\Product', '2021-08-12 04:26:41', '2021-08-12 04:26:41'),
(604, 'products/64c91602ffa9e2b356ebe53463144829.png', 151, 'App\\Models\\Product', '2021-08-12 04:26:41', '2021-08-12 04:26:41'),
(605, 'products/8c7a0867ead7cd64bbadcde87406b409.png', 152, 'App\\Models\\Product', '2021-08-12 04:26:53', '2021-08-12 04:26:53'),
(606, 'products/459c8984ed03fcb9a6f8734ffcda7bea.png', 152, 'App\\Models\\Product', '2021-08-12 04:26:53', '2021-08-12 04:26:53'),
(607, 'products/dcf4b6bf72375e5965b045face6b5404.png', 152, 'App\\Models\\Product', '2021-08-12 04:26:53', '2021-08-12 04:26:53'),
(608, 'products/f4882596bc173638467dfc491501b835.png', 152, 'App\\Models\\Product', '2021-08-12 04:26:53', '2021-08-12 04:26:53'),
(609, 'products/e49c68c4e6b5b17ef15186854edc2ac1.png', 153, 'App\\Models\\Product', '2021-08-12 04:26:56', '2021-08-12 04:26:56'),
(610, 'products/2fd45ddf06d60c517a1107a7e4703eee.png', 153, 'App\\Models\\Product', '2021-08-12 04:26:56', '2021-08-12 04:26:56'),
(611, 'products/0eebe56dc1d162d583791896283bed22.png', 153, 'App\\Models\\Product', '2021-08-12 04:26:56', '2021-08-12 04:26:56'),
(612, 'products/7af5eb9194f62a9162192ec1ffc45346.png', 153, 'App\\Models\\Product', '2021-08-12 04:26:56', '2021-08-12 04:26:56'),
(613, 'products/2a627d7684f77da6e539ce91b8073a81.png', 154, 'App\\Models\\Product', '2021-08-12 04:27:15', '2021-08-12 04:27:15'),
(614, 'products/c56f5eebee69b784fe7a1dec60f47990.png', 154, 'App\\Models\\Product', '2021-08-12 04:27:15', '2021-08-12 04:27:15'),
(615, 'products/a38a3e01de90d3e5e8b409588c25ae50.png', 154, 'App\\Models\\Product', '2021-08-12 04:27:15', '2021-08-12 04:27:15'),
(616, 'products/663c06a0951bb956f777e8cbe01e9673.png', 154, 'App\\Models\\Product', '2021-08-12 04:27:15', '2021-08-12 04:27:15'),
(617, 'products/817624c06dddf079f9dae703c701848a.png', 155, 'App\\Models\\Product', '2021-08-12 04:27:21', '2021-08-12 04:27:21'),
(618, 'products/1cbeddb67faeb2ecb45678f8129c41b6.png', 155, 'App\\Models\\Product', '2021-08-12 04:27:21', '2021-08-12 04:27:21'),
(619, 'products/ae00e23926c4ef6db1c937a2eb6b94ed.png', 155, 'App\\Models\\Product', '2021-08-12 04:27:21', '2021-08-12 04:27:21'),
(620, 'products/b7b131006575be55497b8a81696ac18a.png', 155, 'App\\Models\\Product', '2021-08-12 04:27:21', '2021-08-12 04:27:21'),
(621, 'products/cba5416fc90ee1fb640ca9fd06e58b30.png', 156, 'App\\Models\\Product', '2021-08-12 04:27:30', '2021-08-12 04:27:30'),
(622, 'products/93238a5a4a0950632cd77c0f76b81ee1.png', 156, 'App\\Models\\Product', '2021-08-12 04:27:30', '2021-08-12 04:27:30'),
(623, 'products/5c8c0a1b4726b814cf1450a19777a2d4.png', 156, 'App\\Models\\Product', '2021-08-12 04:27:30', '2021-08-12 04:27:30'),
(624, 'products/ed5dc44d6422282ff3c8c6f59e8b5a7b.png', 156, 'App\\Models\\Product', '2021-08-12 04:27:30', '2021-08-12 04:27:30'),
(625, 'products/56be94266f80591ffb6192374a751a2e.png', 157, 'App\\Models\\Product', '2021-08-12 04:27:35', '2021-08-12 04:27:35'),
(626, 'products/0926948fcecefca027369bf2ac303557.png', 157, 'App\\Models\\Product', '2021-08-12 04:27:35', '2021-08-12 04:27:35'),
(627, 'products/513d2c7b63975491e6efe732640a6663.png', 157, 'App\\Models\\Product', '2021-08-12 04:27:35', '2021-08-12 04:27:35'),
(628, 'products/52129102f1a1a36173c4e67d14621227.png', 157, 'App\\Models\\Product', '2021-08-12 04:27:35', '2021-08-12 04:27:35'),
(629, 'products/2b2130fd29a658060697b4bfff8c484b.png', 158, 'App\\Models\\Product', '2021-08-12 04:28:02', '2021-08-12 04:28:02'),
(630, 'products/6e68c3bd25ef2826c21018ec9b1534c4.png', 158, 'App\\Models\\Product', '2021-08-12 04:28:02', '2021-08-12 04:28:02'),
(631, 'products/f7f46537c9cbb85a467b1e3b47865fbf.png', 158, 'App\\Models\\Product', '2021-08-12 04:28:02', '2021-08-12 04:28:02'),
(632, 'products/c43012b9f541660c5080534bce908b04.png', 158, 'App\\Models\\Product', '2021-08-12 04:28:02', '2021-08-12 04:28:02'),
(633, 'products/d7696267aa2276a2720f2d890fdc1863.png', 159, 'App\\Models\\Product', '2021-08-12 04:28:11', '2021-08-12 04:28:11'),
(634, 'products/9bb41a49bd35081e8d4541d9a20fd56c.png', 159, 'App\\Models\\Product', '2021-08-12 04:28:11', '2021-08-12 04:28:11'),
(635, 'products/53ba0207a3d1f14e5f04d7fdcc80e659.png', 159, 'App\\Models\\Product', '2021-08-12 04:28:11', '2021-08-12 04:28:11'),
(636, 'products/367458835f9f6a1e15cf4092c023507a.png', 159, 'App\\Models\\Product', '2021-08-12 04:28:11', '2021-08-12 04:28:11'),
(637, 'products/2fbe44aa86ab55334c9c087daff00312.png', 160, 'App\\Models\\Product', '2021-08-12 04:28:30', '2021-08-12 04:28:30'),
(638, 'products/30ba3d2c6623ac27ac1aa7ef7cb7cb2f.png', 160, 'App\\Models\\Product', '2021-08-12 04:28:30', '2021-08-12 04:28:30'),
(639, 'products/ea25bad2f94216506365cac8d9291935.png', 160, 'App\\Models\\Product', '2021-08-12 04:28:30', '2021-08-12 04:28:30'),
(640, 'products/5271610617427e63f74b0cd8f8a6e6d3.png', 160, 'App\\Models\\Product', '2021-08-12 04:28:30', '2021-08-12 04:28:30'),
(641, 'products/355eb8c2f93b7f4c25a13d1563ab69d8.png', 161, 'App\\Models\\Product', '2021-08-12 04:28:42', '2021-08-12 04:28:42'),
(642, 'products/47868864023415be0419e05e2018377f.png', 161, 'App\\Models\\Product', '2021-08-12 04:28:42', '2021-08-12 04:28:42'),
(643, 'products/487e32cde5001ac92a8db10e35c69fe3.png', 161, 'App\\Models\\Product', '2021-08-12 04:28:42', '2021-08-12 04:28:42'),
(644, 'products/2f264594a99dcb2750e11aa29fab4e27.png', 161, 'App\\Models\\Product', '2021-08-12 04:28:42', '2021-08-12 04:28:42'),
(645, 'products/03912ce0e8c5278cf9b74a0bcd0a7b7f.png', 162, 'App\\Models\\Product', '2021-08-12 04:28:49', '2021-08-12 04:28:49'),
(646, 'products/760209227f8c2dab1d0a0619cc55dbba.png', 162, 'App\\Models\\Product', '2021-08-12 04:28:49', '2021-08-12 04:28:49'),
(647, 'products/ce0c48dbf5206c65dc7ac959b8976f50.png', 162, 'App\\Models\\Product', '2021-08-12 04:28:49', '2021-08-12 04:28:49'),
(648, 'products/9673be53659763173bed576d2e128004.png', 162, 'App\\Models\\Product', '2021-08-12 04:28:49', '2021-08-12 04:28:49'),
(649, 'products/afad4e6714916d1190a43131bc7a7066.png', 163, 'App\\Models\\Product', '2021-08-12 04:28:54', '2021-08-12 04:28:54'),
(650, 'products/6de7528f0c5318b1c0fdabc847ff2ff8.png', 163, 'App\\Models\\Product', '2021-08-12 04:28:54', '2021-08-12 04:28:54'),
(651, 'products/e0da28627f19f5a227d296b9b29fc28b.png', 163, 'App\\Models\\Product', '2021-08-12 04:28:54', '2021-08-12 04:28:54'),
(652, 'products/11292a4183d6fc9b430aa1f4b188ab8f.png', 163, 'App\\Models\\Product', '2021-08-12 04:28:54', '2021-08-12 04:28:54'),
(653, 'products/b261ccf49bb9b1cdb05d0cc874cda1d9.png', 164, 'App\\Models\\Product', '2021-08-12 04:28:57', '2021-08-12 04:28:57'),
(654, 'products/d18175be8fa88c263fc9128fbedd3c46.png', 164, 'App\\Models\\Product', '2021-08-12 04:28:57', '2021-08-12 04:28:57'),
(655, 'products/3d2505be6d68a238eae390123da75b07.png', 164, 'App\\Models\\Product', '2021-08-12 04:28:57', '2021-08-12 04:28:57'),
(656, 'products/b6dd5adac188c3f3d1c45117b77e05d1.png', 164, 'App\\Models\\Product', '2021-08-12 04:28:57', '2021-08-12 04:28:57'),
(657, 'products/b6c7683a5c346a0904692600b9100c46.png', 165, 'App\\Models\\Product', '2021-08-12 04:28:59', '2021-08-12 04:28:59'),
(658, 'products/e05372c2b8be79eadc24aa7e1299b37c.png', 165, 'App\\Models\\Product', '2021-08-12 04:28:59', '2021-08-12 04:28:59'),
(659, 'products/98538179b82ece1997e2f93ca181132b.png', 165, 'App\\Models\\Product', '2021-08-12 04:28:59', '2021-08-12 04:28:59'),
(660, 'products/055987390f572ecd1ac671e45e24fee2.png', 165, 'App\\Models\\Product', '2021-08-12 04:28:59', '2021-08-12 04:28:59'),
(661, 'products/4bcf83d3f1aeb41002983f346c091e5d.png', 166, 'App\\Models\\Product', '2021-08-12 04:29:06', '2021-08-12 04:29:06'),
(662, 'products/db750f320465a9a1b230b1029c481f64.png', 166, 'App\\Models\\Product', '2021-08-12 04:29:06', '2021-08-12 04:29:06'),
(663, 'products/e9f3f1016670d8040796279c7dc47bcc.png', 166, 'App\\Models\\Product', '2021-08-12 04:29:06', '2021-08-12 04:29:06'),
(664, 'products/aefd27a3b45c095936556cae78561325.png', 166, 'App\\Models\\Product', '2021-08-12 04:29:06', '2021-08-12 04:29:06'),
(665, 'products/83d8c1997dfaf0d2b8ed071f9175b99a.png', 167, 'App\\Models\\Product', '2021-08-12 04:29:07', '2021-08-12 04:29:07'),
(666, 'products/efbc149337c568492ec3397aa6feb4d7.png', 167, 'App\\Models\\Product', '2021-08-12 04:29:07', '2021-08-12 04:29:07'),
(667, 'products/5bef8e28265c07bffaebba09d2719c5f.png', 167, 'App\\Models\\Product', '2021-08-12 04:29:08', '2021-08-12 04:29:08'),
(668, 'products/202476218e0432d15c87ce25b2311437.png', 167, 'App\\Models\\Product', '2021-08-12 04:29:08', '2021-08-12 04:29:08'),
(669, 'products/5e518e9cf3140b1fb0b185d5a685393d.png', 168, 'App\\Models\\Product', '2021-08-12 04:29:12', '2021-08-12 04:29:12'),
(670, 'products/cffecf2cec009fb0b51a8234a718e324.png', 168, 'App\\Models\\Product', '2021-08-12 04:29:12', '2021-08-12 04:29:12'),
(671, 'products/adc839bdb16a3c8dd526b6d040f77abc.png', 168, 'App\\Models\\Product', '2021-08-12 04:29:12', '2021-08-12 04:29:12'),
(672, 'products/e884a35bb277ff1bb4475050a2af1958.png', 168, 'App\\Models\\Product', '2021-08-12 04:29:12', '2021-08-12 04:29:12'),
(673, 'products/532b11a629e90404bf394178c4ed6cfa.png', 169, 'App\\Models\\Product', '2021-08-12 04:29:27', '2021-08-12 04:29:27'),
(674, 'products/07cd5bce513a7746053b8219b193d1d0.png', 169, 'App\\Models\\Product', '2021-08-12 04:29:27', '2021-08-12 04:29:27'),
(675, 'products/089b735f677fcb5f172c950214050739.png', 169, 'App\\Models\\Product', '2021-08-12 04:29:27', '2021-08-12 04:29:27'),
(676, 'products/e7943377ea2cd3b6fecdc0b008ff4db8.png', 169, 'App\\Models\\Product', '2021-08-12 04:29:27', '2021-08-12 04:29:27'),
(677, 'products/44ad63be58d5c94798bf100274e14c9f.png', 170, 'App\\Models\\Product', '2021-08-12 04:29:38', '2021-08-12 04:29:38'),
(678, 'products/d67575332df86bd27b475e34ddeb05f5.png', 170, 'App\\Models\\Product', '2021-08-12 04:29:38', '2021-08-12 04:29:38'),
(679, 'products/fbda794f7fddd4ec02113eaf3345c63b.png', 170, 'App\\Models\\Product', '2021-08-12 04:29:38', '2021-08-12 04:29:38'),
(680, 'products/28aeb6c587bdcce63ba7e62f2c292bb2.png', 170, 'App\\Models\\Product', '2021-08-12 04:29:38', '2021-08-12 04:29:38'),
(681, 'products/be24e32ec1a88677e87aec147cea5c0b.png', 171, 'App\\Models\\Product', '2021-08-12 04:29:40', '2021-08-12 04:29:40'),
(682, 'products/b410b55818ba63eb91134ee9cc2b19bf.png', 171, 'App\\Models\\Product', '2021-08-12 04:29:40', '2021-08-12 04:29:40'),
(683, 'products/7d1163b4ae9f4140ab17a9b8d2ede607.png', 171, 'App\\Models\\Product', '2021-08-12 04:29:40', '2021-08-12 04:29:40'),
(684, 'products/bd6ca11a9c3db4da343e843c502e3117.png', 171, 'App\\Models\\Product', '2021-08-12 04:29:40', '2021-08-12 04:29:40'),
(685, 'products/d821e72464503c289346ebb517091e45.png', 172, 'App\\Models\\Product', '2021-08-12 04:29:41', '2021-08-12 04:29:41'),
(686, 'products/890cddbdba00b201103323d44032036f.png', 172, 'App\\Models\\Product', '2021-08-12 04:29:41', '2021-08-12 04:29:41'),
(687, 'products/a80f5c52e458ee5145f2cfcab24c6040.png', 172, 'App\\Models\\Product', '2021-08-12 04:29:41', '2021-08-12 04:29:41'),
(688, 'products/fcb145e7a4eec07d66df3f60fc1b0d2d.png', 172, 'App\\Models\\Product', '2021-08-12 04:29:41', '2021-08-12 04:29:41'),
(689, 'products/27da5e68790a4432ab64e9698f1bd963.png', 173, 'App\\Models\\Product', '2021-08-12 04:29:46', '2021-08-12 04:29:46'),
(690, 'products/de591d9449049ef1a0d911902987fe84.png', 173, 'App\\Models\\Product', '2021-08-12 04:29:46', '2021-08-12 04:29:46'),
(691, 'products/ef58ee4248d5e530a1d1c376ab7fbc2c.png', 173, 'App\\Models\\Product', '2021-08-12 04:29:46', '2021-08-12 04:29:46'),
(692, 'products/ed275ef193077fe7d68f095fba1f9d86.png', 173, 'App\\Models\\Product', '2021-08-12 04:29:46', '2021-08-12 04:29:46'),
(693, 'products/d11416b939dc4268fb4d49a63b6eeb19.png', 174, 'App\\Models\\Product', '2021-08-12 04:29:52', '2021-08-12 04:29:52'),
(694, 'products/21980a37f9c06c24f524065561b55a65.png', 174, 'App\\Models\\Product', '2021-08-12 04:29:52', '2021-08-12 04:29:52'),
(695, 'products/b438de17a30da9cc81ceb3dde912e4da.png', 174, 'App\\Models\\Product', '2021-08-12 04:29:52', '2021-08-12 04:29:52'),
(696, 'products/67f9ac7edc19f520a0ac6f226bc937cb.png', 174, 'App\\Models\\Product', '2021-08-12 04:29:52', '2021-08-12 04:29:52'),
(697, 'products/2b045e4c56c3fefe8393c01a1a67ba7a.png', 175, 'App\\Models\\Product', '2021-08-12 04:30:15', '2021-08-12 04:30:15'),
(698, 'products/95e363de03dad2d20239eaaae9b46499.png', 175, 'App\\Models\\Product', '2021-08-12 04:30:15', '2021-08-12 04:30:15'),
(699, 'products/acb7b93780b34c3b2579b2b0fad7aeb6.png', 175, 'App\\Models\\Product', '2021-08-12 04:30:15', '2021-08-12 04:30:15'),
(700, 'products/962abf97e86941824d3ad5eff959d2af.png', 175, 'App\\Models\\Product', '2021-08-12 04:30:15', '2021-08-12 04:30:15'),
(701, 'products/2fdeffa58d73d0f42a987c59c6358951.png', 176, 'App\\Models\\Product', '2021-08-12 04:30:19', '2021-08-12 04:30:19'),
(702, 'products/96d779481a71b121b638a7d0e9d2b7e4.png', 176, 'App\\Models\\Product', '2021-08-12 04:30:19', '2021-08-12 04:30:19'),
(703, 'products/2049f2061d469fe29d1926da7b02bb8b.png', 176, 'App\\Models\\Product', '2021-08-12 04:30:19', '2021-08-12 04:30:19'),
(704, 'products/493217e97bfded699fec9b3ae45bba0d.png', 176, 'App\\Models\\Product', '2021-08-12 04:30:19', '2021-08-12 04:30:19'),
(705, 'products/01c3ecc011b7aeded928153ec3ac8724.png', 177, 'App\\Models\\Product', '2021-08-12 04:30:26', '2021-08-12 04:30:26'),
(706, 'products/ab397d5723d466b40618aaee6ef40750.png', 177, 'App\\Models\\Product', '2021-08-12 04:30:26', '2021-08-12 04:30:26'),
(707, 'products/850eaae0c05a742f0c23b558f3dce8ac.png', 177, 'App\\Models\\Product', '2021-08-12 04:30:26', '2021-08-12 04:30:26'),
(708, 'products/f6bef96b956bfb95830d3e4b56d6b130.png', 177, 'App\\Models\\Product', '2021-08-12 04:30:26', '2021-08-12 04:30:26'),
(709, 'products/a0b7ef6868d7f1258e1219b32624b10e.png', 178, 'App\\Models\\Product', '2021-08-12 04:30:28', '2021-08-12 04:30:28'),
(710, 'products/b617fc58e1873baafb3b736155b28454.png', 178, 'App\\Models\\Product', '2021-08-12 04:30:28', '2021-08-12 04:30:28'),
(711, 'products/6dc8cef5afeb7f5728c5a48fe5d316de.png', 178, 'App\\Models\\Product', '2021-08-12 04:30:28', '2021-08-12 04:30:28'),
(712, 'products/09eeb34e649e6f35ecd744229bea313b.png', 178, 'App\\Models\\Product', '2021-08-12 04:30:28', '2021-08-12 04:30:28'),
(713, 'products/5629536e4e5583aab5e755dc939b3c8b.png', 179, 'App\\Models\\Product', '2021-08-12 04:30:33', '2021-08-12 04:30:33'),
(714, 'products/f415bd6f6500c58fa475acc114f62f30.png', 179, 'App\\Models\\Product', '2021-08-12 04:30:33', '2021-08-12 04:30:33'),
(715, 'products/7b6f9b1955eaacda575e10bf93223498.png', 179, 'App\\Models\\Product', '2021-08-12 04:30:33', '2021-08-12 04:30:33'),
(716, 'products/87efc935a79949204f8bcd0ebef7067a.png', 179, 'App\\Models\\Product', '2021-08-12 04:30:33', '2021-08-12 04:30:33'),
(717, 'products/64809d93768187a7c7a787400353bdc6.png', 180, 'App\\Models\\Product', '2021-08-12 04:30:37', '2021-08-12 04:30:37'),
(718, 'products/c5f5406f9cc4936e6a921b9d0b5cb91a.png', 180, 'App\\Models\\Product', '2021-08-12 04:30:37', '2021-08-12 04:30:37'),
(719, 'products/105ffc84d9bcb6ca7f2ba06423a85b66.png', 180, 'App\\Models\\Product', '2021-08-12 04:30:37', '2021-08-12 04:30:37'),
(720, 'products/4b872ce81177d6b4d024ad98e01f8978.png', 180, 'App\\Models\\Product', '2021-08-12 04:30:37', '2021-08-12 04:30:37'),
(721, 'products/71ddeb446f822dfd8c97de0922e9ebb1.png', 181, 'App\\Models\\Product', '2021-08-12 04:30:46', '2021-08-12 04:30:46'),
(722, 'products/64026fd388ef9b1c9704c5aafe48372a.png', 181, 'App\\Models\\Product', '2021-08-12 04:30:46', '2021-08-12 04:30:46'),
(723, 'products/b3a30c767656705845098f07c11bce8f.png', 181, 'App\\Models\\Product', '2021-08-12 04:30:46', '2021-08-12 04:30:46'),
(724, 'products/294c42607ae3915ee34329f2a9623976.png', 181, 'App\\Models\\Product', '2021-08-12 04:30:46', '2021-08-12 04:30:46'),
(725, 'products/e2a30b76aad42ccd0918913a89aaa752.png', 182, 'App\\Models\\Product', '2021-08-12 04:30:49', '2021-08-12 04:30:49'),
(726, 'products/1063ce424d867c7c098bc01f0e37efb6.png', 182, 'App\\Models\\Product', '2021-08-12 04:30:49', '2021-08-12 04:30:49'),
(727, 'products/72d22cf49fc37516f5a491a64b490d23.png', 182, 'App\\Models\\Product', '2021-08-12 04:30:49', '2021-08-12 04:30:49'),
(728, 'products/6bb195c81318a0815f45c05bc3bd290f.png', 182, 'App\\Models\\Product', '2021-08-12 04:30:49', '2021-08-12 04:30:49'),
(729, 'products/95936b4a8dd51528f64d37108eba77c5.png', 183, 'App\\Models\\Product', '2021-08-12 04:30:53', '2021-08-12 04:30:53'),
(730, 'products/1708640815e70751030bfa9a370ec30d.png', 183, 'App\\Models\\Product', '2021-08-12 04:30:53', '2021-08-12 04:30:53'),
(731, 'products/af940dd61d013d5e50fa45515b18d881.png', 183, 'App\\Models\\Product', '2021-08-12 04:30:53', '2021-08-12 04:30:53'),
(732, 'products/606717116fee77a04e2853d349fa131d.png', 183, 'App\\Models\\Product', '2021-08-12 04:30:53', '2021-08-12 04:30:53'),
(733, 'products/611df16eb4e47055ef60d884a2e0209b.png', 184, 'App\\Models\\Product', '2021-08-12 04:31:02', '2021-08-12 04:31:02'),
(734, 'products/d3f0b6f3cd18dc5b24dd91039f4a10cb.png', 184, 'App\\Models\\Product', '2021-08-12 04:31:02', '2021-08-12 04:31:02'),
(735, 'products/e35aebb0b258a4bbdf331ba5da95492d.png', 184, 'App\\Models\\Product', '2021-08-12 04:31:02', '2021-08-12 04:31:02'),
(736, 'products/f51a7b36d24fd81bf23c3d17c091bee9.png', 184, 'App\\Models\\Product', '2021-08-12 04:31:02', '2021-08-12 04:31:02'),
(737, 'products/b343fbe4b30e9492c34d370a01115d08.png', 185, 'App\\Models\\Product', '2021-08-12 04:31:04', '2021-08-12 04:31:04'),
(738, 'products/05169fc38e6e29138782aa4154454f28.png', 185, 'App\\Models\\Product', '2021-08-12 04:31:04', '2021-08-12 04:31:04'),
(739, 'products/2935627eb2e06f3fc4b5add89500d0a1.png', 185, 'App\\Models\\Product', '2021-08-12 04:31:04', '2021-08-12 04:31:04'),
(740, 'products/b21988b1bcadc51fe51feaed5ee31a1b.png', 185, 'App\\Models\\Product', '2021-08-12 04:31:04', '2021-08-12 04:31:04'),
(741, 'products/a6cb94a2e0b13d5d5be9e281f0d17f45.png', 186, 'App\\Models\\Product', '2021-08-12 04:31:07', '2021-08-12 04:31:07'),
(742, 'products/dd98f6e8f8f1f33d30727b7f3718d11f.png', 186, 'App\\Models\\Product', '2021-08-12 04:31:07', '2021-08-12 04:31:07'),
(743, 'products/2c59c1f89eefc9db5eeae2c9448a2a2f.png', 186, 'App\\Models\\Product', '2021-08-12 04:31:07', '2021-08-12 04:31:07'),
(744, 'products/0233cac8f4028d85d644d680e9274140.png', 186, 'App\\Models\\Product', '2021-08-12 04:31:07', '2021-08-12 04:31:07'),
(745, 'products/2417d189b5fb7dba29e8b03b5a16a582.png', 187, 'App\\Models\\Product', '2021-08-12 04:31:17', '2021-08-12 04:31:17'),
(746, 'products/33d79866d56ff7d58c7b6d40e1afa96f.png', 187, 'App\\Models\\Product', '2021-08-12 04:31:17', '2021-08-12 04:31:17'),
(747, 'products/e7969f54e44c62bf74b72e93c6608ad7.png', 187, 'App\\Models\\Product', '2021-08-12 04:31:17', '2021-08-12 04:31:17'),
(748, 'products/b9cc02d52488f9af62dc42f0de721bc4.png', 187, 'App\\Models\\Product', '2021-08-12 04:31:17', '2021-08-12 04:31:17'),
(749, 'products/05750d17d38eac537133289fafd290e0.png', 188, 'App\\Models\\Product', '2021-08-12 04:31:27', '2021-08-12 04:31:27'),
(750, 'products/5e894586dc3081388e6022884a6163ed.png', 188, 'App\\Models\\Product', '2021-08-12 04:31:27', '2021-08-12 04:31:27'),
(751, 'products/321576c9cda9206a06a3223c8e8f6e22.png', 188, 'App\\Models\\Product', '2021-08-12 04:31:27', '2021-08-12 04:31:27'),
(752, 'products/91db05b4def1bb5d19fad68e35c430e5.png', 188, 'App\\Models\\Product', '2021-08-12 04:31:27', '2021-08-12 04:31:27'),
(753, 'products/4ac79a9e16b44b56ab6a68ec8ddbf904.png', 189, 'App\\Models\\Product', '2021-08-12 04:31:38', '2021-08-12 04:31:38'),
(754, 'products/a39626f8ab0ed717a6b05fe107bcd8be.png', 189, 'App\\Models\\Product', '2021-08-12 04:31:38', '2021-08-12 04:31:38'),
(755, 'products/9bd6d33112c4f4de3903585260d0da3c.png', 189, 'App\\Models\\Product', '2021-08-12 04:31:38', '2021-08-12 04:31:38'),
(756, 'products/da73d1f29a98b951fa26a942e59ef773.png', 189, 'App\\Models\\Product', '2021-08-12 04:31:38', '2021-08-12 04:31:38'),
(757, 'products/e5a3d2bc454633a853e1c16850e73126.png', 190, 'App\\Models\\Product', '2021-08-12 04:31:42', '2021-08-12 04:31:42'),
(758, 'products/d76a97da49e79cbf0a23b435e4a7d52c.png', 190, 'App\\Models\\Product', '2021-08-12 04:31:42', '2021-08-12 04:31:42'),
(759, 'products/95373798ac334e3162f10f9dcce33545.png', 190, 'App\\Models\\Product', '2021-08-12 04:31:42', '2021-08-12 04:31:42'),
(760, 'products/abb9526ba3080b10745d4a140d0e4a92.png', 190, 'App\\Models\\Product', '2021-08-12 04:31:42', '2021-08-12 04:31:42'),
(761, 'products/4c20522e72a93561b0a045d0ea3e0179.png', 191, 'App\\Models\\Product', '2021-08-12 04:31:54', '2021-08-12 04:31:54'),
(762, 'products/64a3ae1c107256b8b483041e979bdcd5.png', 191, 'App\\Models\\Product', '2021-08-12 04:31:54', '2021-08-12 04:31:54'),
(763, 'products/6b1617f70d9254ee74af787048ea0d1d.png', 191, 'App\\Models\\Product', '2021-08-12 04:31:54', '2021-08-12 04:31:54'),
(764, 'products/1d60e55e2c7d7020101f59aaa7071189.png', 191, 'App\\Models\\Product', '2021-08-12 04:31:54', '2021-08-12 04:31:54'),
(765, 'products/8d61054859cb330b8a16810a0eb4426f.png', 192, 'App\\Models\\Product', '2021-08-12 04:32:08', '2021-08-12 04:32:08'),
(766, 'products/21538079d49fa4505d0b19dafd3e9008.png', 192, 'App\\Models\\Product', '2021-08-12 04:32:08', '2021-08-12 04:32:08'),
(767, 'products/05d69f0b27971a04cae9ed18eac6cb20.png', 192, 'App\\Models\\Product', '2021-08-12 04:32:08', '2021-08-12 04:32:08'),
(768, 'products/1fda8ce5bfc6e3a03e119f7c2a9fa5d6.png', 192, 'App\\Models\\Product', '2021-08-12 04:32:08', '2021-08-12 04:32:08'),
(769, 'products/8dcdece1f5b08ef078d6c14f9738ffb5.png', 193, 'App\\Models\\Product', '2021-08-12 04:32:14', '2021-08-12 04:32:14'),
(770, 'products/944b2d1ac9f0d9134d8c80f77f0a8530.png', 193, 'App\\Models\\Product', '2021-08-12 04:32:14', '2021-08-12 04:32:14'),
(771, 'products/8a7d84c089dc0041e01625be48b70e4b.png', 193, 'App\\Models\\Product', '2021-08-12 04:32:14', '2021-08-12 04:32:14'),
(772, 'products/bbbe5eb8bcc5aa5676f4a7ab94316c9a.png', 193, 'App\\Models\\Product', '2021-08-12 04:32:14', '2021-08-12 04:32:14'),
(773, 'products/cdbfbb87dc5a6f1e61739c65319e418c.png', 194, 'App\\Models\\Product', '2021-08-12 04:32:22', '2021-08-12 04:32:22'),
(774, 'products/591696e4fa67401aa591af48d18ac785.png', 194, 'App\\Models\\Product', '2021-08-12 04:32:22', '2021-08-12 04:32:22'),
(775, 'products/a31a35f9449f0f44e3415f09cc1ada12.png', 194, 'App\\Models\\Product', '2021-08-12 04:32:22', '2021-08-12 04:32:22'),
(776, 'products/5b6d77abe49fb05f7192e640909f0f9b.png', 194, 'App\\Models\\Product', '2021-08-12 04:32:22', '2021-08-12 04:32:22'),
(777, 'products/2e913e6c8c237deb2fb1a9b8bec1f4be.png', 195, 'App\\Models\\Product', '2021-08-12 04:32:28', '2021-08-12 04:32:28'),
(778, 'products/5f5023214dc4e87cc87bb1a18240d36e.png', 195, 'App\\Models\\Product', '2021-08-12 04:32:28', '2021-08-12 04:32:28'),
(779, 'products/f9bcddac23787bec78562c76bb87e546.png', 195, 'App\\Models\\Product', '2021-08-12 04:32:28', '2021-08-12 04:32:28'),
(780, 'products/133d4cbc6e84c99e091feca77c482927.png', 195, 'App\\Models\\Product', '2021-08-12 04:32:28', '2021-08-12 04:32:28');
INSERT INTO `images` (`id`, `url`, `imageable_id`, `imageable_type`, `created_at`, `updated_at`) VALUES
(781, 'products/72e4bdd8bcc966e3533fbb130bcf35c5.png', 196, 'App\\Models\\Product', '2021-08-12 04:32:34', '2021-08-12 04:32:34'),
(782, 'products/8755c2a50a9e48032a148bd5bd79ab5a.png', 196, 'App\\Models\\Product', '2021-08-12 04:32:34', '2021-08-12 04:32:34'),
(783, 'products/0b3a0bc507fa0b04408318210e9c350a.png', 196, 'App\\Models\\Product', '2021-08-12 04:32:34', '2021-08-12 04:32:34'),
(784, 'products/6913c98cc4c533eda497df691fcbd788.png', 196, 'App\\Models\\Product', '2021-08-12 04:32:34', '2021-08-12 04:32:34'),
(785, 'products/0a41a622cd05e2971d17c21df44631eb.png', 197, 'App\\Models\\Product', '2021-08-12 04:32:38', '2021-08-12 04:32:38'),
(786, 'products/7f08464e6a2455f1858e2178867e385c.png', 197, 'App\\Models\\Product', '2021-08-12 04:32:38', '2021-08-12 04:32:38'),
(787, 'products/46779081b65a26dfbff62a235ade5f8c.png', 197, 'App\\Models\\Product', '2021-08-12 04:32:38', '2021-08-12 04:32:38'),
(788, 'products/c0521af1b3f6e179a63d0d5f16cb85b2.png', 197, 'App\\Models\\Product', '2021-08-12 04:32:38', '2021-08-12 04:32:38'),
(789, 'products/e4bc751de7c153f2a98568ff07c78ad0.png', 198, 'App\\Models\\Product', '2021-08-12 04:32:44', '2021-08-12 04:32:44'),
(790, 'products/ff94cd195d1ed047f2bf7b90c54d2e67.png', 198, 'App\\Models\\Product', '2021-08-12 04:32:44', '2021-08-12 04:32:44'),
(791, 'products/6c4607efc3c736a98b57d2a00a1d5475.png', 198, 'App\\Models\\Product', '2021-08-12 04:32:44', '2021-08-12 04:32:44'),
(792, 'products/49ca72df4a9785efb779faa1c3df7a6e.png', 198, 'App\\Models\\Product', '2021-08-12 04:32:44', '2021-08-12 04:32:44'),
(793, 'products/5e624830437a9bbb791e973a3ed0dcb4.png', 199, 'App\\Models\\Product', '2021-08-12 04:32:50', '2021-08-12 04:32:50'),
(794, 'products/b4b4a8798d868c3baa14c3d29fc37aaf.png', 199, 'App\\Models\\Product', '2021-08-12 04:32:50', '2021-08-12 04:32:50'),
(795, 'products/c3ba5c44a1f8c591cee1581f6ef82c9e.png', 199, 'App\\Models\\Product', '2021-08-12 04:32:50', '2021-08-12 04:32:50'),
(796, 'products/709fe1dc1bac006e6d1db92917267d97.png', 199, 'App\\Models\\Product', '2021-08-12 04:32:50', '2021-08-12 04:32:50'),
(797, 'products/19c611ee50d1d682855d8b11b9223cfa.png', 200, 'App\\Models\\Product', '2021-08-12 04:33:14', '2021-08-12 04:33:14'),
(798, 'products/615756828b10e4ca25bf17a25aff75b3.png', 200, 'App\\Models\\Product', '2021-08-12 04:33:14', '2021-08-12 04:33:14'),
(799, 'products/0634b776c94d8958f8fa59dba822685c.png', 200, 'App\\Models\\Product', '2021-08-12 04:33:14', '2021-08-12 04:33:14'),
(800, 'products/eebf05bea008c0922a13160e56b025bc.png', 200, 'App\\Models\\Product', '2021-08-12 04:33:14', '2021-08-12 04:33:14'),
(801, 'products/b8e1c1a5f28ee58368d543299c72c6bf.png', 201, 'App\\Models\\Product', '2021-08-12 04:33:26', '2021-08-12 04:33:26'),
(802, 'products/cc344e9ddb0cf33b75fd673db07eec82.png', 201, 'App\\Models\\Product', '2021-08-12 04:33:26', '2021-08-12 04:33:26'),
(803, 'products/bcebdc7331c2ba2231109f3ebde927b3.png', 201, 'App\\Models\\Product', '2021-08-12 04:33:26', '2021-08-12 04:33:26'),
(804, 'products/4be533b338148de93b5b593db0d557e7.png', 201, 'App\\Models\\Product', '2021-08-12 04:33:26', '2021-08-12 04:33:26'),
(805, 'products/4de6f677fa7a92f465eeef37bab107d2.png', 202, 'App\\Models\\Product', '2021-08-12 04:33:35', '2021-08-12 04:33:35'),
(806, 'products/dd8ada1551767cd293592c98e4d8efe8.png', 202, 'App\\Models\\Product', '2021-08-12 04:33:35', '2021-08-12 04:33:35'),
(807, 'products/a356c8743ea8ae86c26e4190379aede6.png', 202, 'App\\Models\\Product', '2021-08-12 04:33:35', '2021-08-12 04:33:35'),
(808, 'products/e877624d63e9edb91736c939f1513f3c.png', 202, 'App\\Models\\Product', '2021-08-12 04:33:35', '2021-08-12 04:33:35'),
(809, 'products/0e0f9e9829184ae4a3b1137d12865094.png', 203, 'App\\Models\\Product', '2021-08-12 04:33:40', '2021-08-12 04:33:40'),
(810, 'products/c30f5a4cdc2508c59a3b70ff982fd974.png', 203, 'App\\Models\\Product', '2021-08-12 04:33:40', '2021-08-12 04:33:40'),
(811, 'products/2681b6a0554508263478899a4004ae09.png', 203, 'App\\Models\\Product', '2021-08-12 04:33:40', '2021-08-12 04:33:40'),
(812, 'products/8f5de600f67e44bebe614f49047c3268.png', 203, 'App\\Models\\Product', '2021-08-12 04:33:40', '2021-08-12 04:33:40'),
(813, 'products/113acc4b6436454978b7ea2bf7e5b0e4.png', 204, 'App\\Models\\Product', '2021-08-12 04:33:53', '2021-08-12 04:33:53'),
(814, 'products/d10407506756d3cf24615d6d81fdfe8a.png', 204, 'App\\Models\\Product', '2021-08-12 04:33:53', '2021-08-12 04:33:53'),
(815, 'products/d54e66f6422b68c08b38eba26a95f662.png', 204, 'App\\Models\\Product', '2021-08-12 04:33:53', '2021-08-12 04:33:53'),
(816, 'products/c9643cfdd150691648d4bc2b13b53089.png', 204, 'App\\Models\\Product', '2021-08-12 04:33:53', '2021-08-12 04:33:53'),
(817, 'products/1b47e6c763347b78b814da53f3d1ca2d.png', 205, 'App\\Models\\Product', '2021-08-12 04:34:05', '2021-08-12 04:34:05'),
(818, 'products/c067ded8811912a556803f766aa89b73.png', 205, 'App\\Models\\Product', '2021-08-12 04:34:05', '2021-08-12 04:34:05'),
(819, 'products/84775f0ffe1f35818d9ee0effdb3c014.png', 205, 'App\\Models\\Product', '2021-08-12 04:34:05', '2021-08-12 04:34:05'),
(820, 'products/4b891ef8a1070bf6ab20fd8f0f454041.png', 205, 'App\\Models\\Product', '2021-08-12 04:34:05', '2021-08-12 04:34:05'),
(821, 'products/eee4eeced04245ba5f539405d5fd28e3.png', 206, 'App\\Models\\Product', '2021-08-12 04:34:09', '2021-08-12 04:34:09'),
(822, 'products/b30b09c80dedaab5a64551684fe63ac9.png', 206, 'App\\Models\\Product', '2021-08-12 04:34:09', '2021-08-12 04:34:09'),
(823, 'products/d9da1de86511fbf84fc094a6221ed5ca.png', 206, 'App\\Models\\Product', '2021-08-12 04:34:09', '2021-08-12 04:34:09'),
(824, 'products/7399a06a906719f2184abceaee287e6a.png', 206, 'App\\Models\\Product', '2021-08-12 04:34:09', '2021-08-12 04:34:09'),
(825, 'products/b13a08ea168b639414617b545b266521.png', 207, 'App\\Models\\Product', '2021-08-12 04:34:13', '2021-08-12 04:34:13'),
(826, 'products/52b67082801f6b5e807ce7dfba36583b.png', 207, 'App\\Models\\Product', '2021-08-12 04:34:13', '2021-08-12 04:34:13'),
(827, 'products/4edb808185a798f070da1708a99762c4.png', 207, 'App\\Models\\Product', '2021-08-12 04:34:13', '2021-08-12 04:34:13'),
(828, 'products/9475345f3c8a3b640831115c75801b67.png', 207, 'App\\Models\\Product', '2021-08-12 04:34:13', '2021-08-12 04:34:13'),
(829, 'products/05ea63a8ec2c05cf3b71add733a73778.png', 208, 'App\\Models\\Product', '2021-08-12 04:34:21', '2021-08-12 04:34:21'),
(830, 'products/146b44449ddf99f5580a5905a4e88a5d.png', 208, 'App\\Models\\Product', '2021-08-12 04:34:21', '2021-08-12 04:34:21'),
(831, 'products/cf2d916a5b465db005b904fe510af99a.png', 208, 'App\\Models\\Product', '2021-08-12 04:34:21', '2021-08-12 04:34:21'),
(832, 'products/26a2db382e7a8f6848a2be987f9d9a38.png', 208, 'App\\Models\\Product', '2021-08-12 04:34:21', '2021-08-12 04:34:21'),
(833, 'products/b748a3878b5b2f94f0399adf140317bf.png', 209, 'App\\Models\\Product', '2021-08-12 04:34:26', '2021-08-12 04:34:26'),
(834, 'products/3798d2717601f835de39bea967467fa6.png', 209, 'App\\Models\\Product', '2021-08-12 04:34:26', '2021-08-12 04:34:26'),
(835, 'products/f72e4d3222bc5d2172b357ff024b1c12.png', 209, 'App\\Models\\Product', '2021-08-12 04:34:26', '2021-08-12 04:34:26'),
(836, 'products/6c26692db635e4f3a6532ccbd302591e.png', 209, 'App\\Models\\Product', '2021-08-12 04:34:26', '2021-08-12 04:34:26'),
(837, 'products/ba38d58bf2af3229cf467c0b395b0d13.png', 210, 'App\\Models\\Product', '2021-08-12 04:35:01', '2021-08-12 04:35:01'),
(838, 'products/2fedf8f43179c07a15f981f8a707c920.png', 210, 'App\\Models\\Product', '2021-08-12 04:35:01', '2021-08-12 04:35:01'),
(839, 'products/bd29f820c7294811d75730e17aac7b9d.png', 210, 'App\\Models\\Product', '2021-08-12 04:35:01', '2021-08-12 04:35:01'),
(840, 'products/d82e15b249d694fac790f62bcc3be5e6.png', 210, 'App\\Models\\Product', '2021-08-12 04:35:01', '2021-08-12 04:35:01'),
(841, 'products/ecd0622400a7af3613e0155c7af437e4.png', 211, 'App\\Models\\Product', '2021-08-12 04:35:07', '2021-08-12 04:35:07'),
(842, 'products/1130712e52973b49b0a393f1922761b2.png', 211, 'App\\Models\\Product', '2021-08-12 04:35:07', '2021-08-12 04:35:07'),
(843, 'products/aa6afbc66ea77cb77196543014764a38.png', 211, 'App\\Models\\Product', '2021-08-12 04:35:07', '2021-08-12 04:35:07'),
(844, 'products/b930f2a9ea105e7f17259b3de59f7687.png', 211, 'App\\Models\\Product', '2021-08-12 04:35:07', '2021-08-12 04:35:07'),
(845, 'products/33c82fd9d25527f0962dba0738adeb4e.png', 212, 'App\\Models\\Product', '2021-08-12 04:35:11', '2021-08-12 04:35:11'),
(846, 'products/f0c590d60603f094bb7bf06d8ea531a4.png', 212, 'App\\Models\\Product', '2021-08-12 04:35:11', '2021-08-12 04:35:11'),
(847, 'products/7ffcabe8a8423fda30022a9e8a3ac957.png', 212, 'App\\Models\\Product', '2021-08-12 04:35:11', '2021-08-12 04:35:11'),
(848, 'products/b52cdb19c9d3cededdab3747b9e2799c.png', 212, 'App\\Models\\Product', '2021-08-12 04:35:11', '2021-08-12 04:35:11'),
(849, 'products/27fee0bae57dde4f39123f64acd4183b.png', 213, 'App\\Models\\Product', '2021-08-12 04:35:39', '2021-08-12 04:35:39'),
(850, 'products/78262f2150603c9fdcc8d63b747f2f2f.png', 213, 'App\\Models\\Product', '2021-08-12 04:35:39', '2021-08-12 04:35:39'),
(851, 'products/26bbc3d8a65294ed39f0830c59aa4b05.png', 213, 'App\\Models\\Product', '2021-08-12 04:35:39', '2021-08-12 04:35:39'),
(852, 'products/4fe97ac84b039159e229c36d1053f0c8.png', 213, 'App\\Models\\Product', '2021-08-12 04:35:39', '2021-08-12 04:35:39'),
(853, 'products/6763b55526f09b23785730962ec74be4.png', 214, 'App\\Models\\Product', '2021-08-12 04:35:42', '2021-08-12 04:35:42'),
(854, 'products/bee12c7b98dd1f4c927655e717ce3365.png', 214, 'App\\Models\\Product', '2021-08-12 04:35:42', '2021-08-12 04:35:42'),
(855, 'products/14c7dc23330bc7ddf3502f9530cc1831.png', 214, 'App\\Models\\Product', '2021-08-12 04:35:42', '2021-08-12 04:35:42'),
(856, 'products/577fb6ac7fbcd9567d2f9224cfb1b98f.png', 214, 'App\\Models\\Product', '2021-08-12 04:35:42', '2021-08-12 04:35:42'),
(857, 'products/40d42df4180a52d994c67046a59d858a.png', 215, 'App\\Models\\Product', '2021-08-12 04:35:47', '2021-08-12 04:35:47'),
(858, 'products/a20a2e1b1b141a1017443c7b23317198.png', 215, 'App\\Models\\Product', '2021-08-12 04:35:47', '2021-08-12 04:35:47'),
(859, 'products/c1cec0698905841840c378e51c8a2cd2.png', 215, 'App\\Models\\Product', '2021-08-12 04:35:47', '2021-08-12 04:35:47'),
(860, 'products/9039735cc6c359bd0566ff779935dfe4.png', 215, 'App\\Models\\Product', '2021-08-12 04:35:47', '2021-08-12 04:35:47'),
(861, 'products/4f8a1c66b59dc72006a61da78d2d0c10.png', 216, 'App\\Models\\Product', '2021-08-12 04:35:51', '2021-08-12 04:35:51'),
(862, 'products/424b5316be340e277bf7774da40cfc6a.png', 216, 'App\\Models\\Product', '2021-08-12 04:35:51', '2021-08-12 04:35:51'),
(863, 'products/8f8736dc72fccaf9da8ccb3065d0dbaa.png', 216, 'App\\Models\\Product', '2021-08-12 04:35:51', '2021-08-12 04:35:51'),
(864, 'products/0c2e92d86efec4054a5ddc1b2cb1816d.png', 216, 'App\\Models\\Product', '2021-08-12 04:35:51', '2021-08-12 04:35:51'),
(865, 'products/2e76aa843c229eb96e0324922fc55b50.png', 217, 'App\\Models\\Product', '2021-08-12 04:35:55', '2021-08-12 04:35:55'),
(866, 'products/80ef5290aa42da180fa565e124c59707.png', 217, 'App\\Models\\Product', '2021-08-12 04:35:55', '2021-08-12 04:35:55'),
(867, 'products/91989ffc783733f430047bd3c8076f91.png', 217, 'App\\Models\\Product', '2021-08-12 04:35:55', '2021-08-12 04:35:55'),
(868, 'products/de681a61e167375d4969d73de84f4cc8.png', 217, 'App\\Models\\Product', '2021-08-12 04:35:55', '2021-08-12 04:35:55'),
(869, 'products/b2dc5648ba5eb1fa88beeb4bb62e1207.png', 218, 'App\\Models\\Product', '2021-08-12 04:36:01', '2021-08-12 04:36:01'),
(870, 'products/ffe4f462bf259963ac57f0c36a08d3de.png', 218, 'App\\Models\\Product', '2021-08-12 04:36:01', '2021-08-12 04:36:01'),
(871, 'products/67c49f35490eacad3e110509c6640f31.png', 218, 'App\\Models\\Product', '2021-08-12 04:36:01', '2021-08-12 04:36:01'),
(872, 'products/4b8a3dbc9f98ebafd731b9ce0fc5e3ea.png', 218, 'App\\Models\\Product', '2021-08-12 04:36:01', '2021-08-12 04:36:01'),
(873, 'products/f5de63457d9320b20235c01734a42e85.png', 219, 'App\\Models\\Product', '2021-08-12 04:36:08', '2021-08-12 04:36:08'),
(874, 'products/40473f830434d2f8a12b81adcfd37ec6.png', 219, 'App\\Models\\Product', '2021-08-12 04:36:08', '2021-08-12 04:36:08'),
(875, 'products/cbd2c2498bf66f8fb580395e11b5e5e3.png', 219, 'App\\Models\\Product', '2021-08-12 04:36:08', '2021-08-12 04:36:08'),
(876, 'products/c977d6e4361b77828793450ca81f7cd9.png', 219, 'App\\Models\\Product', '2021-08-12 04:36:08', '2021-08-12 04:36:08'),
(877, 'products/18f207e204c06d55d358272675f00370.png', 220, 'App\\Models\\Product', '2021-08-12 04:36:12', '2021-08-12 04:36:12'),
(878, 'products/15e6536f76b3ae4493bef163e2db24db.png', 220, 'App\\Models\\Product', '2021-08-12 04:36:12', '2021-08-12 04:36:12'),
(879, 'products/4c8022053865659c294ceea484c68050.png', 220, 'App\\Models\\Product', '2021-08-12 04:36:12', '2021-08-12 04:36:12'),
(880, 'products/95da2f7d88c8afa20979935eb2dff1ea.png', 220, 'App\\Models\\Product', '2021-08-12 04:36:12', '2021-08-12 04:36:12'),
(881, 'products/cc422188f0ae92c72197b432d6310792.png', 221, 'App\\Models\\Product', '2021-08-12 04:36:23', '2021-08-12 04:36:23'),
(882, 'products/f7b46a112e7be5a63e271289fb613875.png', 221, 'App\\Models\\Product', '2021-08-12 04:36:23', '2021-08-12 04:36:23'),
(883, 'products/30e2126bfcca78d81dd020441d96d604.png', 221, 'App\\Models\\Product', '2021-08-12 04:36:23', '2021-08-12 04:36:23'),
(884, 'products/4ff235852f30547293a6ca6d14c3418a.png', 221, 'App\\Models\\Product', '2021-08-12 04:36:23', '2021-08-12 04:36:23'),
(885, 'products/ecd4eaffa8cbc5643c525d28f5dd27f1.png', 222, 'App\\Models\\Product', '2021-08-12 04:36:25', '2021-08-12 04:36:25'),
(886, 'products/4d2cb047a0a2c0a72b9074df4f7538e1.png', 222, 'App\\Models\\Product', '2021-08-12 04:36:25', '2021-08-12 04:36:25'),
(887, 'products/7cbd2cc8aca6cf2a5c64cc76c66a04c4.png', 222, 'App\\Models\\Product', '2021-08-12 04:36:25', '2021-08-12 04:36:25'),
(888, 'products/bcfed57fc09e29f6025a959597558ca7.png', 222, 'App\\Models\\Product', '2021-08-12 04:36:25', '2021-08-12 04:36:25'),
(889, 'products/3c39ac444c54f75f5175853fc0f1a566.png', 223, 'App\\Models\\Product', '2021-08-12 04:36:34', '2021-08-12 04:36:34'),
(890, 'products/15a2d3122cc94f42c135404e1dc32a2a.png', 223, 'App\\Models\\Product', '2021-08-12 04:36:34', '2021-08-12 04:36:34'),
(891, 'products/e847f1bca8136ffda927d593ec4958dd.png', 223, 'App\\Models\\Product', '2021-08-12 04:36:34', '2021-08-12 04:36:34'),
(892, 'products/0346a2f0377301296d0e3f34baf79478.png', 223, 'App\\Models\\Product', '2021-08-12 04:36:34', '2021-08-12 04:36:34'),
(893, 'products/7f7b3d004e38aaf0a767b5c0376d88a3.png', 224, 'App\\Models\\Product', '2021-08-12 04:36:39', '2021-08-12 04:36:39'),
(894, 'products/581c2448befca53cdb6eec939871149b.png', 224, 'App\\Models\\Product', '2021-08-12 04:36:39', '2021-08-12 04:36:39'),
(895, 'products/f7d06fc8afe67fb42aa138c583424880.png', 224, 'App\\Models\\Product', '2021-08-12 04:36:39', '2021-08-12 04:36:39'),
(896, 'products/8dc4a865c4d7bded1ebf41ba2a048d27.png', 224, 'App\\Models\\Product', '2021-08-12 04:36:39', '2021-08-12 04:36:39'),
(897, 'products/6c73d3bf5443d6afa094a825f1b45353.png', 225, 'App\\Models\\Product', '2021-08-12 04:36:41', '2021-08-12 04:36:41'),
(898, 'products/89ea9dfe1f5525c1f296787a7ee71fdb.png', 225, 'App\\Models\\Product', '2021-08-12 04:36:41', '2021-08-12 04:36:41'),
(899, 'products/7eae9a4abb168322de56d4226998547b.png', 225, 'App\\Models\\Product', '2021-08-12 04:36:41', '2021-08-12 04:36:41'),
(900, 'products/98d307d11e28bdf00ebc6e1ed6796a95.png', 225, 'App\\Models\\Product', '2021-08-12 04:36:41', '2021-08-12 04:36:41'),
(901, 'products/16b2ab2e08f7b5ea56d6f5ac6889efed.png', 226, 'App\\Models\\Product', '2021-08-12 04:36:46', '2021-08-12 04:36:46'),
(902, 'products/2642f6dc31420202da12951815441b25.png', 226, 'App\\Models\\Product', '2021-08-12 04:36:46', '2021-08-12 04:36:46'),
(903, 'products/2f7d5e0b6013d3c32bb22c82141879cb.png', 226, 'App\\Models\\Product', '2021-08-12 04:36:46', '2021-08-12 04:36:46'),
(904, 'products/58cf9b88b853753ae64ab220a4004890.png', 226, 'App\\Models\\Product', '2021-08-12 04:36:46', '2021-08-12 04:36:46'),
(905, 'products/90313abbbab8e6db9c294b46c2b70de4.png', 227, 'App\\Models\\Product', '2021-08-12 04:36:47', '2021-08-12 04:36:47'),
(906, 'products/76f82b16ea46a6494abb172fe2eda8a9.png', 227, 'App\\Models\\Product', '2021-08-12 04:36:47', '2021-08-12 04:36:47'),
(907, 'products/f1d798b0ed17b9cb1cf78a72a42fa990.png', 227, 'App\\Models\\Product', '2021-08-12 04:36:47', '2021-08-12 04:36:47'),
(908, 'products/ee6f4b0fc6ff6584b6f0646172a93f99.png', 227, 'App\\Models\\Product', '2021-08-12 04:36:47', '2021-08-12 04:36:47'),
(909, 'products/be296c1eeabc7679bb6ab3ce799416bd.png', 228, 'App\\Models\\Product', '2021-08-12 04:36:55', '2021-08-12 04:36:55'),
(910, 'products/28d52b10db63470725213b47cea020b4.png', 228, 'App\\Models\\Product', '2021-08-12 04:36:55', '2021-08-12 04:36:55'),
(911, 'products/b9c00b2ea95a5e626e748147b71e442d.png', 228, 'App\\Models\\Product', '2021-08-12 04:36:55', '2021-08-12 04:36:55'),
(912, 'products/0cf4dc4749cb0bc70507701e45222220.png', 228, 'App\\Models\\Product', '2021-08-12 04:36:55', '2021-08-12 04:36:55'),
(913, 'products/e9721ec2d8cf7ed81e549bfc544c29f8.png', 229, 'App\\Models\\Product', '2021-08-12 04:36:57', '2021-08-12 04:36:57'),
(914, 'products/67abedf7d5571243d7f428aa92dec01c.png', 229, 'App\\Models\\Product', '2021-08-12 04:36:57', '2021-08-12 04:36:57'),
(915, 'products/519726e4e3cb32f8a2a187ea4fa9d8b9.png', 229, 'App\\Models\\Product', '2021-08-12 04:36:57', '2021-08-12 04:36:57'),
(916, 'products/86465f42132e04d88d519c3aa3d8e903.png', 229, 'App\\Models\\Product', '2021-08-12 04:36:57', '2021-08-12 04:36:57'),
(917, 'products/189934ba77e3cf348cf02e66dadca276.png', 230, 'App\\Models\\Product', '2021-08-12 04:37:01', '2021-08-12 04:37:01'),
(918, 'products/2508bb50882ec5ffde6c9251acf6dbe7.png', 230, 'App\\Models\\Product', '2021-08-12 04:37:01', '2021-08-12 04:37:01'),
(919, 'products/577b79717bd00a95b0dc71117eb3cede.png', 230, 'App\\Models\\Product', '2021-08-12 04:37:01', '2021-08-12 04:37:01'),
(920, 'products/2171da67a4573ba7a8d63a2ac5a6cec3.png', 230, 'App\\Models\\Product', '2021-08-12 04:37:01', '2021-08-12 04:37:01'),
(921, 'products/65e1b95b0a4e8ae9727d19c89ee22cc2.png', 231, 'App\\Models\\Product', '2021-08-12 04:37:06', '2021-08-12 04:37:06'),
(922, 'products/511324ca4f6dc41b5da43fdd9c0607fb.png', 231, 'App\\Models\\Product', '2021-08-12 04:37:06', '2021-08-12 04:37:06'),
(923, 'products/24b12bb010c454207d4a2f783291ad47.png', 231, 'App\\Models\\Product', '2021-08-12 04:37:06', '2021-08-12 04:37:06'),
(924, 'products/46e84b8418029f925af187c30d5483c9.png', 231, 'App\\Models\\Product', '2021-08-12 04:37:06', '2021-08-12 04:37:06'),
(925, 'products/e67e660f617c779acd18ac5afa527325.png', 232, 'App\\Models\\Product', '2021-08-12 04:37:12', '2021-08-12 04:37:12'),
(926, 'products/f2721e3f10b636372183034b21867ae2.png', 232, 'App\\Models\\Product', '2021-08-12 04:37:12', '2021-08-12 04:37:12'),
(927, 'products/62a6adaad7d1b2a955b116bdf3a5bc3f.png', 232, 'App\\Models\\Product', '2021-08-12 04:37:12', '2021-08-12 04:37:12'),
(928, 'products/80addbdc7adee70dbf2386f93459a427.png', 232, 'App\\Models\\Product', '2021-08-12 04:37:12', '2021-08-12 04:37:12'),
(929, 'products/7228a2e389d79cd499c409830a9a0229.png', 233, 'App\\Models\\Product', '2021-08-12 04:37:20', '2021-08-12 04:37:20'),
(930, 'products/11218190c4233b5facc542d7a11b2bdc.png', 233, 'App\\Models\\Product', '2021-08-12 04:37:20', '2021-08-12 04:37:20'),
(931, 'products/6eefabcc9b26819867b54d3a8b9501e6.png', 233, 'App\\Models\\Product', '2021-08-12 04:37:20', '2021-08-12 04:37:20'),
(932, 'products/5ef38c0f30eb931165b5d4446f19fa56.png', 233, 'App\\Models\\Product', '2021-08-12 04:37:20', '2021-08-12 04:37:20'),
(933, 'products/c6c66f612e3558f9f475a710255e228a.png', 234, 'App\\Models\\Product', '2021-08-12 04:37:24', '2021-08-12 04:37:24'),
(934, 'products/ffb5ffd6e216f98ea9acf196d0365cdd.png', 234, 'App\\Models\\Product', '2021-08-12 04:37:24', '2021-08-12 04:37:24'),
(935, 'products/eaea07e06c25693a9019499519a66cbe.png', 234, 'App\\Models\\Product', '2021-08-12 04:37:24', '2021-08-12 04:37:24'),
(936, 'products/5a516cca0251b54c8bfb1e3a92a1fea5.png', 234, 'App\\Models\\Product', '2021-08-12 04:37:24', '2021-08-12 04:37:24'),
(937, 'products/3eb954957594929b9edfd4c998b7960f.png', 235, 'App\\Models\\Product', '2021-08-12 04:37:29', '2021-08-12 04:37:29'),
(938, 'products/4f6965f617b9d817feabf93dc81b9e00.png', 235, 'App\\Models\\Product', '2021-08-12 04:37:29', '2021-08-12 04:37:29'),
(939, 'products/35657289d8360970f2866066c6897cf1.png', 235, 'App\\Models\\Product', '2021-08-12 04:37:29', '2021-08-12 04:37:29'),
(940, 'products/4d785855f128b7dbc18960c651857004.png', 235, 'App\\Models\\Product', '2021-08-12 04:37:29', '2021-08-12 04:37:29'),
(941, 'products/bf9be6a8b4fb1cfb50feef00cea03d77.png', 236, 'App\\Models\\Product', '2021-08-12 04:37:37', '2021-08-12 04:37:37'),
(942, 'products/0a275dabfc14d7f7beda8c325595134c.png', 236, 'App\\Models\\Product', '2021-08-12 04:37:37', '2021-08-12 04:37:37'),
(943, 'products/5638aeac6d489d425f8df527d9615cef.png', 236, 'App\\Models\\Product', '2021-08-12 04:37:37', '2021-08-12 04:37:37'),
(944, 'products/cd87ffd423b7c84d22c6c950da786db3.png', 236, 'App\\Models\\Product', '2021-08-12 04:37:37', '2021-08-12 04:37:37'),
(945, 'products/fd424c4dccbb46a47fb0d529950ac375.png', 237, 'App\\Models\\Product', '2021-08-12 04:37:42', '2021-08-12 04:37:42'),
(946, 'products/7858e1a8b2afbd12f548737993219e10.png', 237, 'App\\Models\\Product', '2021-08-12 04:37:42', '2021-08-12 04:37:42'),
(947, 'products/e5cae21f61fb3d4b69c927c2d6d4e452.png', 237, 'App\\Models\\Product', '2021-08-12 04:37:42', '2021-08-12 04:37:42'),
(948, 'products/d496ff9858470dc53a740fdf797c7408.png', 237, 'App\\Models\\Product', '2021-08-12 04:37:42', '2021-08-12 04:37:42'),
(949, 'products/0cacbcf8b1b0140278763124154fb605.png', 238, 'App\\Models\\Product', '2021-08-12 04:37:48', '2021-08-12 04:37:48'),
(950, 'products/b0d0028f470fce13ca1a7e8c5eb96b23.png', 238, 'App\\Models\\Product', '2021-08-12 04:37:48', '2021-08-12 04:37:48'),
(951, 'products/b3ee0d673cd3b8ca855cbd8ad42169f4.png', 238, 'App\\Models\\Product', '2021-08-12 04:37:48', '2021-08-12 04:37:48'),
(952, 'products/481dd27a7af15c2e33d1d4c66e7ad360.png', 238, 'App\\Models\\Product', '2021-08-12 04:37:48', '2021-08-12 04:37:48'),
(953, 'products/b3113bca3d0229bec2c16e1ef51120d2.png', 239, 'App\\Models\\Product', '2021-08-12 04:38:01', '2021-08-12 04:38:01'),
(954, 'products/d4d935ec6ecefdcc0388065b0166e45e.png', 239, 'App\\Models\\Product', '2021-08-12 04:38:01', '2021-08-12 04:38:01'),
(955, 'products/971285cf02a4ec737622c9747d3ab2ed.png', 239, 'App\\Models\\Product', '2021-08-12 04:38:01', '2021-08-12 04:38:01'),
(956, 'products/c6b6ec0257880e3a3cb116a73ba92863.png', 239, 'App\\Models\\Product', '2021-08-12 04:38:01', '2021-08-12 04:38:01'),
(957, 'products/9a354a72c2b51a2cedeee472a7ee1c96.png', 240, 'App\\Models\\Product', '2021-08-12 04:38:03', '2021-08-12 04:38:03'),
(958, 'products/0ded910f308612672c4db03169c78d36.png', 240, 'App\\Models\\Product', '2021-08-12 04:38:03', '2021-08-12 04:38:03'),
(959, 'products/6ad1e50243402803a903f96db0a3e37a.png', 240, 'App\\Models\\Product', '2021-08-12 04:38:03', '2021-08-12 04:38:03'),
(960, 'products/9c79ed63e1412561c789128b6da423f4.png', 240, 'App\\Models\\Product', '2021-08-12 04:38:03', '2021-08-12 04:38:03'),
(961, 'products/d938b9b76262a54babe80afa91170e34.png', 241, 'App\\Models\\Product', '2021-08-12 04:38:08', '2021-08-12 04:38:08'),
(962, 'products/5234d192da26b31cc0cf92ea65fe1de0.png', 241, 'App\\Models\\Product', '2021-08-12 04:38:08', '2021-08-12 04:38:08'),
(963, 'products/35429298041519a4451e7349e1f4e63a.png', 241, 'App\\Models\\Product', '2021-08-12 04:38:08', '2021-08-12 04:38:08'),
(964, 'products/dd24e090fc6bff653704698c8d4c0329.png', 241, 'App\\Models\\Product', '2021-08-12 04:38:08', '2021-08-12 04:38:08'),
(965, 'products/8e8d0849197cd31d1550ee146efcac2b.png', 242, 'App\\Models\\Product', '2021-08-12 04:38:13', '2021-08-12 04:38:13'),
(966, 'products/6b7198113fcffbf063b36c509d11d166.png', 242, 'App\\Models\\Product', '2021-08-12 04:38:13', '2021-08-12 04:38:13'),
(967, 'products/4bf339cb7fcba27ef2c73d45e54cf2f8.png', 242, 'App\\Models\\Product', '2021-08-12 04:38:13', '2021-08-12 04:38:13'),
(968, 'products/036c11541c30052549dd81a0ab70bb37.png', 242, 'App\\Models\\Product', '2021-08-12 04:38:13', '2021-08-12 04:38:13'),
(969, 'products/a9d2ba7537debd20e1784d91c7d5967e.png', 243, 'App\\Models\\Product', '2021-08-12 04:38:16', '2021-08-12 04:38:16'),
(970, 'products/9e2f142121d82c45a7398b4e8d6306b2.png', 243, 'App\\Models\\Product', '2021-08-12 04:38:16', '2021-08-12 04:38:16'),
(971, 'products/67c44f3a1491052d3140e15023d3f291.png', 243, 'App\\Models\\Product', '2021-08-12 04:38:16', '2021-08-12 04:38:16'),
(972, 'products/70ce2bcbf4065cd5e1a6184e20a4b2dc.png', 243, 'App\\Models\\Product', '2021-08-12 04:38:16', '2021-08-12 04:38:16'),
(973, 'products/5c508cfb40c867a19a6d9c670a7f0349.png', 244, 'App\\Models\\Product', '2021-08-12 04:38:48', '2021-08-12 04:38:48'),
(974, 'products/bb7ad4da629859bd10cce61437f9f34f.png', 244, 'App\\Models\\Product', '2021-08-12 04:38:48', '2021-08-12 04:38:48'),
(975, 'products/5a06ccdeb18d20f0dea400c2ed3a6924.png', 244, 'App\\Models\\Product', '2021-08-12 04:38:48', '2021-08-12 04:38:48'),
(976, 'products/7667cebff351fe25580423f53ddc45ed.png', 244, 'App\\Models\\Product', '2021-08-12 04:38:48', '2021-08-12 04:38:48'),
(977, 'products/ef251071c6c114353e864821c364d2ae.png', 245, 'App\\Models\\Product', '2021-08-12 04:39:04', '2021-08-12 04:39:04'),
(978, 'products/64db742892e5ff9b29d627ea8424d5dd.png', 245, 'App\\Models\\Product', '2021-08-12 04:39:04', '2021-08-12 04:39:04'),
(979, 'products/178c9d180019ae88ca9672caf66b9df7.png', 245, 'App\\Models\\Product', '2021-08-12 04:39:04', '2021-08-12 04:39:04'),
(980, 'products/68b90b744e96808f91732925dbe76d93.png', 245, 'App\\Models\\Product', '2021-08-12 04:39:04', '2021-08-12 04:39:04'),
(981, 'products/588e7783fb2c303b17cf0ada7d25667c.png', 246, 'App\\Models\\Product', '2021-08-12 04:39:09', '2021-08-12 04:39:09'),
(982, 'products/287149fc87368578104c145cf8a453da.png', 246, 'App\\Models\\Product', '2021-08-12 04:39:09', '2021-08-12 04:39:09'),
(983, 'products/e77888bc0e7e4d2e0cc5c95b2ff1bb00.png', 246, 'App\\Models\\Product', '2021-08-12 04:39:09', '2021-08-12 04:39:09'),
(984, 'products/32b2e45e093d2da483751cdfac70821d.png', 246, 'App\\Models\\Product', '2021-08-12 04:39:09', '2021-08-12 04:39:09'),
(985, 'products/bf8cb9e5b196d4b721f489695f2ce70c.png', 247, 'App\\Models\\Product', '2021-08-12 04:39:11', '2021-08-12 04:39:11'),
(986, 'products/f4f3832ded93b32168bf8d04405ad347.png', 247, 'App\\Models\\Product', '2021-08-12 04:39:11', '2021-08-12 04:39:11'),
(987, 'products/3813645b1b72a171e9978713ae80c5ba.png', 247, 'App\\Models\\Product', '2021-08-12 04:39:11', '2021-08-12 04:39:11'),
(988, 'products/b94a9fed568f319bbf4e87273d927c49.png', 247, 'App\\Models\\Product', '2021-08-12 04:39:11', '2021-08-12 04:39:11'),
(989, 'products/317b9cd140a31772a8efcb00c419e402.png', 248, 'App\\Models\\Product', '2021-08-12 04:39:15', '2021-08-12 04:39:15'),
(990, 'products/28d49de8ce9b750dd165745ed96a889b.png', 248, 'App\\Models\\Product', '2021-08-12 04:39:15', '2021-08-12 04:39:15'),
(991, 'products/28b37b53649b66d62df120c43bcf9213.png', 248, 'App\\Models\\Product', '2021-08-12 04:39:15', '2021-08-12 04:39:15'),
(992, 'products/a09affcb4105822e4b83d6434f5c2b97.png', 248, 'App\\Models\\Product', '2021-08-12 04:39:15', '2021-08-12 04:39:15'),
(993, 'products/6cc6fba0a7c7194594e4a5b3d5e3dbd1.png', 249, 'App\\Models\\Product', '2021-08-12 04:39:19', '2021-08-12 04:39:19'),
(994, 'products/4174e5e2da92e64a6aee70a5203037f4.png', 249, 'App\\Models\\Product', '2021-08-12 04:39:19', '2021-08-12 04:39:19'),
(995, 'products/ca447665ff36f1dc03ca8322113f1a48.png', 249, 'App\\Models\\Product', '2021-08-12 04:39:19', '2021-08-12 04:39:19'),
(996, 'products/24b35e987fefeb02229f9990523ec25f.png', 249, 'App\\Models\\Product', '2021-08-12 04:39:19', '2021-08-12 04:39:19'),
(997, 'products/8faff458f217682e94576c79dc9a2e9c.png', 250, 'App\\Models\\Product', '2021-08-12 04:39:21', '2021-08-12 04:39:21'),
(998, 'products/5b4b9c38cf8ae42134712a7bc181fac4.png', 250, 'App\\Models\\Product', '2021-08-12 04:39:21', '2021-08-12 04:39:21'),
(999, 'products/a34f07b8b800ce8a5f63975b34eaf6bf.png', 250, 'App\\Models\\Product', '2021-08-12 04:39:21', '2021-08-12 04:39:21'),
(1000, 'products/733b7bce3d2fe615832db109d766b8c0.png', 250, 'App\\Models\\Product', '2021-08-12 04:39:21', '2021-08-12 04:39:21');

-- --------------------------------------------------------

--
-- Estructura de tabla para la tabla `migrations`
--

DROP TABLE IF EXISTS `migrations`;
CREATE TABLE IF NOT EXISTS `migrations` (
  `id` int(10) UNSIGNED NOT NULL AUTO_INCREMENT,
  `migration` varchar(191) COLLATE utf8_unicode_ci NOT NULL,
  `batch` int(11) NOT NULL,
  PRIMARY KEY (`id`)
) ENGINE=InnoDB AUTO_INCREMENT=23 DEFAULT CHARSET=utf8 COLLATE=utf8_unicode_ci;

--
-- Volcado de datos para la tabla `migrations`
--

INSERT INTO `migrations` (`id`, `migration`, `batch`) VALUES
(1, '2014_10_12_000000_create_users_table', 1),
(2, '2014_10_12_100000_create_password_resets_table', 1),
(3, '2014_10_12_200000_add_two_factor_columns_to_users_table', 1),
(4, '2018_12_23_120000_create_shoppingcart_table', 1),
(5, '2019_08_19_000000_create_failed_jobs_table', 1),
(6, '2019_12_14_000001_create_personal_access_tokens_table', 1),
(7, '2021_04_08_152050_create_sessions_table', 1),
(8, '2021_04_08_222652_create_categories_table', 1),
(9, '2021_04_08_223013_create_subcategories_table', 1),
(10, '2021_04_08_223853_create_brands_table', 1),
(11, '2021_04_08_224139_create_brand_category_table', 1),
(12, '2021_04_08_224140_create_products_table', 1),
(13, '2021_04_08_224322_create_colors_table', 1),
(14, '2021_04_08_224421_create_color_product_table', 1),
(15, '2021_04_08_224931_create_sizes_table', 1),
(16, '2021_04_08_225106_create_color_size_table', 1),
(17, '2021_04_09_000616_create_images_table', 1),
(18, '2021_05_13_061119_create_departments_table', 1),
(19, '2021_05_13_062018_create_cities_table', 1),
(20, '2021_05_13_062139_create_districts_table', 1),
(21, '2021_05_13_062228_create_orders_table', 1),
(22, '2021_07_23_145033_create_permission_tables', 1);

-- --------------------------------------------------------

--
-- Estructura de tabla para la tabla `model_has_permissions`
--

DROP TABLE IF EXISTS `model_has_permissions`;
CREATE TABLE IF NOT EXISTS `model_has_permissions` (
  `permission_id` bigint(20) UNSIGNED NOT NULL,
  `model_type` varchar(191) COLLATE utf8_unicode_ci NOT NULL,
  `model_id` bigint(20) UNSIGNED NOT NULL,
  PRIMARY KEY (`permission_id`,`model_id`,`model_type`),
  KEY `model_has_permissions_model_id_model_type_index` (`model_id`,`model_type`)
) ENGINE=InnoDB DEFAULT CHARSET=utf8 COLLATE=utf8_unicode_ci;

-- --------------------------------------------------------

--
-- Estructura de tabla para la tabla `model_has_roles`
--

DROP TABLE IF EXISTS `model_has_roles`;
CREATE TABLE IF NOT EXISTS `model_has_roles` (
  `role_id` bigint(20) UNSIGNED NOT NULL,
  `model_type` varchar(191) COLLATE utf8_unicode_ci NOT NULL,
  `model_id` bigint(20) UNSIGNED NOT NULL,
  PRIMARY KEY (`role_id`,`model_id`,`model_type`),
  KEY `model_has_roles_model_id_model_type_index` (`model_id`,`model_type`)
) ENGINE=InnoDB DEFAULT CHARSET=utf8 COLLATE=utf8_unicode_ci;

--
-- Volcado de datos para la tabla `model_has_roles`
--

INSERT INTO `model_has_roles` (`role_id`, `model_type`, `model_id`) VALUES
(1, 'App\\Models\\User', 1),
(1, 'App\\Models\\User', 102);

-- --------------------------------------------------------

--
-- Estructura de tabla para la tabla `orders`
--

DROP TABLE IF EXISTS `orders`;
CREATE TABLE IF NOT EXISTS `orders` (
  `id` bigint(20) UNSIGNED NOT NULL AUTO_INCREMENT,
  `user_id` bigint(20) UNSIGNED NOT NULL,
  `contact` varchar(191) COLLATE utf8_unicode_ci NOT NULL,
  `phone` varchar(191) COLLATE utf8_unicode_ci NOT NULL,
  `status` enum('1','2','3','4','5') COLLATE utf8_unicode_ci NOT NULL DEFAULT '1',
  `envio_type` enum('1','2') COLLATE utf8_unicode_ci NOT NULL,
  `shipping_cost` double(8,2) NOT NULL,
  `total` double(8,2) NOT NULL,
  `content` longtext CHARACTER SET utf8mb4 COLLATE utf8mb4_bin NOT NULL CHECK (json_valid(`content`)),
  `envio` longtext CHARACTER SET utf8mb4 COLLATE utf8mb4_bin DEFAULT NULL CHECK (json_valid(`envio`)),
  `created_at` timestamp NULL DEFAULT NULL,
  `updated_at` timestamp NULL DEFAULT NULL,
  PRIMARY KEY (`id`),
  KEY `orders_user_id_foreign` (`user_id`)
) ENGINE=InnoDB AUTO_INCREMENT=5 DEFAULT CHARSET=utf8 COLLATE=utf8_unicode_ci;

--
-- Volcado de datos para la tabla `orders`
--

INSERT INTO `orders` (`id`, `user_id`, `contact`, `phone`, `status`, `envio_type`, `shipping_cost`, `total`, `content`, `envio`, `created_at`, `updated_at`) VALUES
(1, 1, 'frevdd', '+2768985', '1', '1', 0.00, 299.94, '{\"ef8a6dc55d88d10ae68818d1bd797fee\":{\"rowId\":\"ef8a6dc55d88d10ae68818d1bd797fee\",\"id\":3,\"name\":\"Ipsam iste ad.\",\"qty\":6,\"price\":49.99,\"weight\":550,\"options\":{\"size_id\":null,\"image\":\"http:\\/\\/ecommerce.test\\/storage\\/products\\/bc3c2fb557cd4da3baa3a23653e2e133.png\",\"color\":\"white\",\"color_id\":1},\"discount\":0,\"tax\":10.5,\"subtotal\":299.94}}', NULL, '2021-08-12 04:44:29', '2021-08-12 04:44:29'),
(2, 1, 'fewfwe', 'vwrfew', '1', '1', 0.00, 59.97, '{\"06b65ccd499467e89ecb7ddf6a4fd5c4\":{\"rowId\":\"06b65ccd499467e89ecb7ddf6a4fd5c4\",\"id\":23,\"name\":\"Sit reiciendis aliquid.\",\"qty\":3,\"price\":19.99,\"weight\":550,\"options\":{\"size_id\":null,\"image\":\"http:\\/\\/ecommerce.test\\/storage\\/products\\/f46b4c58e59400dd37dc7aeb77864c5b.png\",\"color\":\"white\",\"color_id\":1},\"discount\":0,\"tax\":4.2,\"subtotal\":59.97}}', NULL, '2021-08-12 05:09:57', '2021-08-12 05:09:57'),
(3, 102, 'gregwr', 'gftrgwt', '3', '1', 0.00, 99.98, '{\"ef8a6dc55d88d10ae68818d1bd797fee\":{\"rowId\":\"ef8a6dc55d88d10ae68818d1bd797fee\",\"id\":3,\"name\":\"Ipsam iste ad.\",\"qty\":2,\"price\":49.99,\"weight\":550,\"options\":{\"size_id\":null,\"image\":\"http:\\/\\/ecommerce.test\\/storage\\/products\\/bc3c2fb557cd4da3baa3a23653e2e133.png\",\"color\":\"white\",\"color_id\":1},\"discount\":0,\"tax\":10.5,\"subtotal\":99.98}}', NULL, '2021-08-13 04:50:05', '2021-08-13 04:52:05'),
(4, 102, 'btrsher', 'btrhtr', '5', '1', 0.00, 99.95, '{\"91592c4fedbc29cc908333683ec6732f\":{\"rowId\":\"91592c4fedbc29cc908333683ec6732f\",\"id\":98,\"name\":\"Porro quia.\",\"qty\":3,\"price\":19.99,\"weight\":550,\"options\":{\"size_id\":null,\"image\":\"http:\\/\\/ecommerce.test\\/storage\\/products\\/65b25484ce1d10198d92fae8739a553b.png\",\"color\":\"white\",\"color_id\":1},\"discount\":0,\"tax\":4.2,\"subtotal\":59.97},\"e9adacf6668901f7341554c9882648ce\":{\"rowId\":\"e9adacf6668901f7341554c9882648ce\",\"id\":27,\"name\":\"Corporis mollitia.\",\"qty\":2,\"price\":19.99,\"weight\":550,\"options\":{\"color_id\":null,\"size_id\":null,\"image\":\"http:\\/\\/ecommerce.test\\/storage\\/products\\/9e1709f8396b5166fc291783b952636e.png\"},\"discount\":0,\"tax\":4.2,\"subtotal\":39.98}}', NULL, '2021-08-13 21:55:59', '2021-08-13 21:59:47');

-- --------------------------------------------------------

--
-- Estructura de tabla para la tabla `password_resets`
--

DROP TABLE IF EXISTS `password_resets`;
CREATE TABLE IF NOT EXISTS `password_resets` (
  `email` varchar(191) COLLATE utf8_unicode_ci NOT NULL,
  `token` varchar(191) COLLATE utf8_unicode_ci NOT NULL,
  `created_at` timestamp NULL DEFAULT NULL,
  KEY `password_resets_email_index` (`email`)
) ENGINE=InnoDB DEFAULT CHARSET=utf8 COLLATE=utf8_unicode_ci;

-- --------------------------------------------------------

--
-- Estructura de tabla para la tabla `permissions`
--

DROP TABLE IF EXISTS `permissions`;
CREATE TABLE IF NOT EXISTS `permissions` (
  `id` bigint(20) UNSIGNED NOT NULL AUTO_INCREMENT,
  `name` varchar(191) COLLATE utf8_unicode_ci NOT NULL,
  `guard_name` varchar(191) COLLATE utf8_unicode_ci NOT NULL,
  `created_at` timestamp NULL DEFAULT NULL,
  `updated_at` timestamp NULL DEFAULT NULL,
  PRIMARY KEY (`id`),
  UNIQUE KEY `permissions_name_guard_name_unique` (`name`,`guard_name`)
) ENGINE=InnoDB DEFAULT CHARSET=utf8 COLLATE=utf8_unicode_ci;

-- --------------------------------------------------------

--
-- Estructura de tabla para la tabla `personal_access_tokens`
--

DROP TABLE IF EXISTS `personal_access_tokens`;
CREATE TABLE IF NOT EXISTS `personal_access_tokens` (
  `id` bigint(20) UNSIGNED NOT NULL AUTO_INCREMENT,
  `tokenable_type` varchar(191) COLLATE utf8_unicode_ci NOT NULL,
  `tokenable_id` bigint(20) UNSIGNED NOT NULL,
  `name` varchar(191) COLLATE utf8_unicode_ci NOT NULL,
  `token` varchar(64) COLLATE utf8_unicode_ci NOT NULL,
  `abilities` text COLLATE utf8_unicode_ci DEFAULT NULL,
  `last_used_at` timestamp NULL DEFAULT NULL,
  `created_at` timestamp NULL DEFAULT NULL,
  `updated_at` timestamp NULL DEFAULT NULL,
  PRIMARY KEY (`id`),
  UNIQUE KEY `personal_access_tokens_token_unique` (`token`),
  KEY `personal_access_tokens_tokenable_type_tokenable_id_index` (`tokenable_type`,`tokenable_id`)
) ENGINE=InnoDB DEFAULT CHARSET=utf8 COLLATE=utf8_unicode_ci;

-- --------------------------------------------------------

--
-- Estructura de tabla para la tabla `products`
--

DROP TABLE IF EXISTS `products`;
CREATE TABLE IF NOT EXISTS `products` (
  `id` bigint(20) UNSIGNED NOT NULL AUTO_INCREMENT,
  `name` varchar(191) COLLATE utf8_unicode_ci NOT NULL,
  `slug` varchar(191) COLLATE utf8_unicode_ci NOT NULL,
  `description` text COLLATE utf8_unicode_ci NOT NULL,
  `price` double(8,2) NOT NULL,
  `subcategory_id` bigint(20) UNSIGNED NOT NULL,
  `brand_id` bigint(20) UNSIGNED NOT NULL,
  `quantity` int(11) DEFAULT NULL,
  `status` enum('1','2') COLLATE utf8_unicode_ci NOT NULL DEFAULT '1',
  `created_at` timestamp NULL DEFAULT NULL,
  `updated_at` timestamp NULL DEFAULT NULL,
  PRIMARY KEY (`id`),
  KEY `products_subcategory_id_foreign` (`subcategory_id`),
  KEY `products_brand_id_foreign` (`brand_id`)
) ENGINE=InnoDB AUTO_INCREMENT=251 DEFAULT CHARSET=utf8 COLLATE=utf8_unicode_ci;

--
-- Volcado de datos para la tabla `products`
--

INSERT INTO `products` (`id`, `name`, `slug`, `description`, `price`, `subcategory_id`, `brand_id`, `quantity`, `status`, `created_at`, `updated_at`) VALUES
(1, 'Sint aut ut.', 'sint-aut-ut', 'Aut ex dolor sapiente sequi ut. Molestiae earum quod sint minus quaerat voluptatem. Ad nam non enim repellendus voluptas in consequatur autem.', 19.99, 8, 11, 15, '2', '2021-08-12 04:01:53', '2021-08-12 04:01:53'),
(2, 'Necessitatibus odit repellendus.', 'necessitatibus-odit-repellendus', 'Deserunt quae eveniet et neque fuga porro. Saepe et nam et. Mollitia eum aliquam officia impedit expedita omnis. Et praesentium in ut.', 49.99, 15, 20, NULL, '2', '2021-08-12 04:01:53', '2021-08-12 04:01:53'),
(3, 'Ipsam iste ad.', 'ipsam-iste-ad', 'Et id porro voluptatem in. Et eum modi animi et doloremque perferendis. Et natus iusto quidem. Assumenda delectus laboriosam soluta est minus beatae id.', 49.99, 1, 2, NULL, '2', '2021-08-12 04:01:53', '2021-08-12 04:01:53'),
(4, 'Expedita ipsa.', 'expedita-ipsa', 'Pariatur et aut corporis a illo. Tempore tempora aut sit rerum minus ut. Facilis libero nihil aspernatur. Blanditiis voluptates dolorum voluptatibus aut corporis veritatis.', 49.99, 9, 11, 15, '2', '2021-08-12 04:01:53', '2021-08-12 04:01:53'),
(5, 'Cum suscipit.', 'cum-suscipit', 'Quo provident unde fugit deserunt aut. Magnam est quia doloremque et. Voluptatem iure minima consequatur quasi non ab quibusdam. Officia beatae accusantium id quibusdam ut.', 49.99, 15, 19, NULL, '2', '2021-08-12 04:01:53', '2021-08-12 04:01:53'),
(6, 'Ut voluptatum nostrum.', 'ut-voluptatum-nostrum', 'Ipsam nemo occaecati eum rerum aut cupiditate. Aut aut adipisci molestias. Non placeat aut ut ipsum rerum. Fuga magni sit ut est.', 99.99, 18, 18, 15, '2', '2021-08-12 04:01:53', '2021-08-12 04:01:53'),
(7, 'Omnis ut ab.', 'omnis-ut-ab', 'Sunt unde sit dolorum hic necessitatibus a aut. Laborum ut libero aliquam iure. Illo quo voluptas commodi explicabo sunt.', 19.99, 2, 1, 15, '2', '2021-08-12 04:01:53', '2021-08-12 04:01:53'),
(8, 'Similique autem voluptatem.', 'similique-autem-voluptatem', 'Est quidem laboriosam qui perferendis sapiente sit aut. Nulla et voluptatem doloribus quis tempora. Repellendus omnis earum consequatur ipsam in et. Amet ullam in illo deserunt reprehenderit.', 49.99, 3, 3, 15, '2', '2021-08-12 04:01:53', '2021-08-12 04:01:53'),
(10, 'Voluptatum aliquam.', 'voluptatum-aliquam', 'Id iure at assumenda aliquid. Possimus molestias velit quo distinctio aut. Dolore accusamus pariatur nihil nam.', 99.99, 12, 15, 15, '2', '2021-08-12 04:01:53', '2021-08-12 04:01:53'),
(11, 'Quidem qui.', 'quidem-qui', 'Placeat nihil saepe rem. Dolore sequi hic ad qui tenetur assumenda officiis. Sint ad est omnis. Quaerat et et quisquam magni quam vel.', 19.99, 18, 20, 15, '2', '2021-08-12 04:01:53', '2021-08-12 04:01:53'),
(12, 'Eos vel tempore.', 'eos-vel-tempore', 'Non cumque excepturi sed iste. Eum unde odit aut. Repudiandae rerum dolores aut minima qui dolore ut dolorem.', 99.99, 13, 15, 15, '2', '2021-08-12 04:01:53', '2021-08-12 04:01:53'),
(13, 'Porro accusantium est.', 'porro-accusantium-est', 'Tempore assumenda rerum perspiciatis ut ipsa et quas. Veniam ducimus dolores sit ipsa et. Dolor a aut nisi. Accusantium nihil maiores eum ex numquam.', 19.99, 8, 11, 15, '2', '2021-08-12 04:01:53', '2021-08-12 04:01:53'),
(14, 'Repellendus eveniet similique.', 'repellendus-eveniet-similique', 'Alias dolor voluptas quas sit quam quam. Est sit placeat maxime est totam eos. Omnis officiis id praesentium magni officia libero ea.', 99.99, 13, 16, 15, '2', '2021-08-12 04:01:53', '2021-08-12 04:01:53'),
(15, 'Quia dolor.', 'quia-dolor', 'Cum quo laboriosam aut cum magni enim ipsum enim. Saepe aspernatur sed qui suscipit provident id. A aut porro ut. Inventore dolorum dolorem fugit eum illum cupiditate et.', 99.99, 18, 19, 15, '2', '2021-08-12 04:01:53', '2021-08-12 04:01:53'),
(16, 'Aut sunt.', 'aut-sunt', 'Ea est maiores voluptate sunt. Libero odit facilis et illo. Dolorum nihil debitis illo est. Aut earum est quis sit.', 19.99, 15, 19, NULL, '2', '2021-08-12 04:01:53', '2021-08-12 04:01:53'),
(17, 'Iste molestias illo.', 'iste-molestias-illo', 'Est voluptates quia explicabo. Voluptatem eos officia eum asperiores dignissimos et. Ex repellendus iste necessitatibus.', 99.99, 4, 6, 15, '2', '2021-08-12 04:01:53', '2021-08-12 04:01:53'),
(18, 'Quas enim.', 'quas-enim', 'Illum accusantium maxime suscipit accusamus ducimus. Earum et libero reiciendis qui rerum ut quisquam.', 49.99, 3, 3, 15, '2', '2021-08-12 04:01:53', '2021-08-12 04:01:53'),
(19, 'Eum in et.', 'eum-in-et', 'Voluptas non unde saepe pariatur quidem. Dolores rerum voluptatem modi perspiciatis expedita. Quia deleniti unde laboriosam quo est nesciunt omnis. Dolores doloremque est odit minima.', 49.99, 15, 19, NULL, '2', '2021-08-12 04:01:53', '2021-08-12 04:01:53'),
(20, 'Laborum quis.', 'laborum-quis', 'Aut repellendus et laudantium accusantium explicabo aut. Ab sapiente sed et ad optio voluptatem quaerat. Fugit libero vel corporis nostrum molestiae. Veniam cumque aut dolorem dolor.', 19.99, 4, 6, 15, '2', '2021-08-12 04:01:53', '2021-08-12 04:01:53'),
(21, 'Voluptatem repellat.', 'voluptatem-repellat', 'Vitae doloribus sit maxime fugiat consequatur. Ut corporis dolor sunt vel sed ut eveniet in. Impedit quo eius saepe tempora dolorem beatae aut architecto. Molestiae non neque quibusdam voluptatum.', 99.99, 17, 19, 15, '2', '2021-08-12 04:01:53', '2021-08-12 04:01:53'),
(22, 'Quaerat magnam.', 'quaerat-magnam', 'Fugiat quia qui corrupti rerum sequi. Quod eum culpa fuga et. Aut blanditiis est blanditiis numquam ducimus. Atque perspiciatis voluptas explicabo.', 19.99, 13, 16, 15, '2', '2021-08-12 04:01:53', '2021-08-12 04:01:53'),
(23, 'Sit reiciendis aliquid.', 'sit-reiciendis-aliquid', 'Earum voluptatum omnis unde hic non qui est provident. Rerum reiciendis ab delectus perspiciatis. Quasi aut rerum aut ullam error. Atque blanditiis sed voluptate aut.', 19.99, 1, 4, NULL, '2', '2021-08-12 04:01:53', '2021-08-12 04:01:53'),
(24, 'Nisi ex voluptas.', 'nisi-ex-voluptas', 'Excepturi et qui nostrum non voluptatem. Architecto voluptatem iusto et perferendis est.', 19.99, 12, 16, 15, '2', '2021-08-12 04:01:53', '2021-08-12 04:01:53'),
(25, 'Rerum maxime.', 'rerum-maxime', 'Earum quia vitae fugit explicabo. Ut tenetur vel in ipsa officia. Error itaque illo et aspernatur similique est odio.', 49.99, 2, 3, 15, '2', '2021-08-12 04:01:53', '2021-08-12 04:01:53'),
(26, 'Temporibus deserunt omnis.', 'temporibus-deserunt-omnis', 'Ut quia a non quisquam facilis animi. Sunt expedita vel et est et. Rerum incidunt sequi quibusdam neque tempore et.', 99.99, 13, 13, 15, '2', '2021-08-12 04:01:53', '2021-08-12 04:01:53'),
(27, 'Corporis mollitia.', 'corporis-mollitia', 'Quibusdam earum qui explicabo rerum eum dicta sed laboriosam. Dolor quasi necessitatibus aut consequatur. Laboriosam in est molestiae id.', 19.99, 7, 12, 13, '2', '2021-08-12 04:01:53', '2021-08-13 21:55:59'),
(28, 'Dicta iusto tempora.', 'dicta-iusto-tempora', 'Iure odit enim culpa aut nihil. Consectetur voluptatem cumque rem quo iste omnis. Debitis atque nostrum et temporibus consequatur non mollitia voluptatem. Deserunt facere qui quia aut ex quo.', 49.99, 13, 16, 15, '2', '2021-08-12 04:01:53', '2021-08-12 04:01:53'),
(29, 'Eos error.', 'eos-error', 'Quas ut rem voluptatum maxime. Dolorem commodi ut recusandae. Sequi iure quasi voluptas quo aspernatur quo repellat. Optio sed facere delectus voluptates dolor et.', 99.99, 14, 14, 15, '2', '2021-08-12 04:01:53', '2021-08-12 04:01:53'),
(30, 'Quo repellat.', 'quo-repellat', 'Autem provident dignissimos dolore amet et nulla quisquam. Laborum ea sunt quo voluptas rerum. Atque dolor quia voluptates ducimus vitae vel voluptates.', 99.99, 13, 15, 15, '2', '2021-08-12 04:01:53', '2021-08-12 04:01:53'),
(31, 'Molestiae eius rem.', 'molestiae-eius-rem', 'Dolorem perspiciatis aspernatur quisquam nobis est. Et sunt ratione sunt. Fugit eius et corrupti voluptatem et quibusdam est.', 99.99, 14, 13, 15, '2', '2021-08-12 04:01:53', '2021-08-12 04:01:53'),
(32, 'Velit delectus.', 'velit-delectus', 'Id sunt qui reiciendis sequi non adipisci. Adipisci aut ut deleniti earum. Quas voluptates temporibus sunt exercitationem sed fugiat facilis velit.', 99.99, 3, 1, 15, '2', '2021-08-12 04:01:53', '2021-08-12 04:01:53'),
(33, 'Est quae.', 'est-quae', 'Esse est totam distinctio magnam accusantium consequatur illo. Illo delectus rem optio est et eos tempora. Dignissimos harum cumque autem earum.', 19.99, 2, 2, 15, '2', '2021-08-12 04:01:53', '2021-08-12 04:01:53'),
(34, 'Ut unde.', 'ut-unde', 'Non quaerat cum architecto enim voluptas non ea. Et numquam et expedita et est. Eos et ut culpa quisquam.', 99.99, 14, 14, 15, '2', '2021-08-12 04:01:53', '2021-08-12 04:01:53'),
(35, 'Voluptatem a.', 'voluptatem-a', 'Sunt commodi iure est necessitatibus. Nobis recusandae iusto eos eius impedit. Ut nesciunt repudiandae quaerat assumenda. Veritatis ut eos nisi tempora inventore quam tempore.', 19.99, 6, 8, 15, '2', '2021-08-12 04:01:53', '2021-08-12 04:01:53'),
(36, 'Asperiores occaecati.', 'asperiores-occaecati', 'Voluptas non eligendi quo aut quidem amet ut. Aut voluptatem tempora ea deleniti occaecati voluptatem. Sint quia quia qui necessitatibus maiores. Eum minus voluptatem et et quia veniam.', 99.99, 7, 9, 15, '2', '2021-08-12 04:01:53', '2021-08-12 04:01:53'),
(37, 'Velit dolor dignissimos.', 'velit-dolor-dignissimos', 'Unde reiciendis aliquam similique mollitia. Unde deleniti voluptas culpa in architecto. Maiores iure aut architecto molestias cumque voluptates temporibus. Nihil qui reiciendis et alias.', 49.99, 4, 5, 15, '2', '2021-08-12 04:01:53', '2021-08-12 04:01:53'),
(38, 'Deserunt non.', 'deserunt-non', 'Sint optio eius at et dolores praesentium itaque. Consequatur dolor quaerat qui et. Laborum minus qui est itaque perspiciatis quod officiis assumenda. Error omnis dolore debitis dolorem totam.', 49.99, 18, 17, 15, '2', '2021-08-12 04:01:53', '2021-08-12 04:01:53'),
(39, 'Eos quibusdam.', 'eos-quibusdam', 'Blanditiis qui maiores deserunt et. Repellendus rerum sit ea nulla omnis in. Ab maiores rerum ea et harum doloribus assumenda.', 49.99, 9, 11, 15, '2', '2021-08-12 04:01:53', '2021-08-12 04:01:53'),
(40, 'Harum iusto.', 'harum-iusto', 'Occaecati molestiae eum quibusdam quia officia. Corporis ut et veritatis ea.', 19.99, 5, 6, 15, '2', '2021-08-12 04:01:53', '2021-08-12 04:01:53'),
(41, 'Vel itaque.', 'vel-itaque', 'Fuga est dolorem aut. Voluptates vero aliquam in quae autem hic quidem. Ea suscipit culpa ullam sequi officiis et. Quis libero eos minima occaecati placeat eum iusto.', 99.99, 7, 10, 15, '2', '2021-08-12 04:01:53', '2021-08-12 04:01:53'),
(42, 'Et blanditiis enim.', 'et-blanditiis-enim', 'In accusantium earum beatae repellendus qui corrupti accusamus. Dicta totam nostrum rem. Reiciendis ut doloribus corporis dolorem et aut. Quod et et blanditiis aliquid et.', 19.99, 8, 12, 15, '2', '2021-08-12 04:01:53', '2021-08-12 04:01:53'),
(43, 'Ex qui sit.', 'ex-qui-sit', 'Facilis soluta explicabo minima veritatis cumque. Explicabo nam debitis itaque harum. Eos rem culpa nisi. Molestias eum enim eveniet qui ducimus nemo.', 19.99, 9, 10, 15, '2', '2021-08-12 04:01:53', '2021-08-12 04:01:53'),
(44, 'Quisquam eius.', 'quisquam-eius', 'Qui est dolores dicta ea aspernatur natus. Commodi necessitatibus magni perspiciatis dolores voluptatem nisi hic. Quae sit laudantium est aut voluptatem. Veniam illum aut in et aut et.', 49.99, 10, 12, 15, '2', '2021-08-12 04:01:53', '2021-08-12 04:01:53'),
(45, 'Quia sit.', 'quia-sit', 'Et natus beatae perspiciatis occaecati eaque. Similique nihil ut qui et voluptatibus blanditiis. Non ut et non.', 99.99, 5, 6, 15, '2', '2021-08-12 04:01:53', '2021-08-12 04:01:53'),
(46, 'Ipsum autem.', 'ipsum-autem', 'Ducimus impedit consequatur dolor et laborum qui. Sit nostrum rerum non consequatur. Porro repellendus enim ipsam. Aut sint voluptates ad est ullam esse.', 99.99, 17, 17, 15, '2', '2021-08-12 04:01:53', '2021-08-12 04:01:53'),
(47, 'Voluptatem unde modi.', 'voluptatem-unde-modi', 'Excepturi laboriosam laboriosam mollitia voluptas. Ab iusto suscipit omnis possimus temporibus tempora. Voluptatum quo vitae ut numquam et.', 19.99, 17, 20, 15, '2', '2021-08-12 04:01:53', '2021-08-12 04:01:53'),
(48, 'Autem occaecati.', 'autem-occaecati', 'Autem praesentium sed cum laborum molestiae quis aliquid. Occaecati quis nesciunt facilis voluptates animi fugit ipsa sunt. Cumque consequuntur sit saepe est illum iste cumque.', 19.99, 5, 5, 15, '2', '2021-08-12 04:01:53', '2021-08-12 04:01:53'),
(49, 'Eum quo velit.', 'eum-quo-velit', 'Vitae ducimus sint id quidem rem rerum. Et ut earum ducimus ad. Assumenda vel in reprehenderit excepturi ut. Quia saepe et dignissimos aperiam doloremque commodi.', 49.99, 15, 18, NULL, '2', '2021-08-12 04:01:53', '2021-08-12 04:01:53'),
(50, 'Sint unde.', 'sint-unde', 'Aut aut doloremque quas consequatur et. Tenetur reprehenderit repudiandae ipsum est impedit. Nihil dolor minima alias optio. Velit omnis dolorem id voluptas corrupti.', 99.99, 15, 17, NULL, '2', '2021-08-12 04:01:53', '2021-08-12 04:01:53'),
(51, 'Placeat labore.', 'placeat-labore', 'Et consectetur dolorem excepturi in. Voluptas nihil exercitationem nesciunt eius in nemo. Ut excepturi et qui eum natus excepturi blanditiis.', 49.99, 3, 1, 15, '2', '2021-08-12 04:01:53', '2021-08-12 04:01:53'),
(52, 'Quis occaecati.', 'quis-occaecati', 'Ullam quia quibusdam harum qui esse. Non repellat dolorem aut voluptas illo distinctio enim. Velit tenetur voluptas numquam ut aspernatur. Fugiat ut et culpa omnis velit.', 49.99, 16, 18, NULL, '2', '2021-08-12 04:01:53', '2021-08-12 04:01:53'),
(53, 'Nobis voluptas.', 'nobis-voluptas', 'Odit qui quia eaque assumenda libero ducimus minus. Libero quia molestiae sit perspiciatis blanditiis cupiditate distinctio. Ut est et et optio.', 99.99, 11, 16, 15, '2', '2021-08-12 04:01:53', '2021-08-12 04:01:53'),
(54, 'Quia molestiae molestiae.', 'quia-molestiae-molestiae', 'Porro quam perspiciatis consequatur facere provident at. Repellendus autem ut dolorem velit. Possimus ut amet est non. Vero eius modi amet ut aut sint.', 99.99, 1, 1, NULL, '2', '2021-08-12 04:01:53', '2021-08-12 04:01:53'),
(55, 'Eius occaecati.', 'eius-occaecati', 'Rerum suscipit blanditiis impedit rerum nobis. Numquam dolor voluptatem sed dolorem perspiciatis. Modi unde omnis rerum voluptatem.', 19.99, 12, 14, 15, '2', '2021-08-12 04:01:53', '2021-08-12 04:01:53'),
(56, 'Et non quia.', 'et-non-quia', 'Qui est officiis repudiandae natus accusantium provident. Et atque dignissimos pariatur tempora nobis dolorem ipsa sit. Eveniet quia dicta quae a exercitationem.', 19.99, 6, 8, 15, '2', '2021-08-12 04:01:53', '2021-08-12 04:01:53'),
(57, 'Voluptatem pariatur aspernatur.', 'voluptatem-pariatur-aspernatur', 'Consequatur quas sint quia deserunt ut. Ut similique autem nam quasi qui itaque ut non. Omnis officiis rerum neque itaque.', 49.99, 12, 14, 15, '2', '2021-08-12 04:01:53', '2021-08-12 04:01:53'),
(58, 'Quae est.', 'quae-est', 'Excepturi nam possimus fuga accusantium quis facere veritatis. Sequi voluptas et consequatur sit voluptas. In nostrum ipsum inventore et unde ipsum dolorem.', 49.99, 17, 20, 15, '2', '2021-08-12 04:01:53', '2021-08-12 04:01:53'),
(59, 'Voluptates vel mollitia.', 'voluptates-vel-mollitia', 'Voluptatum quod a modi qui accusantium. Ea qui officia perspiciatis. Esse sint voluptatem libero alias voluptate expedita. Totam similique dolor rem quisquam nam pariatur fugit.', 49.99, 5, 6, 15, '2', '2021-08-12 04:01:53', '2021-08-12 04:01:53'),
(60, 'Tempore laudantium ex.', 'tempore-laudantium-ex', 'Modi laboriosam accusamus in dolores. Doloribus et ut perferendis incidunt accusamus ipsum. Provident ut itaque quas.', 19.99, 9, 10, 15, '2', '2021-08-12 04:01:53', '2021-08-12 04:01:53'),
(61, 'Et repellat dolore.', 'et-repellat-dolore', 'Quia commodi quidem fugiat. Accusantium aliquid autem enim magnam quia perspiciatis. Non magni velit animi vel.', 49.99, 4, 7, 15, '2', '2021-08-12 04:01:53', '2021-08-12 04:01:53'),
(62, 'Deserunt molestiae dolor.', 'deserunt-molestiae-dolor', 'Rerum ipsam dolores veniam reprehenderit facere repudiandae. Nostrum dolores perferendis error vel neque. Iure facere hic quia odio.', 49.99, 7, 10, 15, '2', '2021-08-12 04:01:53', '2021-08-12 04:01:53'),
(63, 'Eveniet in.', 'eveniet-in', 'Nam iste sed et consectetur laboriosam ea laudantium. Possimus fuga saepe vel amet perspiciatis suscipit sed.', 19.99, 12, 15, 15, '2', '2021-08-12 04:01:53', '2021-08-12 04:01:53'),
(64, 'Voluptatem laudantium.', 'voluptatem-laudantium', 'Cupiditate et voluptates magni sunt adipisci dolorem fugiat et. Velit ullam laudantium illum et est dolore qui. Est sint eum deserunt officiis. Dolores quo numquam placeat.', 19.99, 2, 2, 15, '2', '2021-08-12 04:01:53', '2021-08-12 04:01:53'),
(65, 'Qui totam.', 'qui-totam', 'Dolorum dolor consectetur non facere saepe mollitia in. Placeat et quis accusantium id inventore praesentium. Iste doloribus ab deserunt voluptatibus eveniet aut et ut.', 19.99, 11, 13, 15, '2', '2021-08-12 04:01:53', '2021-08-12 04:01:53'),
(66, 'Dolorem doloribus.', 'dolorem-doloribus', 'Voluptatibus aut consequatur qui eveniet. Dignissimos eius quia voluptas et ut beatae. Quam rem nobis ut qui iusto maxime ratione.', 49.99, 15, 17, NULL, '2', '2021-08-12 04:01:53', '2021-08-12 04:01:53'),
(67, 'Aliquam aut.', 'aliquam-aut', 'Deleniti repudiandae repudiandae non nemo perferendis saepe. Hic cum voluptatem aut aut quasi officiis. Qui veritatis a quia nisi quas. Molestiae voluptates vitae molestiae.', 49.99, 3, 4, 15, '2', '2021-08-12 04:01:53', '2021-08-12 04:01:53'),
(68, 'Sunt ipsam beatae.', 'sunt-ipsam-beatae', 'Vel quo similique occaecati doloremque sint. Occaecati non veniam ab maxime. Voluptatem qui dignissimos consequuntur omnis similique rerum consequatur maxime.', 49.99, 12, 14, 15, '2', '2021-08-12 04:01:53', '2021-08-12 04:01:53'),
(69, 'Doloremque ut.', 'doloremque-ut', 'Beatae qui mollitia magnam amet voluptas. Ea dolorem officia cum eaque. Nihil incidunt ut dolor laborum explicabo velit dolores.', 99.99, 7, 9, 15, '2', '2021-08-12 04:01:53', '2021-08-12 04:01:53'),
(70, 'Enim eaque.', 'enim-eaque', 'Quibusdam dicta qui aut sed hic. Id dolorum nobis cumque id ea cumque. Et maxime sunt porro facere quia quas facilis.', 19.99, 2, 3, 15, '2', '2021-08-12 04:01:53', '2021-08-12 04:01:53'),
(71, 'Et reprehenderit.', 'et-reprehenderit', 'Voluptate commodi autem eius unde. Et et consequatur eos quas. Fugit dolores et nihil ipsam quam deserunt beatae soluta. Corporis nihil eaque in.', 99.99, 1, 2, NULL, '2', '2021-08-12 04:01:53', '2021-08-12 04:01:53'),
(72, 'Illo quos aut.', 'illo-quos-aut', 'Quos aut saepe omnis. Similique nihil nemo et aut incidunt facere perferendis. Commodi molestiae qui fugit. Consequuntur sit non est ducimus. Animi nobis eum totam.', 49.99, 6, 7, 15, '2', '2021-08-12 04:01:53', '2021-08-12 04:01:53'),
(73, 'Non aut quis.', 'non-aut-quis', 'Accusamus aut eum ea ipsam. Quis quia officia aut omnis numquam quis. Cum in molestiae neque iure voluptas. Eos cumque dolores non velit maiores.', 99.99, 14, 14, 15, '2', '2021-08-12 04:01:53', '2021-08-12 04:01:53'),
(74, 'Consequatur accusamus.', 'consequatur-accusamus', 'Voluptatem deleniti veritatis modi dolore dolorem iure. Earum magni similique et error optio. Enim exercitationem et quis ipsa rerum. Voluptas dicta numquam voluptatum dolores aut.', 49.99, 9, 9, 15, '2', '2021-08-12 04:01:53', '2021-08-12 04:01:53'),
(75, 'Quidem asperiores qui.', 'quidem-asperiores-qui', 'Rem optio omnis a nulla aut recusandae. Ea tempore aut fugit impedit adipisci voluptatem temporibus. Omnis quidem qui ea eveniet minus. Necessitatibus aut debitis blanditiis eos at molestiae ex.', 49.99, 11, 16, 15, '2', '2021-08-12 04:01:53', '2021-08-12 04:01:53'),
(76, 'Eum ratione.', 'eum-ratione', 'Quos itaque voluptatibus aut id et sequi. Saepe eligendi rerum a illo. Recusandae libero nihil molestiae aut autem.', 99.99, 15, 18, NULL, '2', '2021-08-12 04:01:53', '2021-08-12 04:01:53'),
(77, 'Dicta distinctio sapiente.', 'dicta-distinctio-sapiente', 'Exercitationem facilis voluptatem tenetur dicta et natus aspernatur. Consectetur excepturi vel unde delectus repellendus voluptates necessitatibus esse.', 99.99, 17, 18, 15, '2', '2021-08-12 04:01:53', '2021-08-12 04:01:53'),
(78, 'Nam consequatur.', 'nam-consequatur', 'Velit velit voluptate aliquam cumque architecto animi. Sit ipsum sed hic quia possimus in. Et accusantium ex aut rerum nulla.', 19.99, 10, 10, 15, '2', '2021-08-12 04:01:53', '2021-08-12 04:01:53'),
(79, 'Est et.', 'est-et', 'Accusantium dolor eius qui quibusdam quam placeat. Dolor aut sit et voluptas nostrum. Qui voluptatem nulla iste dicta alias ullam omnis commodi. Consequatur quis nisi itaque est.', 99.99, 10, 12, 15, '2', '2021-08-12 04:01:53', '2021-08-12 04:01:53'),
(80, 'Id nesciunt et.', 'id-nesciunt-et', 'Ut quaerat praesentium hic dignissimos dicta fugit. Quasi autem eos maxime necessitatibus nam.', 19.99, 2, 4, 15, '2', '2021-08-12 04:01:53', '2021-08-12 04:01:53'),
(81, 'Nobis dolores ut.', 'nobis-dolores-ut', 'Nostrum et dolorem assumenda amet. Magnam voluptatibus rem ut aut. Officiis vel qui est consequuntur saepe velit et. Quo est sapiente et ratione sit nihil aut.', 99.99, 16, 20, NULL, '2', '2021-08-12 04:01:53', '2021-08-12 04:01:53'),
(82, 'Tempora voluptas.', 'tempora-voluptas', 'Ea qui praesentium molestiae. Ea quis temporibus pariatur ullam et enim. Ipsam ad aut molestiae illum similique quis.', 19.99, 14, 13, 15, '2', '2021-08-12 04:01:53', '2021-08-12 04:01:53'),
(83, 'Deleniti repellendus et.', 'deleniti-repellendus-et', 'Doloribus esse vitae voluptatem ipsum suscipit eligendi laboriosam. Nesciunt quia laboriosam totam quis.', 49.99, 8, 12, 15, '2', '2021-08-12 04:01:53', '2021-08-12 04:01:53'),
(84, 'Doloribus ut.', 'doloribus-ut', 'Eum rem quidem tenetur esse sed voluptatem quo. Animi architecto illum eius eum dolor repellendus necessitatibus. Nulla modi optio neque iure. Est maxime autem tempore fuga quos eius et quam.', 99.99, 2, 2, 15, '2', '2021-08-12 04:01:53', '2021-08-12 04:01:53'),
(85, 'Ipsum commodi.', 'ipsum-commodi', 'Voluptatibus magnam architecto consequatur velit in rem qui sunt. Laudantium excepturi ut consectetur aut occaecati rerum praesentium. Consectetur quae et non exercitationem occaecati commodi ut.', 49.99, 3, 4, 15, '2', '2021-08-12 04:01:53', '2021-08-12 04:01:53'),
(86, 'Excepturi velit.', 'excepturi-velit', 'Fugiat omnis modi est quo veniam. Similique dolorem eveniet fugiat eveniet. Dolores similique enim excepturi esse animi suscipit.', 99.99, 14, 16, 15, '2', '2021-08-12 04:01:53', '2021-08-12 04:01:53'),
(87, 'Quo eos.', 'quo-eos', 'Commodi quo consequatur assumenda corporis. Ea harum sequi aut aut atque. Fuga sint amet molestiae et sunt ea.', 99.99, 13, 14, 15, '2', '2021-08-12 04:01:53', '2021-08-12 04:01:53'),
(88, 'Quod velit.', 'quod-velit', 'Et similique nihil quo officiis velit atque commodi. Et et aut dolorem quia sit ea. Quaerat natus at est neque recusandae corporis est.', 49.99, 9, 12, 15, '2', '2021-08-12 04:01:53', '2021-08-12 04:01:53'),
(89, 'Cumque voluptates mollitia.', 'cumque-voluptates-mollitia', 'Sunt omnis nostrum officia cumque non. Nihil perspiciatis voluptatibus sed non autem consequuntur dolorem. Qui occaecati facilis perferendis fuga consequatur.', 49.99, 18, 18, 15, '2', '2021-08-12 04:01:53', '2021-08-12 04:01:53'),
(90, 'Ut voluptates a.', 'ut-voluptates-a', 'Impedit quibusdam debitis omnis at. Ex modi voluptatem quia eaque consequatur adipisci fuga. Quas nostrum pariatur placeat eum.', 49.99, 4, 5, 15, '2', '2021-08-12 04:01:53', '2021-08-12 04:01:53'),
(91, 'Ut omnis.', 'ut-omnis', 'Vitae dolor nostrum expedita sit. Minima nobis omnis quia qui enim libero. Rerum qui voluptatem quis qui. Animi neque possimus aut.', 99.99, 6, 7, 15, '2', '2021-08-12 04:01:53', '2021-08-12 04:01:53'),
(92, 'Facere consequatur.', 'facere-consequatur', 'Molestiae neque ut quaerat natus qui ab. Cumque aut inventore aut aut delectus. Et aliquam facilis ullam est. Deleniti dolorem qui consequatur assumenda adipisci commodi.', 19.99, 4, 8, 15, '2', '2021-08-12 04:01:53', '2021-08-12 04:01:53'),
(93, 'Quis mollitia.', 'quis-mollitia', 'Ratione voluptatem blanditiis quisquam libero pariatur sapiente. Error fugiat sit expedita aut aliquid adipisci. Quasi rerum aut dolor harum odit eligendi.', 19.99, 8, 9, 15, '2', '2021-08-12 04:01:53', '2021-08-12 04:01:53'),
(94, 'Atque voluptatem laudantium.', 'atque-voluptatem-laudantium', 'Fugit ex repellat perferendis amet consequatur optio. Velit odit cum et esse vel. Aut voluptas provident animi eum. Neque placeat voluptas ut quia.', 49.99, 10, 10, 15, '2', '2021-08-12 04:01:53', '2021-08-12 04:01:53'),
(95, 'Enim sapiente.', 'enim-sapiente', 'Molestiae ipsa animi blanditiis optio dolorum maiores. Eligendi illum delectus ut accusamus ut. Dolorum qui sit quis non nemo ipsa. Sequi sed veritatis non quidem eum sint velit.', 49.99, 6, 5, 15, '2', '2021-08-12 04:01:53', '2021-08-12 04:01:53'),
(96, 'In est quia.', 'in-est-quia', 'Sunt necessitatibus occaecati voluptate enim dolor. Quisquam natus possimus accusantium accusantium dolorum ducimus. Impedit molestiae aliquam modi fugit quod. Quos nostrum ut pariatur libero.', 49.99, 6, 8, 15, '2', '2021-08-12 04:01:53', '2021-08-12 04:01:53'),
(97, 'Maiores dolor dicta.', 'maiores-dolor-dicta', 'Et distinctio magni soluta. Voluptatem molestias voluptate debitis beatae. Est soluta est animi.', 99.99, 9, 11, 15, '2', '2021-08-12 04:01:53', '2021-08-12 04:01:53'),
(98, 'Porro quia.', 'porro-quia', 'Voluptatum iure nemo corporis quasi et deleniti. Ipsa dolorem molestias voluptas reiciendis dicta neque natus.', 19.99, 1, 1, NULL, '2', '2021-08-12 04:01:53', '2021-08-12 04:01:53'),
(99, 'Ut iure.', 'ut-iure', 'Molestias labore amet voluptatibus aperiam aut quam consequuntur qui. Ratione nihil expedita ut accusantium accusamus sit et. Enim voluptates iste totam quia saepe consequatur quibusdam.', 49.99, 8, 10, 15, '2', '2021-08-12 04:01:53', '2021-08-12 04:01:53'),
(100, 'Eos nostrum qui.', 'eos-nostrum-qui', 'Aut et sit qui corporis. Commodi officiis autem itaque aut veniam optio perferendis.', 99.99, 7, 12, 15, '2', '2021-08-12 04:01:53', '2021-08-12 04:01:53'),
(101, 'Aperiam beatae.', 'aperiam-beatae', 'Voluptas eligendi quia tempore dolorem esse. Rerum ut quaerat ut et adipisci officiis. Temporibus temporibus voluptatem eveniet totam nulla nam. A sed sunt aut hic.', 19.99, 7, 9, 15, '2', '2021-08-12 04:01:53', '2021-08-12 04:01:53'),
(102, 'Quas consequuntur.', 'quas-consequuntur', 'Et consectetur veritatis quidem non esse. Et ea ducimus dolores. Quidem ipsum tempora aut facilis rem sed incidunt. Sint quia quia adipisci.', 49.99, 4, 7, 15, '2', '2021-08-12 04:01:53', '2021-08-12 04:01:53'),
(103, 'Dolorum numquam.', 'dolorum-numquam', 'Molestiae placeat in temporibus sequi consequuntur unde esse. Vero maiores omnis necessitatibus blanditiis.', 19.99, 9, 9, 15, '2', '2021-08-12 04:01:53', '2021-08-12 04:01:53'),
(104, 'Voluptatem animi.', 'voluptatem-animi', 'Numquam repellendus accusantium nisi optio autem. Nisi blanditiis eaque nobis. Velit mollitia commodi sed quod voluptate quos voluptas. Aut sint nemo delectus.', 49.99, 12, 15, 15, '2', '2021-08-12 04:01:53', '2021-08-12 04:01:53'),
(105, 'Provident quo reprehenderit.', 'provident-quo-reprehenderit', 'Cumque sunt consequatur sed hic sequi. Modi est aut nobis perferendis illo qui. Assumenda fugit dolorem qui non corporis cum qui velit. Sed tenetur id qui laboriosam atque cupiditate dolores.', 99.99, 6, 7, 15, '2', '2021-08-12 04:01:53', '2021-08-12 04:01:53'),
(106, 'Ab consequuntur aut.', 'ab-consequuntur-aut', 'Qui illo adipisci in alias minus. Voluptate temporibus quos consequatur nesciunt eum. Totam earum repellendus pariatur nisi nostrum in consequuntur. Dignissimos impedit sequi ipsam voluptatem.', 99.99, 14, 13, 15, '2', '2021-08-12 04:01:53', '2021-08-12 04:01:53'),
(107, 'Ut aperiam.', 'ut-aperiam', 'Placeat dolores quo veritatis velit officiis. Aspernatur a sit maxime accusamus rerum.', 19.99, 6, 5, 15, '2', '2021-08-12 04:01:53', '2021-08-12 04:01:53'),
(108, 'Incidunt quo.', 'incidunt-quo', 'Dolor officia commodi et. Voluptate voluptatibus et doloremque necessitatibus. Consequatur neque rerum et enim qui minima nobis accusamus.', 99.99, 5, 5, 15, '2', '2021-08-12 04:01:53', '2021-08-12 04:01:53'),
(109, 'Ut veritatis atque.', 'ut-veritatis-atque', 'Qui distinctio ipsum voluptas laudantium modi praesentium. Sit ad impedit est vero. Corrupti adipisci sint error molestias.', 49.99, 16, 17, NULL, '2', '2021-08-12 04:01:53', '2021-08-12 04:01:53'),
(110, 'Tenetur quam.', 'tenetur-quam', 'Doloribus nihil ex modi quae non. Aliquid deleniti et id nisi quo odio et. Iusto dolores modi minima provident voluptatibus.', 99.99, 18, 19, 15, '2', '2021-08-12 04:01:53', '2021-08-12 04:01:53'),
(111, 'Alias id.', 'alias-id', 'Enim qui sint id laboriosam consectetur. Ducimus dolore hic omnis omnis nesciunt possimus aspernatur earum. Sint tenetur dignissimos cupiditate earum voluptatem.', 99.99, 16, 19, NULL, '2', '2021-08-12 04:01:53', '2021-08-12 04:01:53'),
(112, 'Omnis eius aperiam.', 'omnis-eius-aperiam', 'Facere qui molestiae velit molestiae eligendi impedit. Asperiores praesentium et accusamus voluptates animi possimus debitis.', 99.99, 1, 2, NULL, '2', '2021-08-12 04:01:53', '2021-08-12 04:01:53'),
(113, 'Similique recusandae hic.', 'similique-recusandae-hic', 'Qui ipsam eum sit natus illo aliquam qui. Minima provident ea iure deleniti esse ut. Deleniti adipisci nostrum consequatur vel libero in.', 99.99, 2, 3, 15, '2', '2021-08-12 04:01:53', '2021-08-12 04:01:53'),
(114, 'Illo consequatur.', 'illo-consequatur', 'Voluptates earum accusamus illo porro. Harum corporis ut nemo vel saepe deleniti ab. Dolores et aliquam natus.', 19.99, 16, 17, NULL, '2', '2021-08-12 04:01:53', '2021-08-12 04:01:53'),
(115, 'Reiciendis omnis.', 'reiciendis-omnis', 'Cum dolore sint doloremque ut. Sunt tempora blanditiis in occaecati voluptas sunt rerum. Consectetur cupiditate et laboriosam unde molestiae aut quia. Voluptatem magni recusandae at perferendis.', 99.99, 12, 13, 15, '2', '2021-08-12 04:01:53', '2021-08-12 04:01:53'),
(116, 'Vitae deleniti natus.', 'vitae-deleniti-natus', 'Et repellat amet et sunt nulla tempora doloribus. Nihil quis et minima sed omnis voluptates. Nulla ut sunt quis atque atque provident. Voluptatem nam facere magni ea.', 19.99, 10, 10, 15, '2', '2021-08-12 04:01:53', '2021-08-12 04:01:53'),
(117, 'Velit aut non.', 'velit-aut-non', 'Dolores saepe dolore odit magni enim pariatur et numquam. Error est quod rerum deserunt. Aut vitae aut reiciendis commodi iste id fuga voluptatem. Et hic rerum repellat aut accusantium dolores velit.', 19.99, 6, 7, 15, '2', '2021-08-12 04:01:53', '2021-08-12 04:01:53'),
(118, 'Reiciendis architecto voluptatem.', 'reiciendis-architecto-voluptatem', 'Non sed assumenda id ipsum. Optio omnis quisquam neque pariatur autem. Possimus dolorum non fuga id. Sed expedita blanditiis provident dolores provident ex voluptates. Saepe rerum laudantium aperiam.', 19.99, 10, 9, 15, '2', '2021-08-12 04:01:53', '2021-08-12 04:01:53'),
(119, 'Est nihil.', 'est-nihil', 'Voluptates veniam minus autem ea. Quo incidunt iste aliquam. Et quidem non alias. Neque corporis omnis ut est consequuntur.', 49.99, 13, 16, 15, '2', '2021-08-12 04:01:53', '2021-08-12 04:01:53'),
(120, 'Nisi inventore.', 'nisi-inventore', 'Recusandae asperiores et velit accusamus occaecati nulla. Reiciendis nihil quia unde vitae odit. Natus aut ad nostrum omnis nemo libero laborum at. Ea sequi quis delectus reprehenderit.', 49.99, 8, 12, 15, '2', '2021-08-12 04:01:53', '2021-08-12 04:01:53'),
(121, 'Delectus adipisci aut.', 'delectus-adipisci-aut', 'Nihil consequatur voluptatum officia commodi qui. Provident repellendus dicta cumque itaque et iste omnis. Expedita voluptates et blanditiis eos.', 99.99, 12, 15, 15, '2', '2021-08-12 04:01:54', '2021-08-12 04:01:54'),
(122, 'Omnis cumque.', 'omnis-cumque', 'Optio qui enim veritatis laborum suscipit nam qui praesentium. Consequuntur neque fugiat id sit. Vero voluptas dolorum vel nobis tenetur sint et. Aut voluptatem ex nihil culpa deserunt quae quia aut.', 19.99, 12, 15, 15, '2', '2021-08-12 04:01:54', '2021-08-12 04:01:54'),
(123, 'Aliquam recusandae.', 'aliquam-recusandae', 'Sed ad deleniti reiciendis voluptatem distinctio voluptatibus. Repellendus sit ut consequatur unde ducimus. Nostrum impedit ratione commodi qui a.', 49.99, 14, 16, 15, '2', '2021-08-12 04:01:54', '2021-08-12 04:01:54'),
(124, 'Tenetur et eaque.', 'tenetur-et-eaque', 'Natus vel sint est harum in ut. Et nemo deserunt harum exercitationem. Quia aut nobis inventore.', 99.99, 8, 10, 15, '2', '2021-08-12 04:01:54', '2021-08-12 04:01:54'),
(125, 'Odio consequatur.', 'odio-consequatur', 'Enim doloremque odio maiores neque laudantium. Sequi ad natus cumque. Qui impedit maiores nihil fugit quaerat facilis illum cumque. Occaecati quo et delectus repellendus voluptatem ut.', 49.99, 9, 9, 15, '2', '2021-08-12 04:01:54', '2021-08-12 04:01:54'),
(126, 'Odio architecto ipsa.', 'odio-architecto-ipsa', 'Nihil dolorem ipsum dolore quia sed non. Repellendus et corporis qui. Voluptate eius sint odit in provident. Enim maxime est eum nam laboriosam.', 99.99, 4, 5, 15, '2', '2021-08-12 04:01:54', '2021-08-12 04:01:54'),
(127, 'Itaque aut.', 'itaque-aut', 'Ut commodi velit necessitatibus repellat magnam commodi. Itaque eos dolorem soluta eos perspiciatis quos unde. Quibusdam rerum atque doloremque.', 19.99, 8, 10, 15, '2', '2021-08-12 04:01:54', '2021-08-12 04:01:54'),
(128, 'Quis modi.', 'quis-modi', 'Est ut nemo voluptatibus est eos libero. Ut et laudantium voluptatum. Unde dolor dolores facere et iure.', 19.99, 9, 9, 15, '2', '2021-08-12 04:01:54', '2021-08-12 04:01:54'),
(129, 'Dicta aliquid.', 'dicta-aliquid', 'Corporis non esse dicta nam unde commodi. Facilis consequatur pariatur error sit aut. Nostrum qui qui nam deleniti tempora occaecati. Ut et qui dolores qui esse.', 99.99, 13, 16, 15, '2', '2021-08-12 04:01:54', '2021-08-12 04:01:54'),
(130, 'Et culpa.', 'et-culpa', 'Sed non quod deserunt vero delectus doloremque dolorem. Voluptatem et eveniet quia accusantium non saepe asperiores. Eum eius ipsa ipsa ipsa quia rem dolor.', 19.99, 17, 20, 15, '2', '2021-08-12 04:01:54', '2021-08-12 04:01:54'),
(131, 'Dolores veritatis dolor.', 'dolores-veritatis-dolor', 'Nobis quis itaque sequi qui magnam. Saepe deleniti ut nulla doloremque et et necessitatibus. Repellendus fugit molestias hic minus quidem.', 19.99, 16, 19, NULL, '2', '2021-08-12 04:01:54', '2021-08-12 04:01:54'),
(132, 'Aut quos.', 'aut-quos', 'Voluptas aperiam quasi id consectetur. Ea iure accusantium ab nisi asperiores vel saepe. Saepe quaerat corporis dolor. Doloribus cupiditate quibusdam consequatur laboriosam.', 19.99, 9, 10, 15, '2', '2021-08-12 04:01:54', '2021-08-12 04:01:54'),
(133, 'Aut dolores.', 'aut-dolores', 'Et velit culpa vel. Harum voluptas non qui quaerat exercitationem eos porro. Fuga delectus neque facere in saepe distinctio. Nihil excepturi in deserunt ducimus. Voluptas sint accusantium aut sed.', 99.99, 9, 12, 15, '2', '2021-08-12 04:01:54', '2021-08-12 04:01:54'),
(134, 'Qui libero assumenda.', 'qui-libero-assumenda', 'Eum qui tempora et nemo qui. Quod alias et ut laudantium quam. Aperiam reiciendis possimus quod illo.', 49.99, 5, 8, 15, '2', '2021-08-12 04:01:54', '2021-08-12 04:01:54'),
(135, 'Sunt modi aut.', 'sunt-modi-aut', 'Unde non natus consequatur ducimus at facere. Recusandae voluptatem occaecati voluptatem ratione itaque. Fugit consequuntur odit doloremque et amet. Cupiditate nam ut laborum pariatur et.', 49.99, 11, 14, 15, '2', '2021-08-12 04:01:54', '2021-08-12 04:01:54'),
(136, 'Enim est.', 'enim-est', 'Qui doloribus aut magnam illum. Odit enim veniam sapiente eaque est ab. Architecto ex similique eius. Et molestias fuga a sint dolorum.', 99.99, 8, 10, 15, '2', '2021-08-12 04:01:54', '2021-08-12 04:01:54'),
(137, 'Occaecati enim iusto.', 'occaecati-enim-iusto', 'Et dolorum aut delectus magnam assumenda in ab. Et et et quia autem non sint eaque. Aut dolore eum corporis modi voluptatem aut sed. Ut ex sequi optio.', 99.99, 18, 17, 15, '2', '2021-08-12 04:01:54', '2021-08-12 04:01:54'),
(138, 'Modi error at.', 'modi-error-at', 'Aut velit neque nobis est. Beatae numquam quo praesentium esse et ipsam minima voluptatum. Atque dolorum corporis voluptatem accusamus minima. Qui dicta quo qui iure.', 19.99, 8, 12, 15, '2', '2021-08-12 04:01:54', '2021-08-12 04:01:54'),
(139, 'Ipsum consequatur.', 'ipsum-consequatur', 'Dignissimos assumenda est voluptas recusandae deserunt quasi. Voluptas repudiandae ad harum a est. Rerum id ad veritatis quisquam nihil.', 19.99, 4, 5, 15, '2', '2021-08-12 04:01:54', '2021-08-12 04:01:54'),
(140, 'Earum veritatis.', 'earum-veritatis', 'Expedita dolore sunt minus. Est aut error tempore non recusandae necessitatibus maiores voluptas. Dignissimos hic praesentium ratione et. Nisi ut tempora itaque nam.', 99.99, 6, 8, 15, '2', '2021-08-12 04:01:54', '2021-08-12 04:01:54'),
(141, 'Doloremque et sunt.', 'doloremque-et-sunt', 'Hic illum et atque ut. Ut animi autem cumque. Est neque voluptatem aliquam cum commodi autem hic. Ut molestias neque eaque repudiandae reprehenderit omnis.', 99.99, 9, 9, 15, '2', '2021-08-12 04:01:54', '2021-08-12 04:01:54'),
(142, 'Ipsum consequuntur minus.', 'ipsum-consequuntur-minus', 'Tenetur ut quia tenetur culpa. Excepturi unde aut nesciunt distinctio dignissimos perferendis ducimus. Reprehenderit praesentium quia earum doloremque beatae. Ullam sapiente ratione aliquid sunt aut.', 19.99, 17, 17, 15, '2', '2021-08-12 04:01:54', '2021-08-12 04:01:54'),
(143, 'Reiciendis aliquam.', 'reiciendis-aliquam', 'Sit est excepturi animi iusto neque provident et. Est ullam culpa iste saepe id. Eveniet a quas non assumenda. Consequuntur quis iste esse doloribus molestias ut sit.', 49.99, 8, 10, 15, '2', '2021-08-12 04:01:54', '2021-08-12 04:01:54'),
(144, 'Itaque accusantium vel.', 'itaque-accusantium-vel', 'Sit sapiente voluptate dolorem exercitationem fugit nam optio. Perspiciatis ullam beatae nisi quo dolore nam qui. Et est corrupti ullam autem quam.', 99.99, 6, 7, 15, '2', '2021-08-12 04:01:54', '2021-08-12 04:01:54'),
(145, 'Quia pariatur.', 'quia-pariatur', 'Maxime esse eius id sapiente. Harum aut totam doloremque quo qui. Neque delectus et qui blanditiis repudiandae consequatur quibusdam dignissimos. Minus voluptatem et quia distinctio molestiae.', 99.99, 7, 12, 15, '2', '2021-08-12 04:01:54', '2021-08-12 04:01:54'),
(146, 'Aliquam consequatur delectus.', 'aliquam-consequatur-delectus', 'Fugiat quos voluptatibus autem voluptatum officiis. Quaerat est voluptatem veritatis doloribus provident. Vel eos aut modi voluptatem.', 99.99, 2, 2, 15, '2', '2021-08-12 04:01:54', '2021-08-12 04:01:54'),
(147, 'Sequi et consequatur.', 'sequi-et-consequatur', 'Quo eaque ad et vel. Voluptatibus reprehenderit dolore aut sed pariatur sapiente. Repellat ipsum delectus fuga vel aut dolores incidunt.', 99.99, 17, 19, 15, '2', '2021-08-12 04:01:54', '2021-08-12 04:01:54'),
(148, 'Et architecto consequatur.', 'et-architecto-consequatur', 'Quis qui modi eius corporis voluptatem. Quia corrupti id aut libero mollitia. Optio saepe optio molestiae voluptatem aut. Laborum nobis unde consequuntur aperiam.', 99.99, 4, 8, 15, '2', '2021-08-12 04:01:54', '2021-08-12 04:01:54'),
(149, 'Eos est.', 'eos-est', 'Voluptas ratione quae cum quia velit ducimus quia nobis. Beatae minima laudantium perspiciatis voluptates et. Fuga et dicta officia molestias. Nihil et eos quia autem sint suscipit dolor ut.', 99.99, 1, 4, NULL, '2', '2021-08-12 04:01:54', '2021-08-12 04:01:54'),
(150, 'Et unde amet.', 'et-unde-amet', 'Dolorem quidem ut possimus illo. Velit nemo et cum sint autem. Dignissimos fuga maiores excepturi voluptates sint.', 49.99, 11, 15, 15, '2', '2021-08-12 04:01:54', '2021-08-12 04:01:54'),
(151, 'A exercitationem.', 'a-exercitationem', 'Rerum inventore quibusdam corporis. Blanditiis eos autem dignissimos quisquam sed quos. Suscipit non dolorem sit maxime dolorem autem rem enim. Hic voluptates similique eum suscipit sit quas.', 99.99, 10, 12, 15, '2', '2021-08-12 04:01:54', '2021-08-12 04:01:54'),
(152, 'Vel quas.', 'vel-quas', 'Quisquam quia et ducimus sunt. Quo aliquam consectetur voluptas hic magni aliquid. Aliquid eum ut dignissimos.', 49.99, 10, 12, 15, '2', '2021-08-12 04:01:54', '2021-08-12 04:01:54'),
(153, 'Sed blanditiis.', 'sed-blanditiis', 'Mollitia doloribus necessitatibus fugit omnis. Quia eos voluptates nobis accusamus consectetur illo facere facere. Soluta repellendus sit ut fugiat. Qui fugiat quaerat soluta.', 19.99, 18, 19, 15, '2', '2021-08-12 04:01:54', '2021-08-12 04:01:54'),
(154, 'Sit vel mollitia.', 'sit-vel-mollitia', 'Ut iure sit est ea natus molestiae. Rerum hic tempore corrupti culpa dignissimos veniam eos adipisci. Hic temporibus optio enim iure quos quaerat non.', 99.99, 15, 19, NULL, '2', '2021-08-12 04:01:54', '2021-08-12 04:01:54'),
(155, 'Temporibus voluptatem voluptatum.', 'temporibus-voluptatem-voluptatum', 'Velit quae rerum mollitia adipisci. Maxime dolore similique quibusdam esse est debitis eos. Quae aut atque deleniti consectetur sunt quia.', 99.99, 10, 11, 15, '2', '2021-08-12 04:01:54', '2021-08-12 04:01:54'),
(156, 'Officia aut aliquam.', 'officia-aut-aliquam', 'Debitis voluptate nihil praesentium rerum aliquid. Et enim earum quia ea est. Aut eum voluptas natus aliquam libero. Rerum itaque rerum sed aliquid.', 99.99, 6, 8, 15, '2', '2021-08-12 04:01:54', '2021-08-12 04:01:54'),
(157, 'Maxime alias voluptatibus.', 'maxime-alias-voluptatibus', 'Et et quaerat perspiciatis. Consequatur sed omnis sint reiciendis non ea. Dolor ad sit nam. Saepe praesentium et omnis aut. Sit amet ipsum impedit occaecati. Dolor eveniet et ullam.', 99.99, 9, 10, 15, '2', '2021-08-12 04:01:54', '2021-08-12 04:01:54'),
(158, 'Delectus fugit.', 'delectus-fugit', 'Qui id voluptatem quod suscipit. Fugit quis est iusto aut nam soluta nostrum dolor. Consequatur fuga odio distinctio. Asperiores ut modi maiores enim possimus inventore sequi.', 49.99, 17, 17, 15, '2', '2021-08-12 04:01:54', '2021-08-12 04:01:54'),
(159, 'Sit velit.', 'sit-velit', 'Quaerat nulla nesciunt voluptas aut temporibus. Iste quaerat et ex consequatur non. Eaque est qui temporibus nulla explicabo placeat ipsum est. Omnis fuga autem architecto et illo.', 19.99, 5, 8, 15, '2', '2021-08-12 04:01:54', '2021-08-12 04:01:54'),
(160, 'Voluptate nobis et.', 'voluptate-nobis-et', 'Cumque impedit et sed est exercitationem. Corrupti adipisci hic atque dolorem est a velit.', 49.99, 7, 9, 15, '2', '2021-08-12 04:01:54', '2021-08-12 04:01:54'),
(161, 'Ab maiores alias.', 'ab-maiores-alias', 'Et similique et recusandae adipisci similique quos qui. Quos vero expedita ab sit. Sed modi sed et qui libero est atque culpa. Error sint beatae doloremque dolorum autem.', 49.99, 3, 4, 15, '2', '2021-08-12 04:01:54', '2021-08-12 04:01:54'),
(162, 'Voluptatibus aliquam eum.', 'voluptatibus-aliquam-eum', 'Inventore odio laudantium ducimus velit. Rerum et eius expedita ipsum nihil ipsum dolorem. Iste est quos qui ut pariatur. Asperiores accusantium porro sint minima dolor.', 49.99, 14, 16, 15, '2', '2021-08-12 04:01:54', '2021-08-12 04:01:54'),
(163, 'Soluta repellat consequatur.', 'soluta-repellat-consequatur', 'Ut natus cum reprehenderit. Ut voluptas vitae aut ex non. Quod nisi enim quod ad cupiditate.', 99.99, 14, 16, 15, '2', '2021-08-12 04:01:54', '2021-08-12 04:01:54'),
(164, 'Recusandae id at.', 'recusandae-id-at', 'Necessitatibus eos et esse temporibus ab. Quo aut architecto et dicta. Non aut nemo accusantium neque voluptatem. Est cupiditate porro aut ratione voluptatem.', 99.99, 8, 12, 15, '2', '2021-08-12 04:01:54', '2021-08-12 04:01:54'),
(165, 'Perferendis id.', 'perferendis-id', 'Saepe deserunt amet a alias animi. Velit quos quia animi pariatur inventore quod. Est voluptas quas quod enim.', 49.99, 11, 15, 15, '2', '2021-08-12 04:01:54', '2021-08-12 04:01:54'),
(166, 'Aut alias.', 'aut-alias', 'Id tenetur porro fugiat. Vitae quisquam asperiores error possimus. Inventore itaque iste velit dolorem aut labore. Quidem eum dolorem veritatis animi.', 19.99, 12, 16, 15, '2', '2021-08-12 04:01:54', '2021-08-12 04:01:54'),
(167, 'Provident aut doloremque.', 'provident-aut-doloremque', 'Consequuntur molestiae earum ea ad incidunt explicabo. Neque aliquid cum dolore cum eum ea. Quia ex quo et esse. Et qui ut non dolorem ut blanditiis.', 19.99, 5, 8, 15, '2', '2021-08-12 04:01:54', '2021-08-12 04:01:54'),
(168, 'Cupiditate numquam enim.', 'cupiditate-numquam-enim', 'Quae enim est excepturi harum error. Ipsa vel facilis quisquam recusandae aut quo. Reprehenderit ut occaecati et.', 19.99, 15, 17, NULL, '2', '2021-08-12 04:01:54', '2021-08-12 04:01:54'),
(169, 'Error et.', 'error-et', 'Dolorem rerum optio qui nemo nesciunt explicabo. Soluta voluptates iste accusantium rerum alias. Soluta quasi est deleniti labore vero. Cum animi repellat quisquam qui non aut.', 19.99, 5, 8, 15, '2', '2021-08-12 04:01:54', '2021-08-12 04:01:54'),
(170, 'Qui quaerat placeat.', 'qui-quaerat-placeat', 'Excepturi reprehenderit est eum dolorum eum ipsum dolor. Ratione ut esse natus. Harum explicabo ad nesciunt ut. Asperiores vel ipsa laboriosam totam.', 49.99, 7, 12, 15, '2', '2021-08-12 04:01:54', '2021-08-12 04:01:54'),
(171, 'Modi eaque facilis.', 'modi-eaque-facilis', 'Velit sit a qui. Libero quaerat sit vero occaecati quod non. Iure molestias et aperiam quia maxime exercitationem.', 99.99, 14, 16, 15, '2', '2021-08-12 04:01:54', '2021-08-12 04:01:54'),
(172, 'Et officia.', 'et-officia', 'Illum possimus voluptate unde enim odio. Debitis enim alias sed aliquid aspernatur ullam provident.', 99.99, 1, 4, NULL, '2', '2021-08-12 04:01:54', '2021-08-12 04:01:54'),
(173, 'Omnis tempora.', 'omnis-tempora', 'Illo ad ad voluptatem labore. At totam doloremque et nihil. Repellendus at modi qui deleniti. Hic et sint eos eos.', 49.99, 3, 3, 15, '2', '2021-08-12 04:01:54', '2021-08-12 04:01:54'),
(174, 'Doloribus minus.', 'doloribus-minus', 'Eum sapiente quaerat explicabo culpa. Et nihil voluptas doloribus cum minus voluptatem. Tempora id saepe amet.', 49.99, 16, 19, NULL, '2', '2021-08-12 04:01:54', '2021-08-12 04:01:54'),
(175, 'Voluptatum ut.', 'voluptatum-ut', 'Libero nisi provident aut facere. Aut et aut repudiandae rerum temporibus ut et occaecati. Quis necessitatibus nisi autem quas. Reiciendis alias vero autem et sit cupiditate.', 49.99, 16, 18, NULL, '2', '2021-08-12 04:01:54', '2021-08-12 04:01:54'),
(176, 'Quis earum aut.', 'quis-earum-aut', 'Dolore et modi voluptatem voluptatem omnis voluptas quia. Sunt natus occaecati aliquid cum fugit. Doloremque et animi labore quasi impedit sed totam.', 49.99, 12, 14, 15, '2', '2021-08-12 04:01:54', '2021-08-12 04:01:54'),
(177, 'Dolorum provident tempore.', 'dolorum-provident-tempore', 'Quas quibusdam unde quo magnam. Impedit nesciunt qui fuga in neque nihil. Aut numquam nostrum vel. Reiciendis non sed qui possimus voluptatem. Saepe quia sint eum voluptatem qui aut.', 49.99, 4, 5, 15, '2', '2021-08-12 04:01:54', '2021-08-12 04:01:54'),
(178, 'Soluta provident.', 'soluta-provident', 'Similique facilis quis perspiciatis doloribus aliquid. Non voluptates quae deserunt debitis excepturi numquam neque cumque. Et in doloribus molestiae corrupti sint nisi.', 19.99, 2, 2, 15, '2', '2021-08-12 04:01:54', '2021-08-12 04:01:54'),
(179, 'Doloribus et.', 'doloribus-et', 'Unde eos illo minus quo. Dolor quidem eaque corporis excepturi quod ex.', 99.99, 13, 14, 15, '2', '2021-08-12 04:01:54', '2021-08-12 04:01:54'),
(180, 'Esse ipsa.', 'esse-ipsa', 'Ducimus exercitationem rerum qui qui in eum. Aut cupiditate temporibus praesentium accusamus at exercitationem. Dolores aut qui est.', 99.99, 9, 12, 15, '2', '2021-08-12 04:01:54', '2021-08-12 04:01:54'),
(181, 'Nihil quaerat ut.', 'nihil-quaerat-ut', 'Quia qui sunt repellendus velit assumenda. Et eos et quas a eligendi veniam. Voluptatibus officia corrupti quisquam libero ut cupiditate explicabo.', 99.99, 8, 9, 15, '2', '2021-08-12 04:01:54', '2021-08-12 04:01:54'),
(182, 'Rerum et.', 'rerum-et', 'Explicabo culpa quis iste adipisci porro. Expedita magni rem delectus voluptatem pariatur enim et laudantium. Qui sit vel corrupti ea soluta eum.', 19.99, 13, 14, 15, '2', '2021-08-12 04:01:54', '2021-08-12 04:01:54'),
(183, 'Esse quod recusandae.', 'esse-quod-recusandae', 'Sit quos minus consequatur sint quia repudiandae ut. At nulla veritatis voluptas sit sint. Quae culpa vero et deleniti ipsam.', 19.99, 4, 8, 15, '2', '2021-08-12 04:01:54', '2021-08-12 04:01:54'),
(184, 'Sed qui molestias.', 'sed-qui-molestias', 'Expedita sed eius distinctio consequatur pariatur. Molestiae ratione magnam dicta. Distinctio modi voluptatibus incidunt voluptatem quam deserunt amet.', 49.99, 10, 9, 15, '2', '2021-08-12 04:01:54', '2021-08-12 04:01:54'),
(185, 'Veniam fuga quo.', 'veniam-fuga-quo', 'Et harum magni omnis sed neque laborum quia. Ea sint occaecati et non voluptates. Eum quia cum deserunt inventore. Error aut molestiae voluptatem.', 19.99, 17, 17, 15, '2', '2021-08-12 04:01:54', '2021-08-12 04:01:54'),
(186, 'Libero consequatur.', 'libero-consequatur', 'Voluptate voluptatum quod id adipisci laudantium. Temporibus commodi eos ut et dolor.', 49.99, 6, 5, 15, '2', '2021-08-12 04:01:54', '2021-08-12 04:01:54'),
(187, 'Ad aut.', 'ad-aut', 'A tempore quis rerum laudantium. Asperiores nulla aut et. Praesentium dolor commodi dolor nam quibusdam beatae. Rem et vitae minus quia quod.', 49.99, 2, 4, 15, '2', '2021-08-12 04:01:54', '2021-08-12 04:01:54'),
(188, 'Ea nostrum cupiditate.', 'ea-nostrum-cupiditate', 'Eos et esse ab voluptas est ipsa tempora. Qui tempora voluptas nobis illo. Et aut corporis cupiditate rerum. Reprehenderit vel qui molestiae similique ut fuga autem.', 49.99, 10, 12, 15, '2', '2021-08-12 04:01:54', '2021-08-12 04:01:54'),
(189, 'Dicta cupiditate quasi.', 'dicta-cupiditate-quasi', 'Ab et dolorem asperiores natus magnam. Et enim vel fugiat cumque. Autem voluptas et a architecto ipsa voluptatum.', 99.99, 5, 8, 15, '2', '2021-08-12 04:01:54', '2021-08-12 04:01:54');
INSERT INTO `products` (`id`, `name`, `slug`, `description`, `price`, `subcategory_id`, `brand_id`, `quantity`, `status`, `created_at`, `updated_at`) VALUES
(190, 'Aut recusandae et.', 'aut-recusandae-et', 'Aut nihil reprehenderit incidunt omnis et repudiandae. Ipsum quibusdam officiis iste autem ad. Ad natus praesentium quia. Aut laudantium dolores illum culpa sit aut maxime.', 49.99, 9, 10, 15, '2', '2021-08-12 04:01:54', '2021-08-12 04:01:54'),
(191, 'Veritatis commodi.', 'veritatis-commodi', 'Eum iusto dolores et dolorem quos. Aspernatur laboriosam assumenda voluptatum saepe aspernatur atque iste. Et nihil rem magni.', 99.99, 8, 10, 15, '2', '2021-08-12 04:01:54', '2021-08-12 04:01:54'),
(192, 'Est nihil dolore.', 'est-nihil-dolore', 'Id totam doloribus adipisci ea. Laboriosam distinctio aut laborum. Amet soluta quos est qui et et. Saepe eum et aliquid eius doloribus.', 99.99, 3, 2, 15, '2', '2021-08-12 04:01:54', '2021-08-12 04:01:54'),
(193, 'Ea doloribus.', 'ea-doloribus', 'Unde quia deserunt incidunt a voluptas ut. Voluptas est quis architecto officiis porro dolore at ut. Vel dolore accusantium numquam quas.', 49.99, 1, 3, NULL, '2', '2021-08-12 04:01:54', '2021-08-12 04:01:54'),
(194, 'Ipsum dolorem ipsam.', 'ipsum-dolorem-ipsam', 'Veritatis debitis consequatur illo eos. Voluptatum molestiae ea ut est. Repellendus perspiciatis tempora autem consequuntur voluptates. Totam id veniam pariatur.', 49.99, 18, 17, 15, '2', '2021-08-12 04:01:54', '2021-08-12 04:01:54'),
(195, 'Beatae magni et.', 'beatae-magni-et', 'Reprehenderit perferendis consectetur sequi voluptas atque deserunt omnis. Cumque ut non maiores odio dolores sit. Iure quae animi optio et. Consequuntur minus possimus animi animi.', 49.99, 12, 13, 15, '2', '2021-08-12 04:01:54', '2021-08-12 04:01:54'),
(196, 'Ut et.', 'ut-et', 'Hic qui deserunt et voluptas quia eius repudiandae. Eveniet doloribus ratione ut consectetur rerum harum. Eum dignissimos ut vel sunt nemo tempora maiores.', 99.99, 12, 14, 15, '2', '2021-08-12 04:01:54', '2021-08-12 04:01:54'),
(197, 'Voluptatibus ut.', 'voluptatibus-ut', 'Et eius nemo laudantium qui minima et doloribus. Vero quidem et tenetur dolor quos soluta. Molestias laboriosam modi nulla porro aut voluptas. Aliquid quia quia dolor ut non culpa.', 19.99, 9, 11, 15, '2', '2021-08-12 04:01:54', '2021-08-12 04:01:54'),
(198, 'Rerum quas.', 'rerum-quas', 'Ex quam esse quia aliquam. Sit qui sint rem voluptatibus laudantium maxime. Facilis ducimus necessitatibus aspernatur porro ea doloremque.', 99.99, 10, 11, 15, '2', '2021-08-12 04:01:54', '2021-08-12 04:01:54'),
(199, 'Perspiciatis neque.', 'perspiciatis-neque', 'Eos maxime iusto eligendi natus quas. Repellat ut eos et harum. Eos suscipit ea et eos et reiciendis dolores.', 99.99, 15, 19, NULL, '2', '2021-08-12 04:01:54', '2021-08-12 04:01:54'),
(200, 'Qui deleniti.', 'qui-deleniti', 'Optio fuga consequatur dolores deleniti deleniti. Autem enim earum est quo. Quis aut maxime quasi dolore sint est. Debitis ratione autem cumque laborum fugiat dignissimos aliquam et.', 19.99, 9, 11, 15, '2', '2021-08-12 04:01:54', '2021-08-12 04:01:54'),
(201, 'Voluptas et.', 'voluptas-et', 'Atque autem dolorem culpa modi sed nihil soluta. Exercitationem velit qui impedit fugiat voluptates qui corporis. Aspernatur id qui vero voluptatum qui.', 99.99, 11, 13, 15, '2', '2021-08-12 04:01:54', '2021-08-12 04:01:54'),
(202, 'Sint aliquid.', 'sint-aliquid', 'Molestias repudiandae et qui illo. Atque ratione maxime accusamus accusamus est perferendis rem. Nulla corporis numquam rerum molestias et sit ut ratione.', 19.99, 16, 18, NULL, '2', '2021-08-12 04:01:54', '2021-08-12 04:01:54'),
(203, 'Dolor ut provident.', 'dolor-ut-provident', 'Id ducimus occaecati facilis corrupti alias sed ipsum mollitia. Veniam eius laboriosam sit labore quis autem. Id ratione dolores earum voluptatem atque molestiae aut et.', 19.99, 11, 15, 15, '2', '2021-08-12 04:01:54', '2021-08-12 04:01:54'),
(204, 'Est illum rerum.', 'est-illum-rerum', 'Earum impedit ullam error voluptatem et voluptates. Adipisci est temporibus laborum nulla qui natus magnam. Tempore optio quidem aut corporis sequi illum vel.', 49.99, 7, 12, 15, '2', '2021-08-12 04:01:54', '2021-08-12 04:01:54'),
(205, 'Facilis cumque at.', 'facilis-cumque-at', 'Totam odit ad et accusamus qui. Optio dolor voluptatibus vitae natus dolorem velit molestiae. Et et velit doloribus quam totam numquam.', 49.99, 6, 5, 15, '2', '2021-08-12 04:01:54', '2021-08-12 04:01:54'),
(206, 'Iure aliquid porro.', 'iure-aliquid-porro', 'Est voluptas architecto mollitia ullam provident. Quia distinctio qui soluta nesciunt ut. Nihil velit modi dignissimos maxime laboriosam.', 49.99, 9, 10, 15, '2', '2021-08-12 04:01:54', '2021-08-12 04:01:54'),
(207, 'Ex sit.', 'ex-sit', 'Ratione ea at error quae omnis. Quasi voluptatibus minus dolorem veniam. Nesciunt quas iusto est accusamus tempora unde consequatur. Ad sunt earum repudiandae soluta.', 49.99, 3, 1, 15, '2', '2021-08-12 04:01:54', '2021-08-12 04:01:54'),
(208, 'Iste quo soluta.', 'iste-quo-soluta', 'Voluptatem accusamus soluta rerum assumenda laudantium minima possimus. Rerum quo ut sit dolor. Voluptas officiis nihil in. Qui earum ea quia consequuntur nam vel non sint.', 99.99, 7, 9, 15, '2', '2021-08-12 04:01:54', '2021-08-12 04:01:54'),
(209, 'Et accusamus.', 'et-accusamus', 'Quisquam ut commodi commodi natus quis nobis non. Suscipit quidem exercitationem totam aut dolore. Eos delectus velit sint consequatur sequi suscipit vel.', 49.99, 1, 4, NULL, '2', '2021-08-12 04:01:54', '2021-08-12 04:01:54'),
(210, 'Possimus animi.', 'possimus-animi', 'Illum eaque atque sit qui provident id numquam. Nisi sunt quis expedita et et in esse doloremque. Velit aut voluptatum tempore molestiae at qui maiores. Maiores voluptas inventore adipisci ut qui.', 49.99, 5, 8, 15, '2', '2021-08-12 04:01:54', '2021-08-12 04:01:54'),
(211, 'Voluptates doloribus.', 'voluptates-doloribus', 'Est et et autem modi qui. Accusantium blanditiis id quidem numquam nobis deserunt aliquid. Et a impedit culpa temporibus illum vitae sunt. Saepe perspiciatis consequuntur quasi autem dolorum.', 19.99, 17, 17, 15, '2', '2021-08-12 04:01:54', '2021-08-12 04:01:54'),
(212, 'Molestiae autem suscipit.', 'molestiae-autem-suscipit', 'Molestiae repellat quia aperiam ipsa nihil. Labore unde saepe molestiae quaerat sed qui voluptatem at. Unde nobis excepturi tempora sint dolorem. Qui eaque et impedit fugit optio laborum nobis.', 49.99, 15, 18, NULL, '2', '2021-08-12 04:01:54', '2021-08-12 04:01:54'),
(213, 'Officia quae.', 'officia-quae', 'Velit repellendus quam corporis corrupti. Ullam quisquam perferendis fugit quisquam. Nulla est ipsam repellendus soluta et dolorem facilis.', 49.99, 15, 19, NULL, '2', '2021-08-12 04:01:54', '2021-08-12 04:01:54'),
(214, 'Cum repudiandae.', 'cum-repudiandae', 'Dolorum aut ut dolore. Ut in inventore aspernatur tenetur qui. Vero suscipit amet voluptatem sed et rem natus voluptatibus. Nemo est nisi aut doloremque.', 19.99, 16, 17, NULL, '2', '2021-08-12 04:01:54', '2021-08-12 04:01:54'),
(215, 'Expedita maxime a.', 'expedita-maxime-a', 'Suscipit facere quos non rerum et modi. Voluptatem consequatur ad pariatur provident cumque. At tenetur tempore consequuntur optio impedit similique placeat aliquam.', 99.99, 8, 9, 15, '2', '2021-08-12 04:01:54', '2021-08-12 04:01:54'),
(216, 'Sit doloribus.', 'sit-doloribus', 'Quia quasi dignissimos eligendi illum dolorum. Ipsum dolore ut autem sit iure est in. Unde omnis est cum ut sit esse voluptatum.', 99.99, 6, 8, 15, '2', '2021-08-12 04:01:54', '2021-08-12 04:01:54'),
(217, 'Nihil nisi.', 'nihil-nisi', 'Ut mollitia molestiae eos asperiores cupiditate. Eum rem ut maiores doloremque voluptate consequatur dignissimos eaque. Fugiat dignissimos velit quod et sint.', 99.99, 12, 13, 15, '2', '2021-08-12 04:01:54', '2021-08-12 04:01:54'),
(218, 'Qui libero.', 'qui-libero', 'Vel blanditiis magnam consequatur quia facilis aut. Est qui maxime exercitationem. Debitis quod blanditiis quo modi omnis. Qui est inventore libero doloremque omnis ea aut rerum.', 99.99, 14, 15, 15, '2', '2021-08-12 04:01:54', '2021-08-12 04:01:54'),
(219, 'Quis non.', 'quis-non', 'Fuga recusandae quia ullam doloremque optio. Labore quia odio laboriosam magnam libero facere.', 99.99, 4, 6, 15, '2', '2021-08-12 04:01:54', '2021-08-12 04:01:54'),
(220, 'Dolores vitae.', 'dolores-vitae', 'Repellendus fugit quas ratione occaecati. Repudiandae reprehenderit ducimus rem deleniti est vel. Et corporis quaerat earum repellendus sunt. Eius sit aut illum qui iure et.', 19.99, 16, 18, NULL, '2', '2021-08-12 04:01:54', '2021-08-12 04:01:54'),
(221, 'Ut odit.', 'ut-odit', 'Maxime ut saepe nemo amet. Natus consequatur amet qui voluptatibus temporibus. Quis quisquam non tempora exercitationem. Est enim laboriosam voluptatem magni.', 99.99, 17, 17, 15, '2', '2021-08-12 04:01:54', '2021-08-12 04:01:54'),
(222, 'Iure autem vero.', 'iure-autem-vero', 'Aut qui odit soluta harum odit. Assumenda est autem eos. Eligendi omnis dolor dolore dolorem aut.', 49.99, 8, 11, 15, '2', '2021-08-12 04:01:54', '2021-08-12 04:01:54'),
(223, 'Ut assumenda autem.', 'ut-assumenda-autem', 'Cumque vero est voluptatem. Quis qui fugit nobis et.', 99.99, 12, 13, 15, '2', '2021-08-12 04:01:54', '2021-08-12 04:01:54'),
(224, 'Autem ullam voluptatibus.', 'autem-ullam-voluptatibus', 'Quo incidunt quia pariatur dolorum vel quaerat. Tempore dignissimos ex culpa voluptatum blanditiis dolor. Ipsam voluptas saepe ea. Unde laudantium non voluptas sed maxime molestiae quis.', 19.99, 12, 16, 15, '2', '2021-08-12 04:01:54', '2021-08-12 04:01:54'),
(225, 'Molestiae iste rerum.', 'molestiae-iste-rerum', 'Omnis perspiciatis aut quia sint. Nihil dolor omnis sit repellat. Ut adipisci ipsum consequatur corporis.', 49.99, 13, 16, 15, '2', '2021-08-12 04:01:54', '2021-08-12 04:01:54'),
(226, 'Suscipit modi dolorem.', 'suscipit-modi-dolorem', 'Ut qui odit a perspiciatis saepe occaecati. Corrupti ipsam ut et fugiat ut. Consequuntur cumque qui aliquam aut est. Alias sequi quia reprehenderit.', 99.99, 8, 11, 15, '2', '2021-08-12 04:01:54', '2021-08-12 04:01:54'),
(227, 'Dolorem ipsam.', 'dolorem-ipsam', 'Dolores dolor eos molestiae eos rerum aut. Consequatur quae alias non non autem unde quia.', 19.99, 9, 11, 15, '2', '2021-08-12 04:01:54', '2021-08-12 04:01:54'),
(228, 'Aut architecto necessitatibus.', 'aut-architecto-necessitatibus', 'Sed ut libero qui. Eaque et et qui ipsam vel. Sint consequuntur dolore voluptatibus impedit odio quas debitis. Vel incidunt laborum sed eum tempore ut quidem nulla. Beatae temporibus a quia dicta ut.', 19.99, 9, 11, 15, '2', '2021-08-12 04:01:54', '2021-08-12 04:01:54'),
(229, 'Repellendus corrupti.', 'repellendus-corrupti', 'Sit nobis deleniti sit provident sint qui quidem. Iste iure sint aut tenetur nostrum. Deleniti vel sed dignissimos quisquam voluptatem exercitationem. Nulla sit quis nostrum quae et dolorum.', 99.99, 15, 18, NULL, '2', '2021-08-12 04:01:54', '2021-08-12 04:01:54'),
(230, 'Quis eveniet quo.', 'quis-eveniet-quo', 'Dolorem aut aut possimus eaque sapiente. Debitis minima aspernatur qui non quia. Ex et ad voluptatem possimus. In ut nisi consectetur impedit alias cumque.', 49.99, 10, 10, 15, '2', '2021-08-12 04:01:54', '2021-08-12 04:01:54'),
(231, 'Non molestiae officia.', 'non-molestiae-officia', 'Officia modi quam ut. Ipsa mollitia harum nihil aliquid assumenda. Quasi est aperiam ut ut. Non et natus est unde est consequuntur necessitatibus dolore.', 19.99, 6, 5, 15, '2', '2021-08-12 04:01:54', '2021-08-12 04:01:54'),
(232, 'Quia sed.', 'quia-sed', 'Repellendus sunt illo id sed. Doloremque impedit minus possimus reiciendis voluptas repudiandae ut. Aliquam vitae consequuntur voluptatum dolores aliquam fugiat.', 19.99, 10, 11, 15, '2', '2021-08-12 04:01:54', '2021-08-12 04:01:54'),
(233, 'Recusandae porro ea.', 'recusandae-porro-ea', 'Voluptatem ab facere aut temporibus. Magni inventore voluptas itaque ipsa unde enim.', 19.99, 3, 2, 15, '2', '2021-08-12 04:01:54', '2021-08-12 04:01:54'),
(234, 'Natus eligendi aut.', 'natus-eligendi-aut', 'Consequatur fuga suscipit autem totam. Enim unde ducimus quis quaerat. Autem esse velit autem molestiae quisquam. Et ullam praesentium expedita sunt esse voluptatem nisi.', 49.99, 15, 17, NULL, '2', '2021-08-12 04:01:54', '2021-08-12 04:01:54'),
(235, 'Earum ducimus.', 'earum-ducimus', 'Impedit impedit consequatur et aliquid ut sunt quia. Necessitatibus sed corrupti id ut maiores officia nesciunt quaerat. Vel dolores ut dolores reprehenderit illum.', 99.99, 8, 11, 15, '2', '2021-08-12 04:01:54', '2021-08-12 04:01:54'),
(236, 'Et in laudantium.', 'et-in-laudantium', 'Esse quis aut sapiente sed illum quo. Perspiciatis itaque quod nesciunt. Cupiditate recusandae iste veritatis error.', 19.99, 7, 9, 15, '2', '2021-08-12 04:01:54', '2021-08-12 04:01:54'),
(237, 'Architecto porro.', 'architecto-porro', 'Unde sequi ipsam distinctio sit ut quis aut voluptatem. Cumque quis consequuntur et corrupti. Excepturi tempore dolore enim sit dignissimos.', 99.99, 13, 14, 15, '2', '2021-08-12 04:01:54', '2021-08-12 04:01:54'),
(238, 'Dignissimos incidunt.', 'dignissimos-incidunt', 'Enim repudiandae quia tempora est. Provident quos sunt culpa enim. Harum iure voluptatem voluptates dolor. Distinctio vel atque nam fuga animi eos.', 49.99, 18, 19, 15, '2', '2021-08-12 04:01:54', '2021-08-12 04:01:54'),
(239, 'Autem ut.', 'autem-ut', 'Maxime vel officiis veritatis et. Aspernatur sed quam distinctio. Commodi eveniet distinctio debitis omnis dolorem a.', 19.99, 17, 20, 15, '2', '2021-08-12 04:01:54', '2021-08-12 04:01:54'),
(240, 'Distinctio voluptatem.', 'distinctio-voluptatem', 'Molestiae reiciendis corrupti occaecati vel. Illum tempora sed voluptatem omnis. Ea consequatur ipsa quos quaerat et.', 49.99, 6, 8, 15, '2', '2021-08-12 04:01:54', '2021-08-12 04:01:54'),
(241, 'Recusandae commodi.', 'recusandae-commodi', 'Sint cum nemo quae. Ullam et ab sit. Adipisci ea beatae in facere. Praesentium laudantium eius voluptatem eos.', 49.99, 13, 16, 15, '2', '2021-08-12 04:01:54', '2021-08-12 04:01:54'),
(242, 'Ut magnam aut.', 'ut-magnam-aut', 'Et perspiciatis officiis sequi illo magnam dolore tenetur. Odio atque qui sint enim eligendi. Eos est iusto et odio.', 49.99, 7, 10, 15, '2', '2021-08-12 04:01:54', '2021-08-12 04:01:54'),
(243, 'Hic qui.', 'hic-qui', 'Consequatur quidem illo culpa quasi expedita provident. Veritatis quis ut distinctio maxime. Iste et veniam et eaque id.', 49.99, 14, 16, 15, '2', '2021-08-12 04:01:54', '2021-08-12 04:01:54'),
(244, 'Dolore eveniet.', 'dolore-eveniet', 'Praesentium ut rerum officiis odio. Quisquam consequatur repudiandae amet aut explicabo. In autem assumenda ipsum est cumque. Recusandae ut possimus et molestiae totam distinctio quo.', 99.99, 9, 10, 15, '2', '2021-08-12 04:01:54', '2021-08-12 04:01:54'),
(245, 'Et optio facilis.', 'et-optio-facilis', 'Sit eum a natus voluptatem ipsum. Et vitae possimus eum nobis. Beatae sequi voluptatum temporibus vero. Facilis qui cum in.', 49.99, 9, 10, 15, '2', '2021-08-12 04:01:54', '2021-08-12 04:01:54'),
(246, 'Ut esse.', 'ut-esse', 'Eligendi molestiae quo ea ut qui velit. Voluptatem in qui maiores quasi voluptate. Ut et est quia voluptatem illum recusandae.', 19.99, 8, 9, 15, '2', '2021-08-12 04:01:54', '2021-08-12 04:01:54'),
(247, 'Minus minus.', 'minus-minus', 'Fugiat sint aspernatur reiciendis quas minus voluptatem. Repellendus qui sunt in ut ut voluptas vel. Rerum minus in placeat molestiae molestiae. Autem quia nihil autem.', 99.99, 6, 5, 15, '2', '2021-08-12 04:01:54', '2021-08-12 04:01:54'),
(248, 'Tempore laboriosam qui.', 'tempore-laboriosam-qui', 'Molestiae et et est. Sunt aut corrupti officia ad nostrum iure. Aperiam sequi est nobis deserunt quia non.', 19.99, 9, 10, 15, '2', '2021-08-12 04:01:54', '2021-08-12 04:01:54'),
(249, 'Qui earum laboriosam.', 'qui-earum-laboriosam', 'Atque cum quis modi ad fugiat. Culpa iusto consequatur in provident harum. Et praesentium laboriosam corrupti omnis quasi voluptas explicabo et. Qui quas culpa eligendi enim maxime et molestiae.', 49.99, 11, 14, 15, '2', '2021-08-12 04:01:54', '2021-08-12 04:01:54'),
(250, 'Quia neque fuga.', 'quia-neque-fuga', 'Et architecto est quod omnis dolores. Nam id ipsum libero ratione. Accusantium consequatur maxime et quis sed harum rerum minima.', 49.99, 9, 10, 15, '2', '2021-08-12 04:01:54', '2021-08-12 04:01:54');

-- --------------------------------------------------------

--
-- Estructura de tabla para la tabla `roles`
--

DROP TABLE IF EXISTS `roles`;
CREATE TABLE IF NOT EXISTS `roles` (
  `id` bigint(20) UNSIGNED NOT NULL AUTO_INCREMENT,
  `name` varchar(191) COLLATE utf8_unicode_ci NOT NULL,
  `guard_name` varchar(191) COLLATE utf8_unicode_ci NOT NULL,
  `created_at` timestamp NULL DEFAULT NULL,
  `updated_at` timestamp NULL DEFAULT NULL,
  PRIMARY KEY (`id`),
  UNIQUE KEY `roles_name_guard_name_unique` (`name`,`guard_name`)
) ENGINE=InnoDB AUTO_INCREMENT=2 DEFAULT CHARSET=utf8 COLLATE=utf8_unicode_ci;

--
-- Volcado de datos para la tabla `roles`
--

INSERT INTO `roles` (`id`, `name`, `guard_name`, `created_at`, `updated_at`) VALUES
(1, 'admin', 'web', '2021-08-12 04:01:37', '2021-08-12 04:01:37');

-- --------------------------------------------------------

--
-- Estructura de tabla para la tabla `role_has_permissions`
--

DROP TABLE IF EXISTS `role_has_permissions`;
CREATE TABLE IF NOT EXISTS `role_has_permissions` (
  `permission_id` bigint(20) UNSIGNED NOT NULL,
  `role_id` bigint(20) UNSIGNED NOT NULL,
  PRIMARY KEY (`permission_id`,`role_id`),
  KEY `role_has_permissions_role_id_foreign` (`role_id`)
) ENGINE=InnoDB DEFAULT CHARSET=utf8 COLLATE=utf8_unicode_ci;

-- --------------------------------------------------------

--
-- Estructura de tabla para la tabla `sessions`
--

DROP TABLE IF EXISTS `sessions`;
CREATE TABLE IF NOT EXISTS `sessions` (
  `id` varchar(191) COLLATE utf8_unicode_ci NOT NULL,
  `user_id` bigint(20) UNSIGNED DEFAULT NULL,
  `ip_address` varchar(45) COLLATE utf8_unicode_ci DEFAULT NULL,
  `user_agent` text COLLATE utf8_unicode_ci DEFAULT NULL,
  `payload` text COLLATE utf8_unicode_ci NOT NULL,
  `last_activity` int(11) NOT NULL,
  PRIMARY KEY (`id`),
  KEY `sessions_user_id_index` (`user_id`),
  KEY `sessions_last_activity_index` (`last_activity`)
) ENGINE=InnoDB DEFAULT CHARSET=utf8 COLLATE=utf8_unicode_ci;

--
-- Volcado de datos para la tabla `sessions`
--

INSERT INTO `sessions` (`id`, `user_id`, `ip_address`, `user_agent`, `payload`, `last_activity`) VALUES
('7nfChktEfYKTAZ9cpQ80uiuz8QeMEdMjl913ZMXw', 102, '::1', 'Mozilla/5.0 (Windows NT 10.0; Win64; x64) AppleWebKit/537.36 (KHTML, like Gecko) Chrome/92.0.4515.131 Safari/537.36', 'YTo2OntzOjY6Il90b2tlbiI7czo0MDoiQVk2cUJLMWJTdnNMaURSYjF2UWRMWTJhclJHY3dySm9xY0lpRmg1UCI7czo5OiJfcHJldmlvdXMiO2E6MTp7czozOiJ1cmwiO3M6MzA6Imh0dHA6Ly9lY29tbWVyY2UudGVzdC9vcmRlcnMvNCI7fXM6NjoiX2ZsYXNoIjthOjI6e3M6Mzoib2xkIjthOjA6e31zOjM6Im5ldyI7YTowOnt9fXM6NTA6ImxvZ2luX3dlYl81OWJhMzZhZGRjMmIyZjk0MDE1ODBmMDE0YzdmNThlYTRlMzA5ODlkIjtpOjEwMjtzOjE3OiJwYXNzd29yZF9oYXNoX3dlYiI7czo2MDoiJDJ5JDEwJHpyUG5QZTBWWFB4UG1iTEtiVnZIRC5iMXRWWFM3cmY4cUxFL3hlZGNVRkdSSC5mQm1zUWIuIjtzOjQ6ImNhcnQiO2E6MDp7fX0=', 1628881207),
('lMmz3BPawRIfiIkqUOQ1s6i4ll0nAqKZscT799up', 1, '::1', 'Mozilla/5.0 (Windows NT 10.0; Win64; x64) AppleWebKit/537.36 (KHTML, like Gecko) Chrome/92.0.4515.131 Safari/537.36', 'YTo2OntzOjY6Il90b2tlbiI7czo0MDoic3RXN0lIQU9YQnQxVFNwT09yZnh5amEwZGxaTlZSNVpWRFZYSzNjYiI7czo5OiJfcHJldmlvdXMiO2E6MTp7czozOiJ1cmwiO3M6MzY6Imh0dHA6Ly9lY29tbWVyY2UudGVzdC9hZG1pbi9vcmRlcnMvNCI7fXM6NjoiX2ZsYXNoIjthOjI6e3M6Mzoib2xkIjthOjA6e31zOjM6Im5ldyI7YTowOnt9fXM6NTA6ImxvZ2luX3dlYl81OWJhMzZhZGRjMmIyZjk0MDE1ODBmMDE0YzdmNThlYTRlMzA5ODlkIjtpOjE7czoxNzoicGFzc3dvcmRfaGFzaF93ZWIiO3M6NjA6IiQyeSQxMCRFa3FEV0ovcUpNWld6NjVFZ0lFT0guTDQ5WHl6LngyTnRpdzdWNE9qdE9ncngzSHouc1RVaSI7czo1OiJmbGFzaCI7YTowOnt9fQ==', 1628881187);

-- --------------------------------------------------------

--
-- Estructura de tabla para la tabla `shoppingcart`
--

DROP TABLE IF EXISTS `shoppingcart`;
CREATE TABLE IF NOT EXISTS `shoppingcart` (
  `identifier` varchar(191) COLLATE utf8_unicode_ci NOT NULL,
  `instance` varchar(191) COLLATE utf8_unicode_ci NOT NULL,
  `content` longtext COLLATE utf8_unicode_ci NOT NULL,
  `created_at` timestamp NULL DEFAULT NULL,
  `updated_at` timestamp NULL DEFAULT NULL,
  PRIMARY KEY (`identifier`,`instance`)
) ENGINE=InnoDB DEFAULT CHARSET=utf8 COLLATE=utf8_unicode_ci;

--
-- Volcado de datos para la tabla `shoppingcart`
--

INSERT INTO `shoppingcart` (`identifier`, `instance`, `content`, `created_at`, `updated_at`) VALUES
('1', 'default', 'O:29:\"Illuminate\\Support\\Collection\":1:{s:8:\"\0*\0items\";a:0:{}}', '2021-08-13 04:25:13', '2021-08-13 04:25:13'),
('102', 'default', 'O:29:\"Illuminate\\Support\\Collection\":1:{s:8:\"\0*\0items\";a:0:{}}', '2021-08-13 04:27:32', '2021-08-13 04:27:32');

-- --------------------------------------------------------

--
-- Estructura de tabla para la tabla `sizes`
--

DROP TABLE IF EXISTS `sizes`;
CREATE TABLE IF NOT EXISTS `sizes` (
  `id` bigint(20) UNSIGNED NOT NULL AUTO_INCREMENT,
  `name` varchar(191) COLLATE utf8_unicode_ci NOT NULL,
  `product_id` bigint(20) UNSIGNED NOT NULL,
  `created_at` timestamp NULL DEFAULT NULL,
  `updated_at` timestamp NULL DEFAULT NULL,
  PRIMARY KEY (`id`),
  KEY `sizes_product_id_foreign` (`product_id`)
) ENGINE=InnoDB AUTO_INCREMENT=79 DEFAULT CHARSET=utf8 COLLATE=utf8_unicode_ci;

--
-- Volcado de datos para la tabla `sizes`
--

INSERT INTO `sizes` (`id`, `name`, `product_id`, `created_at`, `updated_at`) VALUES
(1, 'Talla S', 2, '2021-08-12 04:39:21', '2021-08-12 04:39:21'),
(2, 'Talla M', 2, '2021-08-12 04:39:21', '2021-08-12 04:39:21'),
(3, 'Talla L', 2, '2021-08-12 04:39:21', '2021-08-12 04:39:21'),
(4, 'Talla S', 5, '2021-08-12 04:39:21', '2021-08-12 04:39:21'),
(5, 'Talla M', 5, '2021-08-12 04:39:21', '2021-08-12 04:39:21'),
(6, 'Talla L', 5, '2021-08-12 04:39:21', '2021-08-12 04:39:21'),
(7, 'Talla S', 16, '2021-08-12 04:39:21', '2021-08-12 04:39:21'),
(8, 'Talla M', 16, '2021-08-12 04:39:21', '2021-08-12 04:39:21'),
(9, 'Talla L', 16, '2021-08-12 04:39:21', '2021-08-12 04:39:21'),
(10, 'Talla S', 19, '2021-08-12 04:39:21', '2021-08-12 04:39:21'),
(11, 'Talla M', 19, '2021-08-12 04:39:21', '2021-08-12 04:39:21'),
(12, 'Talla L', 19, '2021-08-12 04:39:21', '2021-08-12 04:39:21'),
(13, 'Talla S', 49, '2021-08-12 04:39:21', '2021-08-12 04:39:21'),
(14, 'Talla M', 49, '2021-08-12 04:39:21', '2021-08-12 04:39:21'),
(15, 'Talla L', 49, '2021-08-12 04:39:21', '2021-08-12 04:39:21'),
(16, 'Talla S', 50, '2021-08-12 04:39:21', '2021-08-12 04:39:21'),
(17, 'Talla M', 50, '2021-08-12 04:39:21', '2021-08-12 04:39:21'),
(18, 'Talla L', 50, '2021-08-12 04:39:21', '2021-08-12 04:39:21'),
(19, 'Talla S', 66, '2021-08-12 04:39:21', '2021-08-12 04:39:21'),
(20, 'Talla M', 66, '2021-08-12 04:39:21', '2021-08-12 04:39:21'),
(21, 'Talla L', 66, '2021-08-12 04:39:21', '2021-08-12 04:39:21'),
(22, 'Talla S', 76, '2021-08-12 04:39:21', '2021-08-12 04:39:21'),
(23, 'Talla M', 76, '2021-08-12 04:39:21', '2021-08-12 04:39:21'),
(24, 'Talla L', 76, '2021-08-12 04:39:21', '2021-08-12 04:39:21'),
(25, 'Talla S', 154, '2021-08-12 04:39:21', '2021-08-12 04:39:21'),
(26, 'Talla M', 154, '2021-08-12 04:39:21', '2021-08-12 04:39:21'),
(27, 'Talla L', 154, '2021-08-12 04:39:21', '2021-08-12 04:39:21'),
(28, 'Talla S', 168, '2021-08-12 04:39:21', '2021-08-12 04:39:21'),
(29, 'Talla M', 168, '2021-08-12 04:39:21', '2021-08-12 04:39:21'),
(30, 'Talla L', 168, '2021-08-12 04:39:21', '2021-08-12 04:39:21'),
(31, 'Talla S', 199, '2021-08-12 04:39:21', '2021-08-12 04:39:21'),
(32, 'Talla M', 199, '2021-08-12 04:39:21', '2021-08-12 04:39:21'),
(33, 'Talla L', 199, '2021-08-12 04:39:21', '2021-08-12 04:39:21'),
(34, 'Talla S', 212, '2021-08-12 04:39:21', '2021-08-12 04:39:21'),
(35, 'Talla M', 212, '2021-08-12 04:39:21', '2021-08-12 04:39:21'),
(36, 'Talla L', 212, '2021-08-12 04:39:21', '2021-08-12 04:39:21'),
(37, 'Talla S', 213, '2021-08-12 04:39:21', '2021-08-12 04:39:21'),
(38, 'Talla M', 213, '2021-08-12 04:39:21', '2021-08-12 04:39:21'),
(39, 'Talla L', 213, '2021-08-12 04:39:21', '2021-08-12 04:39:21'),
(40, 'Talla S', 229, '2021-08-12 04:39:21', '2021-08-12 04:39:21'),
(41, 'Talla M', 229, '2021-08-12 04:39:21', '2021-08-12 04:39:21'),
(42, 'Talla L', 229, '2021-08-12 04:39:21', '2021-08-12 04:39:21'),
(43, 'Talla S', 234, '2021-08-12 04:39:21', '2021-08-12 04:39:21'),
(44, 'Talla M', 234, '2021-08-12 04:39:21', '2021-08-12 04:39:21'),
(45, 'Talla L', 234, '2021-08-12 04:39:21', '2021-08-12 04:39:21'),
(46, 'Talla S', 52, '2021-08-12 04:39:21', '2021-08-12 04:39:21'),
(47, 'Talla M', 52, '2021-08-12 04:39:21', '2021-08-12 04:39:21'),
(48, 'Talla L', 52, '2021-08-12 04:39:21', '2021-08-12 04:39:21'),
(49, 'Talla S', 81, '2021-08-12 04:39:21', '2021-08-12 04:39:21'),
(50, 'Talla M', 81, '2021-08-12 04:39:21', '2021-08-12 04:39:21'),
(51, 'Talla L', 81, '2021-08-12 04:39:21', '2021-08-12 04:39:21'),
(52, 'Talla S', 109, '2021-08-12 04:39:21', '2021-08-12 04:39:21'),
(53, 'Talla M', 109, '2021-08-12 04:39:21', '2021-08-12 04:39:21'),
(54, 'Talla L', 109, '2021-08-12 04:39:21', '2021-08-12 04:39:21'),
(55, 'Talla S', 111, '2021-08-12 04:39:21', '2021-08-12 04:39:21'),
(56, 'Talla M', 111, '2021-08-12 04:39:21', '2021-08-12 04:39:21'),
(57, 'Talla L', 111, '2021-08-12 04:39:21', '2021-08-12 04:39:21'),
(58, 'Talla S', 114, '2021-08-12 04:39:21', '2021-08-12 04:39:21'),
(59, 'Talla M', 114, '2021-08-12 04:39:21', '2021-08-12 04:39:21'),
(60, 'Talla L', 114, '2021-08-12 04:39:21', '2021-08-12 04:39:21'),
(61, 'Talla S', 131, '2021-08-12 04:39:21', '2021-08-12 04:39:21'),
(62, 'Talla M', 131, '2021-08-12 04:39:21', '2021-08-12 04:39:21'),
(63, 'Talla L', 131, '2021-08-12 04:39:21', '2021-08-12 04:39:21'),
(64, 'Talla S', 174, '2021-08-12 04:39:21', '2021-08-12 04:39:21'),
(65, 'Talla M', 174, '2021-08-12 04:39:21', '2021-08-12 04:39:21'),
(66, 'Talla L', 174, '2021-08-12 04:39:21', '2021-08-12 04:39:21'),
(67, 'Talla S', 175, '2021-08-12 04:39:21', '2021-08-12 04:39:21'),
(68, 'Talla M', 175, '2021-08-12 04:39:21', '2021-08-12 04:39:21'),
(69, 'Talla L', 175, '2021-08-12 04:39:21', '2021-08-12 04:39:21'),
(70, 'Talla S', 202, '2021-08-12 04:39:21', '2021-08-12 04:39:21'),
(71, 'Talla M', 202, '2021-08-12 04:39:21', '2021-08-12 04:39:21'),
(72, 'Talla L', 202, '2021-08-12 04:39:21', '2021-08-12 04:39:21'),
(73, 'Talla S', 214, '2021-08-12 04:39:21', '2021-08-12 04:39:21'),
(74, 'Talla M', 214, '2021-08-12 04:39:21', '2021-08-12 04:39:21'),
(75, 'Talla L', 214, '2021-08-12 04:39:21', '2021-08-12 04:39:21'),
(76, 'Talla S', 220, '2021-08-12 04:39:21', '2021-08-12 04:39:21'),
(77, 'Talla M', 220, '2021-08-12 04:39:21', '2021-08-12 04:39:21'),
(78, 'Talla L', 220, '2021-08-12 04:39:21', '2021-08-12 04:39:21');

-- --------------------------------------------------------

--
-- Estructura de tabla para la tabla `subcategories`
--

DROP TABLE IF EXISTS `subcategories`;
CREATE TABLE IF NOT EXISTS `subcategories` (
  `id` bigint(20) UNSIGNED NOT NULL AUTO_INCREMENT,
  `name` varchar(191) COLLATE utf8_unicode_ci NOT NULL,
  `slug` varchar(191) COLLATE utf8_unicode_ci NOT NULL,
  `color` tinyint(1) NOT NULL DEFAULT 0,
  `size` tinyint(1) NOT NULL DEFAULT 0,
  `category_id` bigint(20) UNSIGNED NOT NULL,
  `created_at` timestamp NULL DEFAULT NULL,
  `updated_at` timestamp NULL DEFAULT NULL,
  PRIMARY KEY (`id`),
  KEY `subcategories_category_id_foreign` (`category_id`)
) ENGINE=InnoDB AUTO_INCREMENT=19 DEFAULT CHARSET=utf8 COLLATE=utf8_unicode_ci;

--
-- Volcado de datos para la tabla `subcategories`
--

INSERT INTO `subcategories` (`id`, `name`, `slug`, `color`, `size`, `category_id`, `created_at`, `updated_at`) VALUES
(1, 'Celulares y smartphones', 'celulares-y-smartphones', 1, 0, 1, '2021-08-12 04:01:52', '2021-08-12 04:01:52'),
(2, 'Accesorios para celulares', 'accesorios-para-celulares', 0, 0, 1, '2021-08-12 04:01:52', '2021-08-12 04:01:52'),
(3, 'Smartwatches', 'smartwatches', 0, 0, 1, '2021-08-12 04:01:52', '2021-08-12 04:01:52'),
(4, 'TV y audio', 'tv-y-audio', 0, 0, 2, '2021-08-12 04:01:52', '2021-08-12 04:01:52'),
(5, 'Audios', 'audios', 0, 0, 2, '2021-08-12 04:01:52', '2021-08-12 04:01:52'),
(6, 'Audio para autos', 'audio-para-autos', 0, 0, 2, '2021-08-12 04:01:52', '2021-08-12 04:01:52'),
(7, 'Xbox', 'xbos', 0, 0, 3, '2021-08-12 04:01:52', '2021-08-12 04:01:52'),
(8, 'Play Station', 'play-station', 0, 0, 3, '2021-08-12 04:01:52', '2021-08-12 04:01:52'),
(9, 'Videojuegos para PC', 'videojuegos-para-pc', 0, 0, 3, '2021-08-12 04:01:52', '2021-08-12 04:01:52'),
(10, 'Nintendo', 'nintendo', 0, 0, 3, '2021-08-12 04:01:52', '2021-08-12 04:01:52'),
(11, 'Port谩tiles', 'portatiles', 0, 0, 4, '2021-08-12 04:01:52', '2021-08-12 04:01:52'),
(12, 'PC escritorio', 'pc-escritorio', 0, 0, 4, '2021-08-12 04:01:52', '2021-08-12 04:01:52'),
(13, 'Almacenamiento', 'almacenamiento', 0, 0, 4, '2021-08-12 04:01:52', '2021-08-12 04:01:52'),
(14, 'Accesorios computadoras', 'accesorios-computadoras', 0, 0, 4, '2021-08-12 04:01:52', '2021-08-12 04:01:52'),
(15, 'Mujeres', 'mujeres', 1, 1, 5, '2021-08-12 04:01:52', '2021-08-12 04:01:52'),
(16, 'Hombres', 'hombres', 1, 1, 5, '2021-08-12 04:01:52', '2021-08-12 04:01:52'),
(17, 'Lentes', 'lentes', 0, 0, 5, '2021-08-12 04:01:52', '2021-08-12 04:01:52'),
(18, 'Relojes', 'relojes', 0, 0, 5, '2021-08-12 04:01:52', '2021-08-12 04:01:52');

-- --------------------------------------------------------

--
-- Estructura de tabla para la tabla `users`
--

DROP TABLE IF EXISTS `users`;
CREATE TABLE IF NOT EXISTS `users` (
  `id` bigint(20) UNSIGNED NOT NULL AUTO_INCREMENT,
  `name` varchar(191) COLLATE utf8_unicode_ci NOT NULL,
  `email` varchar(191) COLLATE utf8_unicode_ci NOT NULL,
  `email_verified_at` timestamp NULL DEFAULT NULL,
  `password` varchar(191) COLLATE utf8_unicode_ci NOT NULL,
  `two_factor_secret` text COLLATE utf8_unicode_ci DEFAULT NULL,
  `two_factor_recovery_codes` text COLLATE utf8_unicode_ci DEFAULT NULL,
  `remember_token` varchar(100) COLLATE utf8_unicode_ci DEFAULT NULL,
  `current_team_id` bigint(20) UNSIGNED DEFAULT NULL,
  `profile_photo_path` text COLLATE utf8_unicode_ci DEFAULT NULL,
  `created_at` timestamp NULL DEFAULT NULL,
  `updated_at` timestamp NULL DEFAULT NULL,
  PRIMARY KEY (`id`),
  UNIQUE KEY `users_email_unique` (`email`)
) ENGINE=InnoDB AUTO_INCREMENT=103 DEFAULT CHARSET=utf8 COLLATE=utf8_unicode_ci;

--
-- Volcado de datos para la tabla `users`
--

INSERT INTO `users` (`id`, `name`, `email`, `email_verified_at`, `password`, `two_factor_secret`, `two_factor_recovery_codes`, `remember_token`, `current_team_id`, `profile_photo_path`, `created_at`, `updated_at`) VALUES
(1, 'Victor Arana Flores', 'victor@codersfree.com', NULL, '$2y$10$EkqDWJ/qJMZWz65EgIEOH.L49Xyz.x2Ntiw7V4OjtOgrx3Hz.sTUi', NULL, NULL, 'FECv8u2UJmI8P9SjqMFgrP5iugoCEtIc3QB9232UnaDtmc8DCfYwy6AzAObr', NULL, NULL, '2021-08-12 04:01:38', '2021-08-12 04:01:38'),
(2, 'Gianni Pouros', 'courtney44@example.net', '2021-08-12 04:01:38', '$2y$10$92IXUNpkjO0rOQ5byMi.Ye4oKoEa3Ro9llC/.og/at2.uheWG/igi', NULL, NULL, 'lXG5dvpndQ', NULL, NULL, '2021-08-12 04:01:38', '2021-08-12 04:01:38'),
(3, 'Ms. Lexie Lind', 'earnest.barrows@example.com', '2021-08-12 04:01:38', '$2y$10$92IXUNpkjO0rOQ5byMi.Ye4oKoEa3Ro9llC/.og/at2.uheWG/igi', NULL, NULL, 'RDdbeZFstz', NULL, NULL, '2021-08-12 04:01:38', '2021-08-12 04:01:38'),
(4, 'Dr. Bertha Kirlin PhD', 'bahringer.river@example.com', '2021-08-12 04:01:38', '$2y$10$92IXUNpkjO0rOQ5byMi.Ye4oKoEa3Ro9llC/.og/at2.uheWG/igi', NULL, NULL, 'RBhk1IFGBo', NULL, NULL, '2021-08-12 04:01:38', '2021-08-12 04:01:38'),
(5, 'Mr. Edmond Crist II', 'kaylin.purdy@example.com', '2021-08-12 04:01:38', '$2y$10$92IXUNpkjO0rOQ5byMi.Ye4oKoEa3Ro9llC/.og/at2.uheWG/igi', NULL, NULL, 'FRdpSbVaJ2', NULL, NULL, '2021-08-12 04:01:38', '2021-08-12 04:01:38'),
(6, 'Mr. Andy Mraz Jr.', 'erich.hammes@example.com', '2021-08-12 04:01:38', '$2y$10$92IXUNpkjO0rOQ5byMi.Ye4oKoEa3Ro9llC/.og/at2.uheWG/igi', NULL, NULL, 'oejbw6mwbd', NULL, NULL, '2021-08-12 04:01:38', '2021-08-12 04:01:38'),
(7, 'Jaime Jones', 'jamal62@example.org', '2021-08-12 04:01:38', '$2y$10$92IXUNpkjO0rOQ5byMi.Ye4oKoEa3Ro9llC/.og/at2.uheWG/igi', NULL, NULL, 'aj2TSj0RKn', NULL, NULL, '2021-08-12 04:01:38', '2021-08-12 04:01:38'),
(8, 'Dr. Leon Gerhold', 'rene.boyle@example.com', '2021-08-12 04:01:38', '$2y$10$92IXUNpkjO0rOQ5byMi.Ye4oKoEa3Ro9llC/.og/at2.uheWG/igi', NULL, NULL, 'MAKGhbBr9j', NULL, NULL, '2021-08-12 04:01:38', '2021-08-12 04:01:38'),
(9, 'Rodrigo Ondricka MD', 'ryan.abigale@example.org', '2021-08-12 04:01:38', '$2y$10$92IXUNpkjO0rOQ5byMi.Ye4oKoEa3Ro9llC/.og/at2.uheWG/igi', NULL, NULL, 'AJBZKhu9E1', NULL, NULL, '2021-08-12 04:01:38', '2021-08-12 04:01:38'),
(10, 'Shaniya Hartmann', 'collier.isac@example.net', '2021-08-12 04:01:38', '$2y$10$92IXUNpkjO0rOQ5byMi.Ye4oKoEa3Ro9llC/.og/at2.uheWG/igi', NULL, NULL, 'KPstp9tFHS', NULL, NULL, '2021-08-12 04:01:38', '2021-08-12 04:01:38'),
(11, 'Alfonso Keebler', 'willa.nolan@example.org', '2021-08-12 04:01:38', '$2y$10$92IXUNpkjO0rOQ5byMi.Ye4oKoEa3Ro9llC/.og/at2.uheWG/igi', NULL, NULL, 'wsulgeMkWU', NULL, NULL, '2021-08-12 04:01:38', '2021-08-12 04:01:38'),
(12, 'Harrison Miller', 'bryon15@example.com', '2021-08-12 04:01:38', '$2y$10$92IXUNpkjO0rOQ5byMi.Ye4oKoEa3Ro9llC/.og/at2.uheWG/igi', NULL, NULL, 'xmcmoxhA1f', NULL, NULL, '2021-08-12 04:01:38', '2021-08-12 04:01:38'),
(13, 'Roy Auer DDS', 'adams.aletha@example.net', '2021-08-12 04:01:38', '$2y$10$92IXUNpkjO0rOQ5byMi.Ye4oKoEa3Ro9llC/.og/at2.uheWG/igi', NULL, NULL, 'u300f3cjSh', NULL, NULL, '2021-08-12 04:01:38', '2021-08-12 04:01:38'),
(14, 'Kaela Flatley', 'shanahan.jarret@example.com', '2021-08-12 04:01:38', '$2y$10$92IXUNpkjO0rOQ5byMi.Ye4oKoEa3Ro9llC/.og/at2.uheWG/igi', NULL, NULL, 'HPyxCjCcyH', NULL, NULL, '2021-08-12 04:01:38', '2021-08-12 04:01:38'),
(15, 'Ross Buckridge', 'rosa90@example.com', '2021-08-12 04:01:38', '$2y$10$92IXUNpkjO0rOQ5byMi.Ye4oKoEa3Ro9llC/.og/at2.uheWG/igi', NULL, NULL, '7JYI9yhWVk', NULL, NULL, '2021-08-12 04:01:38', '2021-08-12 04:01:38'),
(16, 'Ms. Ara Kihn Jr.', 'emelie.ebert@example.org', '2021-08-12 04:01:38', '$2y$10$92IXUNpkjO0rOQ5byMi.Ye4oKoEa3Ro9llC/.og/at2.uheWG/igi', NULL, NULL, 'S5A8nXwVct', NULL, NULL, '2021-08-12 04:01:38', '2021-08-12 04:01:38'),
(17, 'Ryley Rempel', 'gberge@example.com', '2021-08-12 04:01:38', '$2y$10$92IXUNpkjO0rOQ5byMi.Ye4oKoEa3Ro9llC/.og/at2.uheWG/igi', NULL, NULL, 'vSB3QmG6f2', NULL, NULL, '2021-08-12 04:01:38', '2021-08-12 04:01:38'),
(18, 'Haylie Kutch', 'maryjane.denesik@example.com', '2021-08-12 04:01:38', '$2y$10$92IXUNpkjO0rOQ5byMi.Ye4oKoEa3Ro9llC/.og/at2.uheWG/igi', NULL, NULL, '5GSg3EeKtK', NULL, NULL, '2021-08-12 04:01:38', '2021-08-12 04:01:38'),
(19, 'Emilie Schmitt', 'skiles.jarvis@example.com', '2021-08-12 04:01:38', '$2y$10$92IXUNpkjO0rOQ5byMi.Ye4oKoEa3Ro9llC/.og/at2.uheWG/igi', NULL, NULL, 'IFhNM2tYBm', NULL, NULL, '2021-08-12 04:01:38', '2021-08-12 04:01:38'),
(20, 'Genevieve Dooley', 'talon.brekke@example.net', '2021-08-12 04:01:38', '$2y$10$92IXUNpkjO0rOQ5byMi.Ye4oKoEa3Ro9llC/.og/at2.uheWG/igi', NULL, NULL, 'uw286FR02k', NULL, NULL, '2021-08-12 04:01:38', '2021-08-12 04:01:38'),
(21, 'Penelope Haley', 'kristina50@example.net', '2021-08-12 04:01:38', '$2y$10$92IXUNpkjO0rOQ5byMi.Ye4oKoEa3Ro9llC/.og/at2.uheWG/igi', NULL, NULL, '9uOzvUTR4s', NULL, NULL, '2021-08-12 04:01:38', '2021-08-12 04:01:38'),
(22, 'Meda Mertz', 'nheaney@example.org', '2021-08-12 04:01:38', '$2y$10$92IXUNpkjO0rOQ5byMi.Ye4oKoEa3Ro9llC/.og/at2.uheWG/igi', NULL, NULL, 'R89Na3J6LI', NULL, NULL, '2021-08-12 04:01:38', '2021-08-12 04:01:38'),
(23, 'Mr. Curtis Doyle II', 'wschaefer@example.org', '2021-08-12 04:01:38', '$2y$10$92IXUNpkjO0rOQ5byMi.Ye4oKoEa3Ro9llC/.og/at2.uheWG/igi', NULL, NULL, 'aBUOCJmbmE', NULL, NULL, '2021-08-12 04:01:38', '2021-08-12 04:01:38'),
(24, 'Grover Murphy', 'julius.gutkowski@example.com', '2021-08-12 04:01:38', '$2y$10$92IXUNpkjO0rOQ5byMi.Ye4oKoEa3Ro9llC/.og/at2.uheWG/igi', NULL, NULL, 'osNoaxiQJl', NULL, NULL, '2021-08-12 04:01:38', '2021-08-12 04:01:38'),
(25, 'Kirk Wolff', 'devyn57@example.net', '2021-08-12 04:01:38', '$2y$10$92IXUNpkjO0rOQ5byMi.Ye4oKoEa3Ro9llC/.og/at2.uheWG/igi', NULL, NULL, 'ebdvGIaX0a', NULL, NULL, '2021-08-12 04:01:38', '2021-08-12 04:01:38'),
(26, 'Aubrey McKenzie', 'seth.carroll@example.org', '2021-08-12 04:01:38', '$2y$10$92IXUNpkjO0rOQ5byMi.Ye4oKoEa3Ro9llC/.og/at2.uheWG/igi', NULL, NULL, 'qdqGc8X3vP', NULL, NULL, '2021-08-12 04:01:38', '2021-08-12 04:01:38'),
(27, 'Damaris Luettgen', 'botsford.haskell@example.net', '2021-08-12 04:01:38', '$2y$10$92IXUNpkjO0rOQ5byMi.Ye4oKoEa3Ro9llC/.og/at2.uheWG/igi', NULL, NULL, 'hrUi18Tbrk', NULL, NULL, '2021-08-12 04:01:38', '2021-08-12 04:01:38'),
(28, 'Carlotta Lowe DVM', 'mcclure.timmothy@example.com', '2021-08-12 04:01:38', '$2y$10$92IXUNpkjO0rOQ5byMi.Ye4oKoEa3Ro9llC/.og/at2.uheWG/igi', NULL, NULL, 'yoS8qPgff9', NULL, NULL, '2021-08-12 04:01:38', '2021-08-12 04:01:38'),
(29, 'Irma Leuschke', 'beer.emilia@example.org', '2021-08-12 04:01:38', '$2y$10$92IXUNpkjO0rOQ5byMi.Ye4oKoEa3Ro9llC/.og/at2.uheWG/igi', NULL, NULL, 'pB0J9ZeIvv', NULL, NULL, '2021-08-12 04:01:38', '2021-08-12 04:01:38'),
(30, 'Pierce Green', 'pboyle@example.com', '2021-08-12 04:01:38', '$2y$10$92IXUNpkjO0rOQ5byMi.Ye4oKoEa3Ro9llC/.og/at2.uheWG/igi', NULL, NULL, 'FKEB5A4BLJ', NULL, NULL, '2021-08-12 04:01:38', '2021-08-12 04:01:38'),
(31, 'Mrs. Kaitlin Rau', 'ukeeling@example.net', '2021-08-12 04:01:38', '$2y$10$92IXUNpkjO0rOQ5byMi.Ye4oKoEa3Ro9llC/.og/at2.uheWG/igi', NULL, NULL, '2JmDkZdNTl', NULL, NULL, '2021-08-12 04:01:38', '2021-08-12 04:01:38'),
(32, 'Prof. Wilford Runolfsdottir MD', 'donnie85@example.net', '2021-08-12 04:01:38', '$2y$10$92IXUNpkjO0rOQ5byMi.Ye4oKoEa3Ro9llC/.og/at2.uheWG/igi', NULL, NULL, '7GDKpGY7dJ', NULL, NULL, '2021-08-12 04:01:38', '2021-08-12 04:01:38'),
(33, 'Ms. Penelope Jerde', 'kobe57@example.org', '2021-08-12 04:01:38', '$2y$10$92IXUNpkjO0rOQ5byMi.Ye4oKoEa3Ro9llC/.og/at2.uheWG/igi', NULL, NULL, '51Kqt5Zxo6', NULL, NULL, '2021-08-12 04:01:38', '2021-08-12 04:01:38'),
(34, 'Isai Senger Sr.', 'zula.marvin@example.org', '2021-08-12 04:01:38', '$2y$10$92IXUNpkjO0rOQ5byMi.Ye4oKoEa3Ro9llC/.og/at2.uheWG/igi', NULL, NULL, 'EwLoFq2MDu', NULL, NULL, '2021-08-12 04:01:38', '2021-08-12 04:01:38'),
(35, 'Marcelina Douglas', 'hettie55@example.com', '2021-08-12 04:01:38', '$2y$10$92IXUNpkjO0rOQ5byMi.Ye4oKoEa3Ro9llC/.og/at2.uheWG/igi', NULL, NULL, 'lOBT9QDJKj', NULL, NULL, '2021-08-12 04:01:38', '2021-08-12 04:01:38'),
(36, 'Sheridan Yost', 'ybernier@example.org', '2021-08-12 04:01:38', '$2y$10$92IXUNpkjO0rOQ5byMi.Ye4oKoEa3Ro9llC/.og/at2.uheWG/igi', NULL, NULL, 'Y5Uqp5GsM2', NULL, NULL, '2021-08-12 04:01:38', '2021-08-12 04:01:38'),
(37, 'Carlotta Trantow', 'mthiel@example.org', '2021-08-12 04:01:38', '$2y$10$92IXUNpkjO0rOQ5byMi.Ye4oKoEa3Ro9llC/.og/at2.uheWG/igi', NULL, NULL, 'MYPybShVIt', NULL, NULL, '2021-08-12 04:01:38', '2021-08-12 04:01:38'),
(38, 'Dallas McCullough', 'williamson.cloyd@example.org', '2021-08-12 04:01:38', '$2y$10$92IXUNpkjO0rOQ5byMi.Ye4oKoEa3Ro9llC/.og/at2.uheWG/igi', NULL, NULL, 'AmwjLQgSBK', NULL, NULL, '2021-08-12 04:01:38', '2021-08-12 04:01:38'),
(39, 'Annette Pfannerstill', 'kessler.albin@example.com', '2021-08-12 04:01:38', '$2y$10$92IXUNpkjO0rOQ5byMi.Ye4oKoEa3Ro9llC/.og/at2.uheWG/igi', NULL, NULL, 'V8RxkKnxx1', NULL, NULL, '2021-08-12 04:01:38', '2021-08-12 04:01:38'),
(40, 'Araceli Ortiz', 'qkoepp@example.com', '2021-08-12 04:01:38', '$2y$10$92IXUNpkjO0rOQ5byMi.Ye4oKoEa3Ro9llC/.og/at2.uheWG/igi', NULL, NULL, 'OD90pZ6iNf', NULL, NULL, '2021-08-12 04:01:38', '2021-08-12 04:01:38'),
(41, 'Hardy Kautzer', 'jbatz@example.net', '2021-08-12 04:01:38', '$2y$10$92IXUNpkjO0rOQ5byMi.Ye4oKoEa3Ro9llC/.og/at2.uheWG/igi', NULL, NULL, 'jQ8IH8qv2g', NULL, NULL, '2021-08-12 04:01:38', '2021-08-12 04:01:38'),
(42, 'Prof. Jorge Weber III', 'zjakubowski@example.net', '2021-08-12 04:01:38', '$2y$10$92IXUNpkjO0rOQ5byMi.Ye4oKoEa3Ro9llC/.og/at2.uheWG/igi', NULL, NULL, 'L4qM4MgJYR', NULL, NULL, '2021-08-12 04:01:38', '2021-08-12 04:01:38'),
(43, 'Edwina Orn', 'charles08@example.net', '2021-08-12 04:01:38', '$2y$10$92IXUNpkjO0rOQ5byMi.Ye4oKoEa3Ro9llC/.og/at2.uheWG/igi', NULL, NULL, '98HmMjDPwY', NULL, NULL, '2021-08-12 04:01:38', '2021-08-12 04:01:38'),
(44, 'Ms. Eudora Bergstrom', 'emmy.mclaughlin@example.org', '2021-08-12 04:01:38', '$2y$10$92IXUNpkjO0rOQ5byMi.Ye4oKoEa3Ro9llC/.og/at2.uheWG/igi', NULL, NULL, 'A8ghvqtUdp', NULL, NULL, '2021-08-12 04:01:38', '2021-08-12 04:01:38'),
(45, 'Miss Kenyatta Cummings', 'octavia.ferry@example.com', '2021-08-12 04:01:38', '$2y$10$92IXUNpkjO0rOQ5byMi.Ye4oKoEa3Ro9llC/.og/at2.uheWG/igi', NULL, NULL, '9vOz6pJk4n', NULL, NULL, '2021-08-12 04:01:38', '2021-08-12 04:01:38'),
(46, 'Christian Trantow III', 'gene.schuster@example.com', '2021-08-12 04:01:38', '$2y$10$92IXUNpkjO0rOQ5byMi.Ye4oKoEa3Ro9llC/.og/at2.uheWG/igi', NULL, NULL, '0leYLHHzb0', NULL, NULL, '2021-08-12 04:01:38', '2021-08-12 04:01:38'),
(47, 'Thomas Marks PhD', 'bernice.feeney@example.net', '2021-08-12 04:01:38', '$2y$10$92IXUNpkjO0rOQ5byMi.Ye4oKoEa3Ro9llC/.og/at2.uheWG/igi', NULL, NULL, 'fRbVDiVUh4', NULL, NULL, '2021-08-12 04:01:38', '2021-08-12 04:01:38'),
(48, 'Eleanore Rosenbaum MD', 'rigoberto.wuckert@example.net', '2021-08-12 04:01:38', '$2y$10$92IXUNpkjO0rOQ5byMi.Ye4oKoEa3Ro9llC/.og/at2.uheWG/igi', NULL, NULL, '76nJBI4B0g', NULL, NULL, '2021-08-12 04:01:38', '2021-08-12 04:01:38'),
(49, 'Prof. Twila Hackett', 'mbrekke@example.com', '2021-08-12 04:01:38', '$2y$10$92IXUNpkjO0rOQ5byMi.Ye4oKoEa3Ro9llC/.og/at2.uheWG/igi', NULL, NULL, 'PGjZSyp4fd', NULL, NULL, '2021-08-12 04:01:38', '2021-08-12 04:01:38'),
(50, 'Terrell Jast', 'kbergnaum@example.net', '2021-08-12 04:01:38', '$2y$10$92IXUNpkjO0rOQ5byMi.Ye4oKoEa3Ro9llC/.og/at2.uheWG/igi', NULL, NULL, 'sBRLWCD3TN', NULL, NULL, '2021-08-12 04:01:38', '2021-08-12 04:01:38'),
(51, 'Hettie Bode', 'mhuel@example.org', '2021-08-12 04:01:38', '$2y$10$92IXUNpkjO0rOQ5byMi.Ye4oKoEa3Ro9llC/.og/at2.uheWG/igi', NULL, NULL, 'tiNZnBqSmX', NULL, NULL, '2021-08-12 04:01:38', '2021-08-12 04:01:38'),
(52, 'Aurore Lockman', 'schmidt.janice@example.net', '2021-08-12 04:01:38', '$2y$10$92IXUNpkjO0rOQ5byMi.Ye4oKoEa3Ro9llC/.og/at2.uheWG/igi', NULL, NULL, 'NGtZ8N9luD', NULL, NULL, '2021-08-12 04:01:38', '2021-08-12 04:01:38'),
(53, 'Mr. Joan Hammes Jr.', 'keara.auer@example.com', '2021-08-12 04:01:38', '$2y$10$92IXUNpkjO0rOQ5byMi.Ye4oKoEa3Ro9llC/.og/at2.uheWG/igi', NULL, NULL, 'BOvMAcRwia', NULL, NULL, '2021-08-12 04:01:38', '2021-08-12 04:01:38'),
(54, 'Lois Connelly IV', 'boyd69@example.com', '2021-08-12 04:01:38', '$2y$10$92IXUNpkjO0rOQ5byMi.Ye4oKoEa3Ro9llC/.og/at2.uheWG/igi', NULL, NULL, '1eoc54NEph', NULL, NULL, '2021-08-12 04:01:38', '2021-08-12 04:01:38'),
(55, 'Alyson Zboncak', 'thea.schultz@example.net', '2021-08-12 04:01:38', '$2y$10$92IXUNpkjO0rOQ5byMi.Ye4oKoEa3Ro9llC/.og/at2.uheWG/igi', NULL, NULL, 'vnFXWPmYYI', NULL, NULL, '2021-08-12 04:01:38', '2021-08-12 04:01:38'),
(56, 'Prof. Mohammed Toy', 'awuckert@example.net', '2021-08-12 04:01:38', '$2y$10$92IXUNpkjO0rOQ5byMi.Ye4oKoEa3Ro9llC/.og/at2.uheWG/igi', NULL, NULL, 'cJNRApT6cc', NULL, NULL, '2021-08-12 04:01:38', '2021-08-12 04:01:38'),
(57, 'Prof. Jewel Greenfelder', 'victor81@example.net', '2021-08-12 04:01:38', '$2y$10$92IXUNpkjO0rOQ5byMi.Ye4oKoEa3Ro9llC/.og/at2.uheWG/igi', NULL, NULL, 'fdz9N2BBze', NULL, NULL, '2021-08-12 04:01:38', '2021-08-12 04:01:38'),
(58, 'Ernest Marquardt', 'anya07@example.org', '2021-08-12 04:01:38', '$2y$10$92IXUNpkjO0rOQ5byMi.Ye4oKoEa3Ro9llC/.og/at2.uheWG/igi', NULL, NULL, 'bYoN0wZz7X', NULL, NULL, '2021-08-12 04:01:38', '2021-08-12 04:01:38'),
(59, 'Regan Blanda', 'jonathan.fadel@example.org', '2021-08-12 04:01:38', '$2y$10$92IXUNpkjO0rOQ5byMi.Ye4oKoEa3Ro9llC/.og/at2.uheWG/igi', NULL, NULL, 'hnIuxIcjEq', NULL, NULL, '2021-08-12 04:01:38', '2021-08-12 04:01:38'),
(60, 'Mr. Rashad Dicki', 'brant.waelchi@example.org', '2021-08-12 04:01:38', '$2y$10$92IXUNpkjO0rOQ5byMi.Ye4oKoEa3Ro9llC/.og/at2.uheWG/igi', NULL, NULL, 'VRCpA1yG7Y', NULL, NULL, '2021-08-12 04:01:38', '2021-08-12 04:01:38'),
(61, 'Hope Lynch', 'crawford.west@example.org', '2021-08-12 04:01:38', '$2y$10$92IXUNpkjO0rOQ5byMi.Ye4oKoEa3Ro9llC/.og/at2.uheWG/igi', NULL, NULL, 'rttDA69tDX', NULL, NULL, '2021-08-12 04:01:38', '2021-08-12 04:01:38'),
(62, 'Berta Flatley', 'stroman.wilfrid@example.com', '2021-08-12 04:01:38', '$2y$10$92IXUNpkjO0rOQ5byMi.Ye4oKoEa3Ro9llC/.og/at2.uheWG/igi', NULL, NULL, 'xtuerKZrbJ', NULL, NULL, '2021-08-12 04:01:38', '2021-08-12 04:01:38'),
(63, 'Dr. Ada Rogahn', 'vchamplin@example.org', '2021-08-12 04:01:38', '$2y$10$92IXUNpkjO0rOQ5byMi.Ye4oKoEa3Ro9llC/.og/at2.uheWG/igi', NULL, NULL, 'SCjB4id0jl', NULL, NULL, '2021-08-12 04:01:38', '2021-08-12 04:01:38'),
(64, 'Arvilla Flatley', 'maritza19@example.net', '2021-08-12 04:01:38', '$2y$10$92IXUNpkjO0rOQ5byMi.Ye4oKoEa3Ro9llC/.og/at2.uheWG/igi', NULL, NULL, 'x1dd3kZfxb', NULL, NULL, '2021-08-12 04:01:38', '2021-08-12 04:01:38'),
(65, 'Darrel Schamberger', 'kilback.providenci@example.com', '2021-08-12 04:01:38', '$2y$10$92IXUNpkjO0rOQ5byMi.Ye4oKoEa3Ro9llC/.og/at2.uheWG/igi', NULL, NULL, 'rpRXXQa015', NULL, NULL, '2021-08-12 04:01:38', '2021-08-12 04:01:38'),
(66, 'Brionna Baumbach', 'vstark@example.net', '2021-08-12 04:01:38', '$2y$10$92IXUNpkjO0rOQ5byMi.Ye4oKoEa3Ro9llC/.og/at2.uheWG/igi', NULL, NULL, 'uh4LNqy20Y', NULL, NULL, '2021-08-12 04:01:38', '2021-08-12 04:01:38'),
(67, 'Adam Herman', 'wryan@example.com', '2021-08-12 04:01:38', '$2y$10$92IXUNpkjO0rOQ5byMi.Ye4oKoEa3Ro9llC/.og/at2.uheWG/igi', NULL, NULL, 'KfvN2Sqf3M', NULL, NULL, '2021-08-12 04:01:38', '2021-08-12 04:01:38'),
(68, 'Reece Halvorson II', 'brooklyn15@example.net', '2021-08-12 04:01:38', '$2y$10$92IXUNpkjO0rOQ5byMi.Ye4oKoEa3Ro9llC/.og/at2.uheWG/igi', NULL, NULL, 'eXECMA29kF', NULL, NULL, '2021-08-12 04:01:38', '2021-08-12 04:01:38'),
(69, 'Arvilla Adams DDS', 'kendra09@example.net', '2021-08-12 04:01:38', '$2y$10$92IXUNpkjO0rOQ5byMi.Ye4oKoEa3Ro9llC/.og/at2.uheWG/igi', NULL, NULL, '0MH6UV30wZ', NULL, NULL, '2021-08-12 04:01:38', '2021-08-12 04:01:38'),
(70, 'Mortimer Herzog', 'etromp@example.org', '2021-08-12 04:01:38', '$2y$10$92IXUNpkjO0rOQ5byMi.Ye4oKoEa3Ro9llC/.og/at2.uheWG/igi', NULL, NULL, 'kPwamVn9rl', NULL, NULL, '2021-08-12 04:01:38', '2021-08-12 04:01:38'),
(71, 'Steve Sanford', 'lilla.boyer@example.net', '2021-08-12 04:01:38', '$2y$10$92IXUNpkjO0rOQ5byMi.Ye4oKoEa3Ro9llC/.og/at2.uheWG/igi', NULL, NULL, 'eQZ4w3SyZb', NULL, NULL, '2021-08-12 04:01:38', '2021-08-12 04:01:38'),
(72, 'Nikita Breitenberg', 'veum.jean@example.org', '2021-08-12 04:01:38', '$2y$10$92IXUNpkjO0rOQ5byMi.Ye4oKoEa3Ro9llC/.og/at2.uheWG/igi', NULL, NULL, 'f1uupXCB7N', NULL, NULL, '2021-08-12 04:01:38', '2021-08-12 04:01:38'),
(73, 'Allie Reynolds', 'udickinson@example.com', '2021-08-12 04:01:38', '$2y$10$92IXUNpkjO0rOQ5byMi.Ye4oKoEa3Ro9llC/.og/at2.uheWG/igi', NULL, NULL, 'XZRBzhu5xJ', NULL, NULL, '2021-08-12 04:01:38', '2021-08-12 04:01:38'),
(74, 'Patience Schroeder', 'chanel.cole@example.com', '2021-08-12 04:01:38', '$2y$10$92IXUNpkjO0rOQ5byMi.Ye4oKoEa3Ro9llC/.og/at2.uheWG/igi', NULL, NULL, 'Hag90h2nY2', NULL, NULL, '2021-08-12 04:01:38', '2021-08-12 04:01:38'),
(75, 'Dr. Janet Herzog', 'pfannerstill.landen@example.org', '2021-08-12 04:01:38', '$2y$10$92IXUNpkjO0rOQ5byMi.Ye4oKoEa3Ro9llC/.og/at2.uheWG/igi', NULL, NULL, 'y1O0a1cA5q', NULL, NULL, '2021-08-12 04:01:38', '2021-08-12 04:01:38'),
(76, 'Etha Leffler I', 'hudson.adela@example.org', '2021-08-12 04:01:38', '$2y$10$92IXUNpkjO0rOQ5byMi.Ye4oKoEa3Ro9llC/.og/at2.uheWG/igi', NULL, NULL, 'yFD0UPIQYv', NULL, NULL, '2021-08-12 04:01:38', '2021-08-12 04:01:38'),
(77, 'Dr. Benton Parisian V', 'brekke.marilou@example.com', '2021-08-12 04:01:38', '$2y$10$92IXUNpkjO0rOQ5byMi.Ye4oKoEa3Ro9llC/.og/at2.uheWG/igi', NULL, NULL, 'vckBGbnyJK', NULL, NULL, '2021-08-12 04:01:38', '2021-08-12 04:01:38'),
(78, 'Eulalia Koepp Jr.', 'dejon.abernathy@example.com', '2021-08-12 04:01:38', '$2y$10$92IXUNpkjO0rOQ5byMi.Ye4oKoEa3Ro9llC/.og/at2.uheWG/igi', NULL, NULL, 'aDSAi7UUKj', NULL, NULL, '2021-08-12 04:01:38', '2021-08-12 04:01:38'),
(79, 'Mrs. Aletha Kertzmann II', 'enrico.wilkinson@example.org', '2021-08-12 04:01:38', '$2y$10$92IXUNpkjO0rOQ5byMi.Ye4oKoEa3Ro9llC/.og/at2.uheWG/igi', NULL, NULL, 'UfINkiSjEP', NULL, NULL, '2021-08-12 04:01:38', '2021-08-12 04:01:38'),
(80, 'Miss Frances Buckridge Jr.', 'phyllis64@example.com', '2021-08-12 04:01:38', '$2y$10$92IXUNpkjO0rOQ5byMi.Ye4oKoEa3Ro9llC/.og/at2.uheWG/igi', NULL, NULL, 'kzrVVU5DoD', NULL, NULL, '2021-08-12 04:01:38', '2021-08-12 04:01:38'),
(81, 'Dr. Katelin Turcotte PhD', 'vonrueden.jillian@example.net', '2021-08-12 04:01:38', '$2y$10$92IXUNpkjO0rOQ5byMi.Ye4oKoEa3Ro9llC/.og/at2.uheWG/igi', NULL, NULL, 'UL4a6TPRA9', NULL, NULL, '2021-08-12 04:01:38', '2021-08-12 04:01:38'),
(82, 'Ollie Quigley', 'ward.malika@example.net', '2021-08-12 04:01:38', '$2y$10$92IXUNpkjO0rOQ5byMi.Ye4oKoEa3Ro9llC/.og/at2.uheWG/igi', NULL, NULL, 's7NpKPUNea', NULL, NULL, '2021-08-12 04:01:38', '2021-08-12 04:01:38'),
(83, 'Moses Bruen', 'emiliano.haley@example.com', '2021-08-12 04:01:38', '$2y$10$92IXUNpkjO0rOQ5byMi.Ye4oKoEa3Ro9llC/.og/at2.uheWG/igi', NULL, NULL, 'YJWR1Nlb8w', NULL, NULL, '2021-08-12 04:01:38', '2021-08-12 04:01:38'),
(84, 'Wyman Little', 'adan51@example.net', '2021-08-12 04:01:38', '$2y$10$92IXUNpkjO0rOQ5byMi.Ye4oKoEa3Ro9llC/.og/at2.uheWG/igi', NULL, NULL, 'uZG1dGpAIT', NULL, NULL, '2021-08-12 04:01:38', '2021-08-12 04:01:38'),
(85, 'Houston Gusikowski', 'mariela.vandervort@example.net', '2021-08-12 04:01:38', '$2y$10$92IXUNpkjO0rOQ5byMi.Ye4oKoEa3Ro9llC/.og/at2.uheWG/igi', NULL, NULL, '9siYsnN8dl', NULL, NULL, '2021-08-12 04:01:38', '2021-08-12 04:01:38'),
(86, 'Alfred Schowalter', 'wyman.christophe@example.net', '2021-08-12 04:01:38', '$2y$10$92IXUNpkjO0rOQ5byMi.Ye4oKoEa3Ro9llC/.og/at2.uheWG/igi', NULL, NULL, 'HWMOUGnCsL', NULL, NULL, '2021-08-12 04:01:38', '2021-08-12 04:01:38'),
(87, 'Jaren Denesik', 'lucy68@example.com', '2021-08-12 04:01:38', '$2y$10$92IXUNpkjO0rOQ5byMi.Ye4oKoEa3Ro9llC/.og/at2.uheWG/igi', NULL, NULL, '4hb1FT9sXS', NULL, NULL, '2021-08-12 04:01:38', '2021-08-12 04:01:38'),
(88, 'Mac Rowe PhD', 'xdicki@example.net', '2021-08-12 04:01:38', '$2y$10$92IXUNpkjO0rOQ5byMi.Ye4oKoEa3Ro9llC/.og/at2.uheWG/igi', NULL, NULL, '7ZXqn7SQ1C', NULL, NULL, '2021-08-12 04:01:38', '2021-08-12 04:01:38'),
(89, 'Carley Glover', 'uswaniawski@example.net', '2021-08-12 04:01:38', '$2y$10$92IXUNpkjO0rOQ5byMi.Ye4oKoEa3Ro9llC/.og/at2.uheWG/igi', NULL, NULL, 'YuIBGNEbJB', NULL, NULL, '2021-08-12 04:01:38', '2021-08-12 04:01:38'),
(90, 'Diego Lubowitz', 'srempel@example.com', '2021-08-12 04:01:38', '$2y$10$92IXUNpkjO0rOQ5byMi.Ye4oKoEa3Ro9llC/.og/at2.uheWG/igi', NULL, NULL, 'Byhs6ivHvo', NULL, NULL, '2021-08-12 04:01:38', '2021-08-12 04:01:38'),
(91, 'Serena Botsford', 'karley.hayes@example.org', '2021-08-12 04:01:38', '$2y$10$92IXUNpkjO0rOQ5byMi.Ye4oKoEa3Ro9llC/.og/at2.uheWG/igi', NULL, NULL, 'eHh82tCCcc', NULL, NULL, '2021-08-12 04:01:38', '2021-08-12 04:01:38'),
(92, 'Lenora Robel', 'apfeffer@example.net', '2021-08-12 04:01:38', '$2y$10$92IXUNpkjO0rOQ5byMi.Ye4oKoEa3Ro9llC/.og/at2.uheWG/igi', NULL, NULL, 'idyVFO01f5', NULL, NULL, '2021-08-12 04:01:38', '2021-08-12 04:01:38'),
(93, 'Antonietta Lockman', 'maltenwerth@example.net', '2021-08-12 04:01:38', '$2y$10$92IXUNpkjO0rOQ5byMi.Ye4oKoEa3Ro9llC/.og/at2.uheWG/igi', NULL, NULL, 'tY3VrZM7fI', NULL, NULL, '2021-08-12 04:01:38', '2021-08-12 04:01:38'),
(94, 'Asia Moen', 'ybins@example.net', '2021-08-12 04:01:38', '$2y$10$92IXUNpkjO0rOQ5byMi.Ye4oKoEa3Ro9llC/.og/at2.uheWG/igi', NULL, NULL, 'Y62bkgNo6W', NULL, NULL, '2021-08-12 04:01:38', '2021-08-12 04:01:38'),
(95, 'Josefa Okuneva', 'nella.murray@example.net', '2021-08-12 04:01:38', '$2y$10$92IXUNpkjO0rOQ5byMi.Ye4oKoEa3Ro9llC/.og/at2.uheWG/igi', NULL, NULL, 'f4qkTgXwm6', NULL, NULL, '2021-08-12 04:01:38', '2021-08-12 04:01:38'),
(96, 'Kelton Senger I', 'mozell42@example.net', '2021-08-12 04:01:38', '$2y$10$92IXUNpkjO0rOQ5byMi.Ye4oKoEa3Ro9llC/.og/at2.uheWG/igi', NULL, NULL, 'xvS5sfQ3Ar', NULL, NULL, '2021-08-12 04:01:38', '2021-08-12 04:01:38'),
(97, 'Prof. Cielo Huels DDS', 'jeffrey.gutkowski@example.net', '2021-08-12 04:01:38', '$2y$10$92IXUNpkjO0rOQ5byMi.Ye4oKoEa3Ro9llC/.og/at2.uheWG/igi', NULL, NULL, 'sqCT9fyQcW', NULL, NULL, '2021-08-12 04:01:38', '2021-08-12 04:01:38'),
(98, 'Esperanza Bogan', 'king.karli@example.net', '2021-08-12 04:01:38', '$2y$10$92IXUNpkjO0rOQ5byMi.Ye4oKoEa3Ro9llC/.og/at2.uheWG/igi', NULL, NULL, 'sEcc4fr3sv', NULL, NULL, '2021-08-12 04:01:38', '2021-08-12 04:01:38'),
(99, 'Ethyl Jones DVM', 'andres.fisher@example.net', '2021-08-12 04:01:38', '$2y$10$92IXUNpkjO0rOQ5byMi.Ye4oKoEa3Ro9llC/.og/at2.uheWG/igi', NULL, NULL, '89Qer5ubT0', NULL, NULL, '2021-08-12 04:01:38', '2021-08-12 04:01:38'),
(100, 'Rhiannon Herzog', 'dimitri.spencer@example.net', '2021-08-12 04:01:38', '$2y$10$92IXUNpkjO0rOQ5byMi.Ye4oKoEa3Ro9llC/.og/at2.uheWG/igi', NULL, NULL, 'qxkXyZ2k4q', NULL, NULL, '2021-08-12 04:01:38', '2021-08-12 04:01:38'),
(101, 'Prof. Baron Ratke IV', 'flavie85@example.org', '2021-08-12 04:01:38', '$2y$10$92IXUNpkjO0rOQ5byMi.Ye4oKoEa3Ro9llC/.og/at2.uheWG/igi', NULL, NULL, 'TOCGXTTRhM', NULL, NULL, '2021-08-12 04:01:38', '2021-08-12 04:01:38'),
(102, 'Francisco Pinto', 'francisco.pintofd@gmail.com', NULL, '$2y$10$zrPnPe0VXPxPmbLKbVvHD.b1tVXS7rf8qLE/xedcUFGRH.fBmsQb.', NULL, NULL, NULL, NULL, NULL, '2021-08-13 04:22:55', '2021-08-13 04:22:55');

--
-- Restricciones para tablas volcadas
--

--
-- Filtros para la tabla `brand_category`
--
ALTER TABLE `brand_category`
  ADD CONSTRAINT `brand_category_brand_id_foreign` FOREIGN KEY (`brand_id`) REFERENCES `brands` (`id`) ON DELETE CASCADE,
  ADD CONSTRAINT `brand_category_category_id_foreign` FOREIGN KEY (`category_id`) REFERENCES `categories` (`id`) ON DELETE CASCADE;

--
-- Filtros para la tabla `cities`
--
ALTER TABLE `cities`
  ADD CONSTRAINT `cities_department_id_foreign` FOREIGN KEY (`department_id`) REFERENCES `departments` (`id`) ON DELETE CASCADE;

--
-- Filtros para la tabla `color_product`
--
ALTER TABLE `color_product`
  ADD CONSTRAINT `color_product_color_id_foreign` FOREIGN KEY (`color_id`) REFERENCES `colors` (`id`) ON DELETE CASCADE,
  ADD CONSTRAINT `color_product_product_id_foreign` FOREIGN KEY (`product_id`) REFERENCES `products` (`id`) ON DELETE CASCADE;

--
-- Filtros para la tabla `color_size`
--
ALTER TABLE `color_size`
  ADD CONSTRAINT `color_size_color_id_foreign` FOREIGN KEY (`color_id`) REFERENCES `colors` (`id`) ON DELETE CASCADE,
  ADD CONSTRAINT `color_size_size_id_foreign` FOREIGN KEY (`size_id`) REFERENCES `sizes` (`id`) ON DELETE CASCADE;

--
-- Filtros para la tabla `districts`
--
ALTER TABLE `districts`
  ADD CONSTRAINT `districts_city_id_foreign` FOREIGN KEY (`city_id`) REFERENCES `cities` (`id`) ON DELETE CASCADE;

--
-- Filtros para la tabla `model_has_permissions`
--
ALTER TABLE `model_has_permissions`
  ADD CONSTRAINT `model_has_permissions_permission_id_foreign` FOREIGN KEY (`permission_id`) REFERENCES `permissions` (`id`) ON DELETE CASCADE;

--
-- Filtros para la tabla `model_has_roles`
--
ALTER TABLE `model_has_roles`
  ADD CONSTRAINT `model_has_roles_role_id_foreign` FOREIGN KEY (`role_id`) REFERENCES `roles` (`id`) ON DELETE CASCADE;

--
-- Filtros para la tabla `orders`
--
ALTER TABLE `orders`
  ADD CONSTRAINT `orders_user_id_foreign` FOREIGN KEY (`user_id`) REFERENCES `users` (`id`);

--
-- Filtros para la tabla `products`
--
ALTER TABLE `products`
  ADD CONSTRAINT `products_brand_id_foreign` FOREIGN KEY (`brand_id`) REFERENCES `brands` (`id`) ON DELETE CASCADE,
  ADD CONSTRAINT `products_subcategory_id_foreign` FOREIGN KEY (`subcategory_id`) REFERENCES `subcategories` (`id`) ON DELETE CASCADE;

--
-- Filtros para la tabla `role_has_permissions`
--
ALTER TABLE `role_has_permissions`
  ADD CONSTRAINT `role_has_permissions_permission_id_foreign` FOREIGN KEY (`permission_id`) REFERENCES `permissions` (`id`) ON DELETE CASCADE,
  ADD CONSTRAINT `role_has_permissions_role_id_foreign` FOREIGN KEY (`role_id`) REFERENCES `roles` (`id`) ON DELETE CASCADE;

--
-- Filtros para la tabla `sizes`
--
ALTER TABLE `sizes`
  ADD CONSTRAINT `sizes_product_id_foreign` FOREIGN KEY (`product_id`) REFERENCES `products` (`id`) ON DELETE CASCADE;

--
-- Filtros para la tabla `subcategories`
--
ALTER TABLE `subcategories`
  ADD CONSTRAINT `subcategories_category_id_foreign` FOREIGN KEY (`category_id`) REFERENCES `categories` (`id`) ON DELETE CASCADE;
COMMIT;

/*!40101 SET CHARACTER_SET_CLIENT=@OLD_CHARACTER_SET_CLIENT */;
/*!40101 SET CHARACTER_SET_RESULTS=@OLD_CHARACTER_SET_RESULTS */;
/*!40101 SET COLLATION_CONNECTION=@OLD_COLLATION_CONNECTION */;
